unix_seconds,job,dataset,factors,seed,gpu_used_mib,gpu_util_percent
1791387496.3234208,2,tum-desk,000,7,349.0,13.0
1791387497.396081,2,tum-desk,000,7,351.0,40.0
1791387498.4255981,2,tum-desk,000,7,351.0,62.0
1791387499.4542053,2,tum-desk,000,7,363.0,63.0
1791387500.4834764,2,tum-desk,000,7,365.0,44.0
1791387501.5261736,2,tum-desk,000,7,365.0,2.0
1791387502.5576274,2,tum-desk,000,7,409.0,67.0
1791387503.5875285,2,tum-desk,000,7,409.0,62.0
1791387504.6191404,2,tum-desk,000,7,411.0,60.0
1791387505.6472342,2,tum-desk,000,7,413.0,79.0
1791387506.6768343,2,tum-desk,000,7,417.0,79.0
1791387507.7176461,2,tum-desk,000,7,417.0,78.0
1791387508.7720463,2,tum-desk,000,7,397.0,81.0
1791387509.8280954,2,tum-desk,000,7,419.0,60.0
1791387510.8599002,2,tum-desk,000,7,399.0,51.0
1791387511.89044,2,tum-desk,000,7,425.0,69.0
1791387512.916582,2,tum-desk,000,7,403.0,63.0
1791387513.9463255,2,tum-desk,000,7,425.0,78.0
1791387514.9761634,2,tum-desk,000,7,431.0,35.0
1791387516.0047908,2,tum-desk,000,7,435.0,7.0
1791387517.0335538,2,tum-desk,000,7,547.0,51.0
1791387518.064904,2,tum-desk,000,7,549.0,78.0
1791387519.0960171,2,tum-desk,000,7,549.0,69.0
1791387520.125722,2,tum-desk,000,7,465.0,77.0
1791387521.1820421,2,tum-desk,000,7,465.0,49.0
1791387522.2365923,2,tum-desk,000,7,493.0,59.0
1791387523.2816706,2,tum-desk,000,7,493.0,60.0
1791387524.3115542,2,tum-desk,000,7,459.0,78.0
1791387525.3382132,2,tum-desk,000,7,491.0,73.0
1791387526.366799,2,tum-desk,000,7,491.0,72.0
1791387527.3947358,2,tum-desk,000,7,495.0,69.0
1791387528.4229348,2,tum-desk,000,7,495.0,66.0
1791387529.4522443,2,tum-desk,000,7,493.0,80.0
1791387530.4826007,2,tum-desk,000,7,495.0,75.0
1791387531.511581,2,tum-desk,000,7,499.0,15.0
1791387532.543902,2,tum-desk,000,7,505.0,14.0
1791387533.5727923,2,tum-desk,000,7,491.0,7.0
1791387534.6257658,2,tum-desk,000,7,531.0,57.0
1791387535.6794004,2,tum-desk,000,7,535.0,36.0
1791387536.7260766,2,tum-desk,000,7,501.0,65.0
1791387537.7539096,2,tum-desk,000,7,501.0,67.0
1791387538.782432,2,tum-desk,000,7,503.0,68.0
1791387539.8136406,2,tum-desk,000,7,507.0,58.0
1791387540.8449502,2,tum-desk,000,7,507.0,61.0
1791387541.8721426,2,tum-desk,000,7,505.0,79.0
1791387542.9027424,2,tum-desk,000,7,509.0,77.0
1791387543.9349043,2,tum-desk,000,7,511.0,69.0
1791387544.962883,2,tum-desk,000,7,511.0,59.0
1791387545.9923275,2,tum-desk,000,7,513.0,53.0
1791387547.050705,2,tum-desk,000,7,513.0,70.0
1791387548.1045547,2,tum-desk,000,7,519.0,41.0
1791387549.1467338,2,tum-desk,000,7,519.0,21.0
1791387550.1860332,2,tum-desk,000,7,519.0,24.0
1791387551.2157187,2,tum-desk,000,7,519.0,32.0
1791387552.2423751,2,tum-desk,000,7,519.0,0.0
1791387553.2830055,2,tum-desk,000,7,507.0,0.0
1791387554.3106,3,tum-desk,101,7,3.0,0.0
1791387555.3467395,3,tum-desk,101,7,3.0,0.0
1791387556.378454,3,tum-desk,101,7,3.0,0.0
1791387557.4095457,3,tum-desk,101,7,3.0,0.0
1791387558.4412796,3,tum-desk,101,7,3.0,0.0
1791387559.4738638,3,tum-desk,101,7,3.0,0.0
1791387560.520014,3,tum-desk,101,7,127.0,0.0
1791387561.569082,3,tum-desk,101,7,127.0,0.0
1791387562.6131625,3,tum-desk,101,7,237.0,12.0
1791387563.6424408,3,tum-desk,101,7,239.0,56.0
1791387564.671955,3,tum-desk,101,7,243.0,64.0
1791387565.7011602,3,tum-desk,101,7,267.0,58.0
1791387566.7297988,3,tum-desk,101,7,267.0,63.0
1791387567.7588274,3,tum-desk,101,7,267.0,61.0
1791387568.788091,3,tum-desk,101,7,269.0,67.0
1791387569.8168802,3,tum-desk,101,7,305.0,46.0
1791387570.845236,3,tum-desk,101,7,307.0,70.0
1791387571.8744278,3,tum-desk,101,7,305.0,72.0
1791387572.9025278,3,tum-desk,101,7,327.0,73.0
1791387573.9590733,3,tum-desk,101,7,327.0,55.0
1791387575.0119963,3,tum-desk,101,7,307.0,72.0
1791387576.0561345,3,tum-desk,101,7,307.0,62.0
1791387577.090595,3,tum-desk,101,7,307.0,68.0
1791387578.1228302,3,tum-desk,101,7,307.0,46.0
1791387579.1499329,3,tum-desk,101,7,347.0,19.0
1791387580.1798556,3,tum-desk,101,7,347.0,47.0
1791387581.2143333,3,tum-desk,101,7,331.0,55.0
1791387582.245215,3,tum-desk,101,7,347.0,65.0
1791387583.274291,3,tum-desk,101,7,345.0,64.0
1791387584.304098,3,tum-desk,101,7,361.0,64.0
1791387585.333893,3,tum-desk,101,7,347.0,48.0
1791387586.3875706,3,tum-desk,101,7,339.0,65.0
1791387587.4534516,3,tum-desk,101,7,361.0,51.0
1791387588.4993284,3,tum-desk,101,7,343.0,55.0
1791387589.525629,3,tum-desk,101,7,359.0,57.0
1791387590.576409,3,tum-desk,101,7,361.0,7.0
1791387591.606167,3,tum-desk,101,7,411.0,0.0
1791387592.6369321,3,tum-desk,101,7,417.0,78.0
1791387593.666827,3,tum-desk,101,7,417.0,60.0
1791387594.696982,3,tum-desk,101,7,417.0,69.0
1791387595.7254133,3,tum-desk,101,7,417.0,77.0
1791387596.7537107,3,tum-desk,101,7,425.0,64.0
1791387597.7806103,3,tum-desk,101,7,425.0,76.0
1791387598.8094456,3,tum-desk,101,7,401.0,67.0
1791387599.8877273,3,tum-desk,101,7,427.0,62.0
1791387600.9370525,3,tum-desk,101,7,425.0,78.0
1791387601.9786975,3,tum-desk,101,7,429.0,46.0
1791387603.009086,3,tum-desk,101,7,407.0,63.0
1791387604.0391395,3,tum-desk,101,7,431.0,73.0
1791387605.068728,3,tum-desk,101,7,431.0,71.0
1791387606.0990205,3,tum-desk,101,7,431.0,11.0
1791387607.1310449,3,tum-desk,101,7,485.0,44.0
1791387608.157673,3,tum-desk,101,7,489.0,61.0
1791387609.1860912,3,tum-desk,101,7,489.0,79.0
1791387610.2144341,3,tum-desk,101,7,469.0,73.0
1791387611.2420733,3,tum-desk,101,7,475.0,55.0
1791387612.2732835,3,tum-desk,101,7,493.0,69.0
1791387613.3490734,3,tum-desk,101,7,497.0,62.0
1791387614.3991337,3,tum-desk,101,7,497.0,71.0
1791387615.4420118,3,tum-desk,101,7,475.0,72.0
1791387616.4750593,3,tum-desk,101,7,477.0,61.0
1791387617.5028806,3,tum-desk,101,7,475.0,66.0
1791387618.5332608,3,tum-desk,101,7,481.0,69.0
1791387619.5616717,3,tum-desk,101,7,481.0,69.0
1791387620.5914538,3,tum-desk,101,7,481.0,79.0
1791387621.620377,3,tum-desk,101,7,481.0,60.0
1791387622.667046,3,tum-desk,101,7,485.0,4.0
1791387623.7049098,3,tum-desk,101,7,485.0,4.0
1791387624.7349179,3,tum-desk,101,7,455.0,1.0
1791387625.7906213,3,tum-desk,101,7,515.0,62.0
1791387626.8420758,3,tum-desk,101,7,515.0,68.0
1791387627.9056737,3,tum-desk,101,7,501.0,70.0
1791387628.9367857,3,tum-desk,101,7,501.0,70.0
1791387629.969522,3,tum-desk,101,7,505.0,65.0
1791387631.0002658,3,tum-desk,101,7,505.0,67.0
1791387632.030028,3,tum-desk,101,7,535.0,68.0
1791387633.0590816,3,tum-desk,101,7,537.0,66.0
1791387634.0882418,3,tum-desk,101,7,537.0,76.0
1791387635.1175578,3,tum-desk,101,7,497.0,60.0
1791387636.149422,3,tum-desk,101,7,497.0,60.0
1791387637.1783059,3,tum-desk,101,7,497.0,60.0
1791387638.2062972,3,tum-desk,101,7,497.0,60.0
1791387639.2570763,3,tum-desk,101,7,505.0,4.0
1791387640.316312,3,tum-desk,101,7,505.0,4.0
1791387641.3716695,3,tum-desk,101,7,505.0,8.0
1791387642.3990986,3,tum-desk,101,7,505.0,5.0
1791387643.4265654,4,tum-desk,010,7,3.0,0.0
1791387644.4644246,4,tum-desk,010,7,3.0,0.0
1791387645.505698,4,tum-desk,010,7,3.0,0.0
1791387646.5580904,4,tum-desk,010,7,3.0,0.0
1791387647.6059792,4,tum-desk,010,7,3.0,0.0
1791387648.6453035,4,tum-desk,010,7,3.0,0.0
1791387649.706003,4,tum-desk,010,7,13.0,0.0
1791387650.7354047,4,tum-desk,010,7,127.0,0.0
1791387651.7655258,4,tum-desk,010,7,237.0,31.0
1791387652.818079,4,tum-desk,010,7,239.0,33.0
1791387653.8768702,4,tum-desk,010,7,245.0,48.0
1791387654.9177282,4,tum-desk,010,7,269.0,46.0
1791387655.946497,4,tum-desk,010,7,249.0,55.0
1791387656.975321,4,tum-desk,010,7,269.0,65.0
1791387658.0080392,4,tum-desk,010,7,271.0,67.0
1791387659.0351088,4,tum-desk,010,7,307.0,5.0
1791387660.0624888,4,tum-desk,010,7,307.0,66.0
1791387661.0897596,4,tum-desk,010,7,309.0,76.0
1791387662.1219285,4,tum-desk,010,7,307.0,78.0
1791387663.1495218,4,tum-desk,010,7,305.0,75.0
1791387664.1787763,4,tum-desk,010,7,307.0,72.0
1791387665.230741,4,tum-desk,010,7,309.0,73.0
1791387666.282844,4,tum-desk,010,7,307.0,63.0
1791387667.3383725,4,tum-desk,010,7,307.0,5.0
1791387668.3705065,4,tum-desk,010,7,349.0,1.0
1791387669.3983223,4,tum-desk,010,7,351.0,45.0
1791387670.4296656,4,tum-desk,010,7,351.0,67.0
1791387671.4603448,4,tum-desk,010,7,351.0,54.0
1791387672.490661,4,tum-desk,010,7,349.0,65.0
1791387673.520047,4,tum-desk,010,7,347.0,51.0
1791387674.5488672,4,tum-desk,010,7,349.0,61.0
1791387675.5789232,4,tum-desk,010,7,345.0,76.0
1791387676.6096392,4,tum-desk,010,7,347.0,70.0
1791387677.6386297,4,tum-desk,010,7,359.0,72.0
1791387678.693089,4,tum-desk,010,7,361.0,46.0
1791387679.7424664,4,tum-desk,010,7,363.0,9.0
1791387680.7940683,4,tum-desk,010,7,409.0,56.0
1791387681.824119,4,tum-desk,010,7,429.0,62.0
1791387682.8544946,4,tum-desk,010,7,431.0,74.0
1791387683.88229,4,tum-desk,010,7,413.0,70.0
1791387684.9089768,4,tum-desk,010,7,413.0,72.0
1791387685.9363163,4,tum-desk,010,7,419.0,73.0
1791387686.9634724,4,tum-desk,010,7,421.0,78.0
1791387687.9917245,4,tum-desk,010,7,401.0,59.0
1791387689.018977,4,tum-desk,010,7,423.0,76.0
1791387690.0471878,4,tum-desk,010,7,427.0,70.0
1791387691.0790818,4,tum-desk,010,7,427.0,64.0
1791387692.1320422,4,tum-desk,010,7,425.0,67.0
1791387693.171108,4,tum-desk,010,7,427.0,71.0
1791387694.218041,4,tum-desk,010,7,429.0,33.0
1791387695.2640526,4,tum-desk,010,7,435.0,12.0
1791387696.2925842,4,tum-desk,010,7,505.0,66.0
1791387697.3207977,4,tum-desk,010,7,507.0,81.0
1791387698.3502598,4,tum-desk,010,7,509.0,81.0
1791387699.378971,4,tum-desk,010,7,475.0,65.0
1791387700.4082737,4,tum-desk,010,7,475.0,70.0
1791387701.43681,4,tum-desk,010,7,495.0,67.0
1791387702.463156,4,tum-desk,010,7,497.0,71.0
1791387703.4894958,4,tum-desk,010,7,473.0,73.0
1791387704.5257854,4,tum-desk,010,7,477.0,67.0
1791387705.5861127,4,tum-desk,010,7,479.0,72.0
1791387706.6645408,4,tum-desk,010,7,483.0,47.0
1791387707.6923835,4,tum-desk,010,7,483.0,56.0
1791387708.719521,4,tum-desk,010,7,503.0,67.0
1791387709.7499256,4,tum-desk,010,7,505.0,81.0
1791387710.77822,4,tum-desk,010,7,507.0,62.0
1791387711.8074281,4,tum-desk,010,7,509.0,18.0
1791387712.8417833,4,tum-desk,010,7,509.0,20.0
1791387713.8709784,4,tum-desk,010,7,515.0,45.0
1791387714.899511,4,tum-desk,010,7,517.0,55.0
1791387715.9346902,4,tum-desk,010,7,481.0,67.0
1791387716.9626029,4,tum-desk,010,7,513.0,69.0
1791387718.0160828,4,tum-desk,010,7,485.0,69.0
1791387719.0731285,4,tum-desk,010,7,489.0,70.0
1791387720.1200075,4,tum-desk,010,7,521.0,68.0
1791387721.147237,4,tum-desk,010,7,525.0,70.0
1791387722.1756594,4,tum-desk,010,7,527.0,70.0
1791387723.203983,4,tum-desk,010,7,521.0,69.0
1791387724.2340426,4,tum-desk,010,7,521.0,75.0
1791387725.2613215,4,tum-desk,010,7,521.0,53.0
1791387726.292718,4,tum-desk,010,7,521.0,64.0
1791387727.3215032,4,tum-desk,010,7,525.0,5.0
1791387728.349578,4,tum-desk,010,7,525.0,17.0
1791387729.380389,4,tum-desk,010,7,527.0,23.0
1791387730.40828,5,tum-desk,110,7,3.0,0.0
1791387731.4612963,5,tum-desk,110,7,3.0,0.0
1791387732.512037,5,tum-desk,110,7,3.0,0.0
1791387733.5690007,5,tum-desk,110,7,3.0,0.0
1791387734.6011171,5,tum-desk,110,7,3.0,0.0
1791387735.6339285,5,tum-desk,110,7,3.0,0.0
1791387736.6663256,5,tum-desk,110,7,3.0,0.0
1791387737.6977453,5,tum-desk,110,7,3.0,0.0
1791387738.7243805,5,tum-desk,110,7,127.0,0.0
1791387739.758529,5,tum-desk,110,7,237.0,10.0
1791387740.7887738,5,tum-desk,110,7,239.0,60.0
1791387741.827338,5,tum-desk,110,7,245.0,59.0
1791387742.8653023,5,tum-desk,110,7,269.0,60.0
1791387743.9184458,5,tum-desk,110,7,269.0,39.0
1791387744.9736068,5,tum-desk,110,7,269.0,51.0
1791387746.0410833,5,tum-desk,110,7,271.0,54.0
1791387747.070968,5,tum-desk,110,7,271.0,32.0
1791387748.0987446,5,tum-desk,110,7,305.0,57.0
1791387749.1297562,5,tum-desk,110,7,305.0,73.0
1791387750.1583674,5,tum-desk,110,7,327.0,70.0
1791387751.187389,5,tum-desk,110,7,305.0,74.0
1791387752.2162116,5,tum-desk,110,7,307.0,68.0
1791387753.2465827,5,tum-desk,110,7,307.0,66.0
1791387754.2762592,5,tum-desk,110,7,327.0,62.0
1791387755.3085673,5,tum-desk,110,7,329.0,72.0
1791387756.3478951,5,tum-desk,110,7,329.0,6.0
1791387757.3960345,5,tum-desk,110,7,373.0,48.0
1791387758.4460757,5,tum-desk,110,7,373.0,46.0
1791387759.5100448,5,tum-desk,110,7,359.0,59.0
1791387760.538299,5,tum-desk,110,7,345.0,74.0
1791387761.565665,5,tum-desk,110,7,355.0,59.0
1791387762.5938334,5,tum-desk,110,7,369.0,69.0
1791387763.622793,5,tum-desk,110,7,369.0,65.0
1791387764.651305,5,tum-desk,110,7,347.0,71.0
1791387765.6836743,5,tum-desk,110,7,357.0,70.0
1791387766.7133074,5,tum-desk,110,7,361.0,56.0
1791387767.7410443,5,tum-desk,110,7,365.0,9.0
1791387768.7682145,5,tum-desk,110,7,389.0,5.0
1791387769.7963963,5,tum-desk,110,7,431.0,64.0
1791387770.8617437,5,tum-desk,110,7,431.0,42.0
1791387771.9034445,5,tum-desk,110,7,401.0,43.0
1791387772.9410524,5,tum-desk,110,7,423.0,57.0
1791387773.97003,5,tum-desk,110,7,399.0,60.0
1791387774.9987783,5,tum-desk,110,7,423.0,83.0
1791387776.0261934,5,tum-desk,110,7,377.0,74.0
1791387777.0587332,5,tum-desk,110,7,407.0,50.0
1791387778.0901496,5,tum-desk,110,7,427.0,76.0
1791387779.1244574,5,tum-desk,110,7,431.0,60.0
1791387780.1536868,5,tum-desk,110,7,431.0,67.0
1791387781.181764,5,tum-desk,110,7,409.0,82.0
1791387782.2132998,5,tum-desk,110,7,409.0,58.0
1791387783.2790742,5,tum-desk,110,7,413.0,3.0
1791387784.3320398,5,tum-desk,110,7,413.0,9.0
1791387785.399054,5,tum-desk,110,7,491.0,61.0
1791387786.4299743,5,tum-desk,110,7,491.0,56.0
1791387787.4587636,5,tum-desk,110,7,491.0,64.0
1791387788.4900224,5,tum-desk,110,7,479.0,62.0
1791387789.521711,5,tum-desk,110,7,479.0,80.0
1791387790.5514266,5,tum-desk,110,7,501.0,80.0
1791387791.5817108,5,tum-desk,110,7,505.0,79.0
1791387792.6118863,5,tum-desk,110,7,447.0,68.0
1791387793.6428826,5,tum-desk,110,7,479.0,77.0
1791387794.6735015,5,tum-desk,110,7,481.0,85.0
1791387795.7028863,5,tum-desk,110,7,481.0,59.0
1791387796.7553902,5,tum-desk,110,7,481.0,51.0
1791387797.8056004,5,tum-desk,110,7,451.0,64.0
1791387798.852413,5,tum-desk,110,7,479.0,45.0
1791387799.8805163,5,tum-desk,110,7,481.0,74.0
1791387800.9244244,5,tum-desk,110,7,487.0,4.0
1791387801.9551508,5,tum-desk,110,7,487.0,13.0
1791387802.985688,5,tum-desk,110,7,515.0,54.0
1791387804.0172536,5,tum-desk,110,7,523.0,53.0
1791387805.0450482,5,tum-desk,110,7,523.0,67.0
1791387806.0736418,5,tum-desk,110,7,513.0,59.0
1791387807.1053898,5,tum-desk,110,7,513.0,66.0
1791387808.1339962,5,tum-desk,110,7,485.0,69.0
1791387809.1650891,5,tum-desk,110,7,517.0,82.0
1791387810.223344,5,tum-desk,110,7,511.0,75.0
1791387811.2770584,5,tum-desk,110,7,513.0,46.0
1791387812.3272557,5,tum-desk,110,7,469.0,64.0
1791387813.355847,5,tum-desk,110,7,501.0,72.0
1791387814.3853536,5,tum-desk,110,7,503.0,64.0
1791387815.4125097,5,tum-desk,110,7,503.0,61.0
1791387816.445354,5,tum-desk,110,7,503.0,67.0
1791387817.474609,5,tum-desk,110,7,507.0,20.0
1791387818.5032723,5,tum-desk,110,7,507.0,15.0
1791387819.5315008,5,tum-desk,110,7,509.0,5.0
1791387820.5589635,6,tum-desk,001,7,3.0,11.0
1791387821.5861492,6,tum-desk,001,7,3.0,0.0
1791387822.6400318,6,tum-desk,001,7,3.0,0.0
1791387823.6925058,6,tum-desk,001,7,3.0,0.0
1791387824.7580457,6,tum-desk,001,7,3.0,0.0
1791387825.7934048,6,tum-desk,001,7,3.0,0.0
1791387826.8259742,6,tum-desk,001,7,3.0,0.0
1791387827.8566277,6,tum-desk,001,7,3.0,0.0
1791387828.8835552,6,tum-desk,001,7,127.0,0.0
1791387829.9140549,6,tum-desk,001,7,237.0,17.0
1791387830.9424944,6,tum-desk,001,7,239.0,56.0
1791387831.9749365,6,tum-desk,001,7,243.0,61.0
1791387833.0078506,6,tum-desk,001,7,247.0,60.0
1791387834.035977,6,tum-desk,001,7,267.0,63.0
1791387835.066492,6,tum-desk,001,7,267.0,62.0
1791387836.120307,6,tum-desk,001,7,267.0,56.0
1791387837.1990745,6,tum-desk,001,7,307.0,33.0
1791387838.2456074,6,tum-desk,001,7,307.0,56.0
1791387839.2734885,6,tum-desk,001,7,347.0,74.0
1791387840.3004775,6,tum-desk,001,7,305.0,70.0
1791387841.3281896,6,tum-desk,001,7,307.0,79.0
1791387842.358073,6,tum-desk,001,7,307.0,77.0
1791387843.3866434,6,tum-desk,001,7,327.0,77.0
1791387844.4137363,6,tum-desk,001,7,327.0,76.0
1791387845.4424376,6,tum-desk,001,7,327.0,6.0
1791387846.4717584,6,tum-desk,001,7,341.0,38.0
1791387847.4979787,6,tum-desk,001,7,343.0,57.0
1791387848.5276892,6,tum-desk,001,7,357.0,67.0
1791387849.580766,6,tum-desk,001,7,357.0,67.0
1791387850.6314223,6,tum-desk,001,7,355.0,45.0
1791387851.6608357,6,tum-desk,001,7,357.0,49.0
1791387852.6892152,6,tum-desk,001,7,361.0,60.0
1791387853.7175279,6,tum-desk,001,7,345.0,47.0
1791387854.7476654,6,tum-desk,001,7,365.0,66.0
1791387855.777267,6,tum-desk,001,7,361.0,77.0
1791387856.805074,6,tum-desk,001,7,361.0,73.0
1791387857.834035,6,tum-desk,001,7,361.0,9.0
1791387858.8614867,6,tum-desk,001,7,425.0,61.0
1791387859.8896258,6,tum-desk,001,7,425.0,64.0
1791387860.9195378,6,tum-desk,001,7,403.0,62.0
1791387861.9670782,6,tum-desk,001,7,405.0,60.0
1791387863.025323,6,tum-desk,001,7,427.0,54.0
1791387864.085648,6,tum-desk,001,7,427.0,45.0
1791387865.1165276,6,tum-desk,001,7,427.0,67.0
1791387866.1444514,6,tum-desk,001,7,403.0,70.0
1791387867.1722422,6,tum-desk,001,7,405.0,68.0
1791387868.2014372,6,tum-desk,001,7,411.0,53.0
1791387869.2346618,6,tum-desk,001,7,411.0,59.0
1791387870.261499,6,tum-desk,001,7,413.0,56.0
1791387871.2894487,6,tum-desk,001,7,415.0,68.0
1791387872.320484,6,tum-desk,001,7,419.0,9.0
1791387873.3486483,6,tum-desk,001,7,421.0,6.0
1791387874.383352,6,tum-desk,001,7,515.0,57.0
1791387875.4340749,6,tum-desk,001,7,515.0,70.0
1791387876.4878917,6,tum-desk,001,7,515.0,61.0
1791387877.5445979,6,tum-desk,001,7,459.0,51.0
1791387878.5735912,6,tum-desk,001,7,485.0,71.0
1791387879.604557,6,tum-desk,001,7,485.0,74.0
1791387880.6344886,6,tum-desk,001,7,485.0,66.0
1791387881.6647146,6,tum-desk,001,7,453.0,75.0
1791387882.694078,6,tum-desk,001,7,487.0,69.0
1791387883.7232625,6,tum-desk,001,7,487.0,82.0
1791387884.7537575,6,tum-desk,001,7,473.0,47.0
1791387885.781163,6,tum-desk,001,7,473.0,57.0
1791387886.8093657,6,tum-desk,001,7,475.0,88.0
1791387887.8425794,6,tum-desk,001,7,475.0,69.0
1791387888.8956563,6,tum-desk,001,7,475.0,41.0
1791387889.9406743,6,tum-desk,001,7,483.0,10.0
1791387891.0182493,6,tum-desk,001,7,483.0,3.0
1791387892.0528338,6,tum-desk,001,7,539.0,16.0
1791387893.0809827,6,tum-desk,001,7,511.0,59.0
1791387894.1125424,6,tum-desk,001,7,513.0,77.0
1791387895.1439147,6,tum-desk,001,7,507.0,67.0
1791387896.1744528,6,tum-desk,001,7,507.0,56.0
1791387897.202013,6,tum-desk,001,7,509.0,68.0
1791387898.2347298,6,tum-desk,001,7,511.0,50.0
1791387899.2618127,6,tum-desk,001,7,509.0,75.0
1791387900.2906015,6,tum-desk,001,7,509.0,70.0
1791387901.3431022,6,tum-desk,001,7,509.0,65.0
1791387902.3985143,6,tum-desk,001,7,511.0,54.0
1791387903.4540563,6,tum-desk,001,7,511.0,76.0
1791387904.4831238,6,tum-desk,001,7,511.0,47.0
1791387905.511063,6,tum-desk,001,7,511.0,61.0
1791387906.5397472,6,tum-desk,001,7,513.0,19.0
1791387907.5734007,6,tum-desk,001,7,513.0,14.0
1791387908.6034884,6,tum-desk,001,7,513.0,10.0
1791387909.6404989,7,tum-desk,100,7,3.0,11.0
1791387910.6693544,7,tum-desk,100,7,3.0,0.0
1791387911.698539,7,tum-desk,100,7,3.0,0.0
1791387912.7302847,7,tum-desk,100,7,3.0,0.0
1791387913.7629461,7,tum-desk,100,7,3.0,0.0
1791387914.8230278,7,tum-desk,100,7,3.0,0.0
1791387915.8860512,7,tum-desk,100,7,3.0,0.0
1791387916.9601743,7,tum-desk,100,7,3.0,0.0
1791387917.9920712,7,tum-desk,100,7,127.0,0.0
1791387919.0217352,7,tum-desk,100,7,211.0,2.0
1791387920.0515046,7,tum-desk,100,7,239.0,57.0
1791387921.0821457,7,tum-desk,100,7,243.0,61.0
1791387922.1129725,7,tum-desk,100,7,267.0,60.0
1791387923.1420567,7,tum-desk,100,7,267.0,55.0
1791387924.1704326,7,tum-desk,100,7,267.0,64.0
1791387925.201606,7,tum-desk,100,7,247.0,64.0
1791387926.2314732,7,tum-desk,100,7,305.0,1.0
1791387927.2745378,7,tum-desk,100,7,307.0,68.0
1791387928.3200624,7,tum-desk,100,7,325.0,46.0
1791387929.3733592,7,tum-desk,100,7,327.0,52.0
1791387930.4059184,7,tum-desk,100,7,299.0,49.0
1791387931.4357643,7,tum-desk,100,7,311.0,71.0
1791387932.4648435,7,tum-desk,100,7,307.0,73.0
1791387933.495016,7,tum-desk,100,7,301.0,75.0
1791387934.5247886,7,tum-desk,100,7,303.0,75.0
1791387935.5508826,7,tum-desk,100,7,305.0,2.0
1791387936.5780935,7,tum-desk,100,7,351.0,47.0
1791387937.6067948,7,tum-desk,100,7,351.0,57.0
1791387938.6356716,7,tum-desk,100,7,351.0,69.0
1791387939.6645203,7,tum-desk,100,7,363.0,65.0
1791387940.7172642,7,tum-desk,100,7,363.0,47.0
1791387941.7737813,7,tum-desk,100,7,363.0,59.0
1791387942.8101077,7,tum-desk,100,7,363.0,59.0
1791387943.8418167,7,tum-desk,100,7,363.0,53.0
1791387944.8730857,7,tum-desk,100,7,365.0,51.0
1791387945.904022,7,tum-desk,100,7,363.0,54.0
1791387946.932056,7,tum-desk,100,7,367.0,31.0
1791387947.9666634,7,tum-desk,100,7,353.0,7.0
1791387948.9975789,7,tum-desk,100,7,415.0,65.0
1791387950.0268548,7,tum-desk,100,7,417.0,57.0
1791387951.0547998,7,tum-desk,100,7,405.0,65.0
1791387952.0858886,7,tum-desk,100,7,427.0,69.0
1791387953.1156697,7,tum-desk,100,7,429.0,78.0
1791387954.1630442,7,tum-desk,100,7,429.0,50.0
1791387955.218001,7,tum-desk,100,7,411.0,57.0
1791387956.2647896,7,tum-desk,100,7,411.0,51.0
1791387957.2936707,7,tum-desk,100,7,411.0,62.0
1791387958.3219137,7,tum-desk,100,7,435.0,67.0
1791387959.3542855,7,tum-desk,100,7,435.0,74.0
1791387960.3830178,7,tum-desk,100,7,419.0,77.0
1791387961.4108708,7,tum-desk,100,7,419.0,61.0
1791387962.440046,7,tum-desk,100,7,423.0,10.0
1791387963.4711878,7,tum-desk,100,7,517.0,7.0
1791387964.5046322,7,tum-desk,100,7,519.0,53.0
1791387965.5361695,7,tum-desk,100,7,521.0,89.0
1791387966.5649178,7,tum-desk,100,7,487.0,79.0
1791387967.614041,7,tum-desk,100,7,487.0,56.0
1791387968.6568253,7,tum-desk,100,7,483.0,80.0
1791387969.6878552,7,tum-desk,100,7,487.0,63.0
1791387970.7197828,7,tum-desk,100,7,491.0,76.0
1791387971.7493122,7,tum-desk,100,7,465.0,78.0
1791387972.7789266,7,tum-desk,100,7,467.0,76.0
1791387973.809171,7,tum-desk,100,7,515.0,62.0
1791387974.8403714,7,tum-desk,100,7,517.0,69.0
1791387975.8693705,7,tum-desk,100,7,517.0,76.0
1791387976.898232,7,tum-desk,100,7,469.0,73.0
1791387977.9287133,7,tum-desk,100,7,493.0,63.0
1791387978.971234,7,tum-desk,100,7,503.0,11.0
1791387980.0233963,7,tum-desk,100,7,503.0,4.0
1791387981.084674,7,tum-desk,100,7,503.0,12.0
1791387982.143525,7,tum-desk,100,7,529.0,41.0
1791387983.1721315,7,tum-desk,100,7,529.0,82.0
1791387984.201348,7,tum-desk,100,7,483.0,73.0
1791387985.231115,7,tum-desk,100,7,515.0,65.0
1791387986.2591307,7,tum-desk,100,7,517.0,69.0
1791387987.2899034,7,tum-desk,100,7,519.0,62.0
1791387988.3222415,7,tum-desk,100,7,521.0,71.0
1791387989.3515494,7,tum-desk,100,7,487.0,62.0
1791387990.381431,7,tum-desk,100,7,489.0,71.0
1791387991.4155416,7,tum-desk,100,7,519.0,68.0
1791387992.4440517,7,tum-desk,100,7,519.0,58.0
1791387993.4950542,7,tum-desk,100,7,521.0,67.0
1791387994.5510447,7,tum-desk,100,7,521.0,55.0
1791387995.6030905,7,tum-desk,100,7,525.0,21.0
1791387996.6331322,7,tum-desk,100,7,525.0,21.0
1791387997.6620524,7,tum-desk,100,7,525.0,20.0
1791387998.6893697,7,tum-desk,100,7,513.0,0.0
1791387999.720525,8,tum-desk,111,7,3.0,0.0
1791388000.7487984,8,tum-desk,111,7,3.0,0.0
1791388001.7775023,8,tum-desk,111,7,3.0,0.0
1791388002.8053608,8,tum-desk,111,7,3.0,0.0
1791388003.8401597,8,tum-desk,111,7,3.0,0.0
1791388004.8722613,8,tum-desk,111,7,3.0,0.0
1791388005.9225173,8,tum-desk,111,7,127.0,4.0
1791388006.9760292,8,tum-desk,111,7,127.0,0.0
1791388008.0370162,8,tum-desk,111,7,237.0,11.0
1791388009.0660756,8,tum-desk,111,7,239.0,63.0
1791388010.0979693,8,tum-desk,111,7,245.0,58.0
1791388011.1325207,8,tum-desk,111,7,269.0,61.0
1791388012.1645129,8,tum-desk,111,7,269.0,57.0
1791388013.1947203,8,tum-desk,111,7,269.0,66.0
1791388014.2234116,8,tum-desk,111,7,269.0,64.0
1791388015.2613065,8,tum-desk,111,7,285.0,1.0
1791388016.2953281,8,tum-desk,111,7,307.0,59.0
1791388017.3291583,8,tum-desk,111,7,305.0,73.0
1791388018.3664868,8,tum-desk,111,7,307.0,65.0
1791388019.4180708,8,tum-desk,111,7,307.0,66.0
1791388020.4724753,8,tum-desk,111,7,307.0,46.0
1791388021.5182326,8,tum-desk,111,7,325.0,49.0
1791388022.5469327,8,tum-desk,111,7,327.0,75.0
1791388023.5760226,8,tum-desk,111,7,327.0,71.0
1791388024.6043959,8,tum-desk,111,7,329.0,3.0
1791388025.6358306,8,tum-desk,111,7,351.0,53.0
1791388026.6659803,8,tum-desk,111,7,351.0,63.0
1791388027.69445,8,tum-desk,111,7,353.0,69.0
1791388028.7211807,8,tum-desk,111,7,353.0,62.0
1791388029.7498677,8,tum-desk,111,7,353.0,57.0
1791388030.7800505,8,tum-desk,111,7,365.0,66.0
1791388031.810154,8,tum-desk,111,7,367.0,66.0
1791388032.8610818,8,tum-desk,111,7,351.0,53.0
1791388033.907133,8,tum-desk,111,7,351.0,54.0
1791388034.9513412,8,tum-desk,111,7,361.0,57.0
1791388035.9827673,8,tum-desk,111,7,361.0,51.0
1791388037.0143998,8,tum-desk,111,7,363.0,4.0
1791388038.044147,8,tum-desk,111,7,433.0,73.0
1791388039.0734982,8,tum-desk,111,7,437.0,67.0
1791388040.103845,8,tum-desk,111,7,399.0,56.0
1791388041.1343873,8,tum-desk,111,7,423.0,61.0
1791388042.1664598,8,tum-desk,111,7,427.0,63.0
1791388043.1952367,8,tum-desk,111,7,429.0,72.0
1791388044.2247956,8,tum-desk,111,7,359.0,51.0
1791388045.2712014,8,tum-desk,111,7,411.0,60.0
1791388046.3260891,8,tum-desk,111,7,411.0,68.0
1791388047.3765967,8,tum-desk,111,7,429.0,43.0
1791388048.4061294,8,tum-desk,111,7,429.0,42.0
1791388049.436481,8,tum-desk,111,7,417.0,77.0
1791388050.4646268,8,tum-desk,111,7,417.0,59.0
1791388051.4922757,8,tum-desk,111,7,419.0,3.0
1791388052.5222955,8,tum-desk,111,7,419.0,9.0
1791388053.5535982,8,tum-desk,111,7,537.0,49.0
1791388054.580356,8,tum-desk,111,7,541.0,73.0
1791388055.611702,8,tum-desk,111,7,541.0,70.0
1791388056.640475,8,tum-desk,111,7,463.0,60.0
1791388057.6699727,8,tum-desk,111,7,489.0,70.0
1791388058.741058,8,tum-desk,111,7,537.0,71.0
1791388059.79563,8,tum-desk,111,7,537.0,78.0
1791388060.84539,8,tum-desk,111,7,483.0,54.0
1791388061.8739078,8,tum-desk,111,7,485.0,64.0
1791388062.904709,8,tum-desk,111,7,485.0,79.0
1791388063.9378655,8,tum-desk,111,7,489.0,46.0
1791388064.9659815,8,tum-desk,111,7,489.0,60.0
1791388065.9955115,8,tum-desk,111,7,489.0,76.0
1791388067.0271657,8,tum-desk,111,7,489.0,72.0
1791388068.0539596,8,tum-desk,111,7,491.0,46.0
1791388069.0802786,8,tum-desk,111,7,497.0,18.0
1791388070.1176174,8,tum-desk,111,7,497.0,21.0
1791388071.1565297,8,tum-desk,111,7,503.0,58.0
1791388072.2070515,8,tum-desk,111,7,503.0,64.0
1791388073.2683825,8,tum-desk,111,7,503.0,59.0
1791388074.3170516,8,tum-desk,111,7,499.0,51.0
1791388075.3466928,8,tum-desk,111,7,499.0,56.0
1791388076.385029,8,tum-desk,111,7,501.0,69.0
1791388077.4168284,8,tum-desk,111,7,503.0,57.0
1791388078.4452596,8,tum-desk,111,7,529.0,68.0
1791388079.4728718,8,tum-desk,111,7,529.0,64.0
1791388080.500974,8,tum-desk,111,7,527.0,74.0
1791388081.5324368,8,tum-desk,111,7,533.0,73.0
1791388082.5617201,8,tum-desk,111,7,533.0,78.0
1791388083.5905986,8,tum-desk,111,7,533.0,63.0
1791388084.6414685,8,tum-desk,111,7,533.0,53.0
1791388085.6960862,8,tum-desk,111,7,535.0,5.0
1791388086.7410767,8,tum-desk,111,7,535.0,11.0
1791388087.769301,8,tum-desk,111,7,535.0,18.0
1791388088.8061182,8,tum-desk,111,7,535.0,3.0
1791388089.8391948,8,tum-desk,111,7,535.0,0.0
1791388090.896019,9,kitchen,011,7,3.0,11.0
1791388091.923836,9,kitchen,011,7,3.0,0.0
1791388092.9554377,9,kitchen,011,7,3.0,0.0
1791388093.9898922,9,kitchen,011,7,3.0,0.0
1791388095.0209134,9,kitchen,011,7,3.0,0.0
1791388096.052042,9,kitchen,011,7,127.0,0.0
1791388097.079212,9,kitchen,011,7,215.0,12.0
1791388098.114013,9,kitchen,011,7,217.0,51.0
1791388099.19305,9,kitchen,011,7,223.0,20.0
1791388100.2333488,9,kitchen,011,7,225.0,37.0
1791388101.2616127,9,kitchen,011,7,249.0,39.0
1791388102.2894702,9,kitchen,011,7,249.0,37.0
1791388103.3163896,9,kitchen,011,7,251.0,50.0
1791388104.346179,9,kitchen,011,7,251.0,60.0
1791388105.3737936,9,kitchen,011,7,251.0,4.0
1791388106.4028509,9,kitchen,011,7,309.0,41.0
1791388107.4314811,9,kitchen,011,7,309.0,36.0
1791388108.4608266,9,kitchen,011,7,329.0,34.0
1791388109.490574,9,kitchen,011,7,331.0,41.0
1791388110.5189736,9,kitchen,011,7,309.0,37.0
1791388111.575033,9,kitchen,011,7,311.0,34.0
1791388112.632129,9,kitchen,011,7,311.0,21.0
1791388113.6780877,9,kitchen,011,7,309.0,19.0
1791388114.706687,9,kitchen,011,7,309.0,44.0
1791388115.7349067,9,kitchen,011,7,301.0,44.0
1791388116.7639916,9,kitchen,011,7,313.0,43.0
1791388117.7904053,9,kitchen,011,7,301.0,41.0
1791388118.819705,9,kitchen,011,7,303.0,37.0
1791388119.8630953,9,kitchen,011,7,307.0,3.0
1791388120.8907886,9,kitchen,011,7,307.0,0.0
1791388121.9180722,9,kitchen,011,7,341.0,44.0
1791388122.9482558,9,kitchen,011,7,359.0,54.0
1791388123.984224,9,kitchen,011,7,357.0,50.0
1791388125.0439272,9,kitchen,011,7,357.0,31.0
1791388126.098394,9,kitchen,011,7,357.0,33.0
1791388127.125387,9,kitchen,011,7,357.0,57.0
1791388128.154168,9,kitchen,011,7,357.0,39.0
1791388129.1839526,9,kitchen,011,7,355.0,43.0
1791388130.212088,9,kitchen,011,7,357.0,50.0
1791388131.2396965,9,kitchen,011,7,353.0,39.0
1791388132.2696848,9,kitchen,011,7,353.0,46.0
1791388133.3012602,9,kitchen,011,7,351.0,42.0
1791388134.3322892,9,kitchen,011,7,353.0,43.0
1791388135.362595,9,kitchen,011,7,355.0,14.0
1791388136.3980474,9,kitchen,011,7,355.0,3.0
1791388137.4530876,9,kitchen,011,7,355.0,5.0
1791388138.5043778,9,kitchen,011,7,355.0,1.0
1791388139.558041,9,kitchen,011,7,415.0,1.0
1791388140.5875216,9,kitchen,011,7,419.0,52.0
1791388141.6150236,9,kitchen,011,7,419.0,57.0
1791388142.6429877,9,kitchen,011,7,407.0,46.0
1791388143.6711862,9,kitchen,011,7,409.0,44.0
1791388144.6995168,9,kitchen,011,7,409.0,46.0
1791388145.7293575,9,kitchen,011,7,413.0,40.0
1791388146.7566884,9,kitchen,011,7,415.0,40.0
1791388147.7881649,9,kitchen,011,7,397.0,44.0
1791388148.8183827,9,kitchen,011,7,397.0,68.0
1791388149.8456216,9,kitchen,011,7,375.0,53.0
1791388150.9044266,9,kitchen,011,7,405.0,51.0
1791388151.9560785,9,kitchen,011,7,405.0,33.0
1791388153.0194294,9,kitchen,011,7,425.0,32.0
1791388154.0543988,9,kitchen,011,7,427.0,67.0
1791388155.094011,9,kitchen,011,7,427.0,51.0
1791388156.136839,9,kitchen,011,7,427.0,16.0
1791388157.1856644,9,kitchen,011,7,427.0,0.0
1791388158.240736,9,kitchen,011,7,427.0,3.0
1791388159.2941215,9,kitchen,011,7,427.0,4.0
1791388160.3434796,9,kitchen,011,7,483.0,68.0
1791388161.3803473,9,kitchen,011,7,487.0,40.0
1791388162.413263,9,kitchen,011,7,487.0,44.0
1791388163.44982,9,kitchen,011,7,447.0,51.0
1791388164.5250678,9,kitchen,011,7,449.0,39.0
1791388165.5890558,9,kitchen,011,7,449.0,39.0
1791388166.6185153,9,kitchen,011,7,493.0,39.0
1791388167.6530993,9,kitchen,011,7,497.0,62.0
1791388168.6816254,9,kitchen,011,7,421.0,48.0
1791388169.7108145,9,kitchen,011,7,451.0,54.0
1791388170.7391844,9,kitchen,011,7,451.0,61.0
1791388171.7677894,9,kitchen,011,7,453.0,44.0
1791388172.797124,9,kitchen,011,7,453.0,44.0
1791388173.8260999,9,kitchen,011,7,423.0,45.0
1791388174.8569603,9,kitchen,011,7,451.0,61.0
1791388175.888214,9,kitchen,011,7,453.0,56.0
1791388176.9260445,9,kitchen,011,7,453.0,4.0
1791388177.9794352,9,kitchen,011,7,453.0,19.0
1791388179.0309756,9,kitchen,011,7,453.0,6.0
1791388180.0593462,9,kitchen,011,7,453.0,20.0
1791388181.0937123,9,kitchen,011,7,453.0,3.0
1791388182.131746,9,kitchen,011,7,453.0,6.0
1791388183.1598027,9,kitchen,011,7,453.0,0.0
1791388184.1911306,9,kitchen,011,7,543.0,45.0
1791388185.2175176,9,kitchen,011,7,545.0,59.0
1791388186.246832,9,kitchen,011,7,545.0,69.0
1791388187.28036,9,kitchen,011,7,523.0,50.0
1791388188.3102973,9,kitchen,011,7,523.0,62.0
1791388189.3374062,9,kitchen,011,7,535.0,52.0
1791388190.402879,9,kitchen,011,7,535.0,49.0
1791388191.4530516,9,kitchen,011,7,537.0,49.0
1791388192.4987617,9,kitchen,011,7,487.0,40.0
1791388193.5276537,9,kitchen,011,7,501.0,58.0
1791388194.5579267,9,kitchen,011,7,501.0,67.0
1791388195.5869937,9,kitchen,011,7,535.0,68.0
1791388196.6175756,9,kitchen,011,7,537.0,66.0
1791388197.6440532,9,kitchen,011,7,537.0,77.0
1791388198.6710818,9,kitchen,011,7,537.0,49.0
1791388199.6986213,9,kitchen,011,7,537.0,51.0
1791388200.7278168,9,kitchen,011,7,537.0,67.0
1791388201.7583146,9,kitchen,011,7,537.0,28.0
1791388202.809419,9,kitchen,011,7,537.0,18.0
1791388203.8590374,9,kitchen,011,7,537.0,32.0
1791388204.9160798,9,kitchen,011,7,537.0,7.0
1791388205.9692597,9,kitchen,011,7,537.0,0.0
1791388207.0307436,9,kitchen,011,7,537.0,12.0
1791388208.0587018,9,kitchen,011,7,537.0,0.0
1791388209.0855095,10,kitchen,110,7,3.0,0.0
1791388210.11384,10,kitchen,110,7,3.0,0.0
1791388211.1432052,10,kitchen,110,7,3.0,0.0
1791388212.1771197,10,kitchen,110,7,3.0,0.0
1791388213.2330084,10,kitchen,110,7,13.0,0.0
1791388214.2608786,10,kitchen,110,7,127.0,0.0
1791388215.2885494,10,kitchen,110,7,215.0,39.0
1791388216.320543,10,kitchen,110,7,217.0,43.0
1791388217.3781078,10,kitchen,110,7,225.0,34.0
1791388218.415748,10,kitchen,110,7,225.0,36.0
1791388219.477435,10,kitchen,110,7,249.0,45.0
1791388220.5108306,10,kitchen,110,7,249.0,38.0
1791388221.541775,10,kitchen,110,7,251.0,54.0
1791388222.5711122,10,kitchen,110,7,251.0,46.0
1791388223.611324,10,kitchen,110,7,253.0,1.0
1791388224.646211,10,kitchen,110,7,289.0,27.0
1791388225.672874,10,kitchen,110,7,289.0,37.0
1791388226.7017014,10,kitchen,110,7,309.0,43.0
1791388227.7293096,10,kitchen,110,7,311.0,34.0
1791388228.756342,10,kitchen,110,7,313.0,34.0
1791388229.8080978,10,kitchen,110,7,313.0,20.0
1791388230.8625705,10,kitchen,110,7,301.0,15.0
1791388231.923068,10,kitchen,110,7,301.0,34.0
1791388232.9520822,10,kitchen,110,7,301.0,30.0
1791388233.9800212,10,kitchen,110,7,303.0,32.0
1791388235.0089338,10,kitchen,110,7,303.0,30.0
1791388236.0391972,10,kitchen,110,7,301.0,43.0
1791388237.0703816,10,kitchen,110,7,303.0,36.0
1791388238.099325,10,kitchen,110,7,309.0,1.0
1791388239.129925,10,kitchen,110,7,309.0,13.0
1791388240.1608,10,kitchen,110,7,341.0,49.0
1791388241.1895468,10,kitchen,110,7,343.0,36.0
1791388242.217641,10,kitchen,110,7,341.0,45.0
1791388243.2661943,10,kitchen,110,7,343.0,29.0
1791388244.3140569,10,kitchen,110,7,343.0,25.0
1791388245.3614383,10,kitchen,110,7,341.0,28.0
1791388246.3901696,10,kitchen,110,7,343.0,46.0
1791388247.4189284,10,kitchen,110,7,343.0,51.0
1791388248.447655,10,kitchen,110,7,359.0,41.0
1791388249.4768507,10,kitchen,110,7,359.0,39.0
1791388250.5050223,10,kitchen,110,7,355.0,43.0
1791388251.532455,10,kitchen,110,7,355.0,38.0
1791388252.5592873,10,kitchen,110,7,353.0,55.0
1791388253.5875173,10,kitchen,110,7,353.0,32.0
1791388254.6220322,10,kitchen,110,7,355.0,0.0
1791388255.6585748,10,kitchen,110,7,355.0,11.0
1791388256.7240393,10,kitchen,110,7,355.0,0.0
1791388257.7933621,10,kitchen,110,7,407.0,48.0
1791388258.8680365,10,kitchen,110,7,407.0,39.0
1791388259.8992062,10,kitchen,110,7,409.0,59.0
1791388260.9266157,10,kitchen,110,7,405.0,62.0
1791388261.9541178,10,kitchen,110,7,405.0,60.0
1791388262.9813225,10,kitchen,110,7,441.0,50.0
1791388264.0100632,10,kitchen,110,7,445.0,51.0
1791388265.038222,10,kitchen,110,7,445.0,44.0
1791388266.0667446,10,kitchen,110,7,405.0,39.0
1791388267.0959027,10,kitchen,110,7,407.0,49.0
1791388268.125246,10,kitchen,110,7,393.0,43.0
1791388269.1702938,10,kitchen,110,7,415.0,41.0
1791388270.2209897,10,kitchen,110,7,417.0,32.0
1791388271.2730708,10,kitchen,110,7,415.0,49.0
1791388272.2994413,10,kitchen,110,7,417.0,41.0
1791388273.3260014,10,kitchen,110,7,417.0,41.0
1791388274.3750205,10,kitchen,110,7,417.0,3.0
1791388275.4155526,10,kitchen,110,7,417.0,9.0
1791388276.4507902,10,kitchen,110,7,417.0,3.0
1791388277.4791038,10,kitchen,110,7,417.0,4.0
1791388278.5061991,10,kitchen,110,7,499.0,44.0
1791388279.5398917,10,kitchen,110,7,499.0,56.0
1791388280.5674624,10,kitchen,110,7,457.0,61.0
1791388281.5948248,10,kitchen,110,7,459.0,59.0
1791388282.6432638,10,kitchen,110,7,459.0,40.0
1791388283.689512,10,kitchen,110,7,477.0,32.0
1791388284.7358065,10,kitchen,110,7,481.0,60.0
1791388285.765839,10,kitchen,110,7,483.0,50.0
1791388286.7942026,10,kitchen,110,7,459.0,55.0
1791388287.821416,10,kitchen,110,7,461.0,43.0
1791388288.850592,10,kitchen,110,7,461.0,47.0
1791388289.8788757,10,kitchen,110,7,465.0,45.0
1791388290.907122,10,kitchen,110,7,465.0,40.0
1791388291.9358556,10,kitchen,110,7,439.0,55.0
1791388292.9697888,10,kitchen,110,7,465.0,45.0
1791388294.0011659,10,kitchen,110,7,465.0,48.0
1791388295.0301735,10,kitchen,110,7,465.0,9.0
1791388296.118084,10,kitchen,110,7,465.0,2.0
1791388297.1661592,10,kitchen,110,7,465.0,0.0
1791388298.2110884,10,kitchen,110,7,465.0,27.0
1791388299.2455273,10,kitchen,110,7,465.0,21.0
1791388300.2747622,10,kitchen,110,7,465.0,16.0
1791388301.3049874,10,kitchen,110,7,527.0,53.0
1791388302.335203,10,kitchen,110,7,533.0,54.0
1791388303.3622139,10,kitchen,110,7,533.0,54.0
1791388304.390524,10,kitchen,110,7,489.0,51.0
1791388305.4174893,10,kitchen,110,7,489.0,51.0
1791388306.4456398,10,kitchen,110,7,493.0,64.0
1791388307.4719043,10,kitchen,110,7,523.0,48.0
1791388308.5223515,10,kitchen,110,7,523.0,44.0
1791388309.575061,10,kitchen,110,7,523.0,36.0
1791388310.6355598,10,kitchen,110,7,521.0,37.0
1791388311.7261114,10,kitchen,110,7,521.0,37.0
1791388312.755614,10,kitchen,110,7,523.0,74.0
1791388313.7829158,10,kitchen,110,7,489.0,54.0
1791388314.808661,10,kitchen,110,7,523.0,44.0
1791388315.8800638,10,kitchen,110,7,523.0,18.0
1791388316.9380612,10,kitchen,110,7,523.0,29.0
1791388317.9897172,10,kitchen,110,7,523.0,54.0
1791388319.0535142,10,kitchen,110,7,523.0,30.0
1791388320.109336,10,kitchen,110,7,523.0,44.0
1791388321.161427,10,kitchen,110,7,523.0,55.0
1791388322.220735,10,kitchen,110,7,523.0,0.0
1791388323.2718637,10,kitchen,110,7,523.0,25.0
1791388324.3228009,10,kitchen,110,7,523.0,18.0
1791388325.3800488,10,kitchen,110,7,523.0,7.0
1791388326.4160345,10,kitchen,110,7,523.0,30.0
1791388327.4710588,10,kitchen,110,7,523.0,6.0
1791388328.4982345,10,kitchen,110,7,523.0,2.0
1791388329.5254302,11,kitchen,100,7,3.0,0.0
1791388330.5529068,11,kitchen,100,7,3.0,0.0
1791388331.5848145,11,kitchen,100,7,3.0,0.0
1791388332.6190891,11,kitchen,100,7,3.0,0.0
1791388333.6520832,11,kitchen,100,7,3.0,0.0
1791388334.6801093,11,kitchen,100,7,127.0,0.0
1791388335.7330635,11,kitchen,100,7,209.0,5.0
1791388336.7850652,11,kitchen,100,7,217.0,32.0
1791388337.8326428,11,kitchen,100,7,217.0,32.0
1791388338.8622346,11,kitchen,100,7,223.0,49.0
1791388339.891597,11,kitchen,100,7,247.0,44.0
1791388340.9188576,11,kitchen,100,7,247.0,43.0
1791388341.950073,11,kitchen,100,7,247.0,50.0
1791388342.9759252,11,kitchen,100,7,249.0,48.0
1791388344.0037289,11,kitchen,100,7,249.0,36.0
1791388345.0570354,11,kitchen,100,7,251.0,1.0
1791388346.0902538,11,kitchen,100,7,289.0,32.0
1791388347.119624,11,kitchen,100,7,289.0,50.0
1791388348.1450338,11,kitchen,100,7,309.0,30.0
1791388349.1987343,11,kitchen,100,7,309.0,28.0
1791388350.2410886,11,kitchen,100,7,309.0,32.0
1791388351.2888796,11,kitchen,100,7,311.0,30.0
1791388352.3151674,11,kitchen,100,7,311.0,30.0
1791388353.3424387,11,kitchen,100,7,301.0,31.0
1791388354.368615,11,kitchen,100,7,313.0,44.0
1791388355.3955011,11,kitchen,100,7,295.0,39.0
1791388356.4213715,11,kitchen,100,7,295.0,26.0
1791388357.4478955,11,kitchen,100,7,313.0,48.0
1791388358.5022495,11,kitchen,100,7,313.0,19.0
1791388359.5460508,11,kitchen,100,7,321.0,6.0
1791388360.592333,11,kitchen,100,7,321.0,11.0
1791388361.6433277,11,kitchen,100,7,343.0,56.0
1791388362.7180974,11,kitchen,100,7,343.0,25.0
1791388363.7817688,11,kitchen,100,7,359.0,40.0
1791388364.8104022,11,kitchen,100,7,345.0,40.0
1791388365.8426964,11,kitchen,100,7,347.0,44.0
1791388366.9190683,11,kitchen,100,7,347.0,15.0
1791388367.9519744,11,kitchen,100,7,341.0,41.0
1791388368.979064,11,kitchen,100,7,341.0,39.0
1791388370.0066912,11,kitchen,100,7,355.0,40.0
1791388371.03419,11,kitchen,100,7,349.0,40.0
1791388372.064824,11,kitchen,100,7,349.0,44.0
1791388373.0926049,11,kitchen,100,7,337.0,60.0
1791388374.122018,11,kitchen,100,7,339.0,50.0
1791388375.1767545,11,kitchen,100,7,353.0,29.0
1791388376.225094,11,kitchen,100,7,353.0,29.0
1791388377.2654777,11,kitchen,100,7,353.0,32.0
1791388378.293441,11,kitchen,100,7,355.0,16.0
1791388379.3469796,11,kitchen,100,7,357.0,4.0
1791388380.377241,11,kitchen,100,7,357.0,5.0
1791388381.4061246,11,kitchen,100,7,389.0,64.0
1791388382.4345493,11,kitchen,100,7,407.0,60.0
1791388383.4632165,11,kitchen,100,7,407.0,47.0
1791388384.493162,11,kitchen,100,7,397.0,52.0
1791388385.5260568,11,kitchen,100,7,417.0,50.0
1791388386.5560832,11,kitchen,100,7,417.0,54.0
1791388387.5828743,11,kitchen,100,7,419.0,45.0
1791388388.6386073,11,kitchen,100,7,419.0,34.0
1791388389.691609,11,kitchen,100,7,399.0,33.0
1791388390.7331696,11,kitchen,100,7,399.0,36.0
1791388391.7616823,11,kitchen,100,7,399.0,58.0
1791388392.7914274,11,kitchen,100,7,403.0,39.0
1791388393.8224049,11,kitchen,100,7,403.0,55.0
1791388394.8510206,11,kitchen,100,7,399.0,63.0
1791388395.8804996,11,kitchen,100,7,403.0,55.0
1791388396.9086218,11,kitchen,100,7,403.0,38.0
1791388397.9608483,11,kitchen,100,7,403.0,2.0
1791388399.0013309,11,kitchen,100,7,403.0,12.0
1791388400.0320702,11,kitchen,100,7,403.0,3.0
1791388401.104762,11,kitchen,100,7,403.0,4.0
1791388402.156578,11,kitchen,100,7,503.0,41.0
1791388403.2074854,11,kitchen,100,7,503.0,58.0
1791388404.2392979,11,kitchen,100,7,505.0,32.0
1791388405.2680104,11,kitchen,100,7,441.0,62.0
1791388406.2984478,11,kitchen,100,7,443.0,53.0
1791388407.3304374,11,kitchen,100,7,443.0,61.0
1791388408.3591275,11,kitchen,100,7,465.0,50.0
1791388409.3890743,11,kitchen,100,7,465.0,52.0
1791388410.4192722,11,kitchen,100,7,445.0,53.0
1791388411.4480782,11,kitchen,100,7,445.0,39.0
1791388412.4749286,11,kitchen,100,7,423.0,44.0
1791388413.5042484,11,kitchen,100,7,453.0,45.0
1791388414.5567198,11,kitchen,100,7,453.0,30.0
1791388415.6050339,11,kitchen,100,7,451.0,41.0
1791388416.6574383,11,kitchen,100,7,475.0,44.0
1791388417.6865165,11,kitchen,100,7,475.0,49.0
1791388418.7153747,11,kitchen,100,7,475.0,21.0
1791388419.7661738,11,kitchen,100,7,475.0,22.0
1791388420.8124156,11,kitchen,100,7,475.0,0.0
1791388421.8690534,11,kitchen,100,7,475.0,6.0
1791388422.928474,11,kitchen,100,7,475.0,6.0
1791388423.9598768,11,kitchen,100,7,493.0,56.0
1791388424.987058,11,kitchen,100,7,493.0,44.0
1791388426.0182016,11,kitchen,100,7,493.0,51.0
1791388427.0466404,11,kitchen,100,7,499.0,49.0
1791388428.1001167,11,kitchen,100,7,499.0,46.0
1791388429.1540506,11,kitchen,100,7,499.0,49.0
1791388430.1907783,11,kitchen,100,7,499.0,44.0
1791388431.218568,11,kitchen,100,7,501.0,50.0
1791388432.2462258,11,kitchen,100,7,501.0,44.0
1791388433.2755992,11,kitchen,100,7,501.0,62.0
1791388434.3493922,11,kitchen,100,7,529.0,36.0
1791388435.3783488,11,kitchen,100,7,529.0,52.0
1791388436.407451,11,kitchen,100,7,557.0,60.0
1791388437.450045,11,kitchen,100,7,563.0,53.0
1791388438.5816665,11,kitchen,100,7,563.0,9.0
1791388439.6094663,11,kitchen,100,7,563.0,55.0
1791388440.6630902,11,kitchen,100,7,563.0,29.0
1791388441.7120373,11,kitchen,100,7,563.0,27.0
1791388442.7623897,11,kitchen,100,7,563.0,38.0
1791388443.8130376,11,kitchen,100,7,563.0,44.0
1791388444.8641288,11,kitchen,100,7,563.0,9.0
1791388445.90713,11,kitchen,100,7,563.0,25.0
1791388446.9510722,11,kitchen,100,7,563.0,15.0
1791388448.001683,11,kitchen,100,7,563.0,3.0
1791388449.0428221,11,kitchen,100,7,563.0,41.0
1791388450.082419,11,kitchen,100,7,563.0,0.0
1791388451.1306818,12,kitchen,000,7,3.0,0.0
1791388452.17069,12,kitchen,000,7,3.0,0.0
1791388453.2254114,12,kitchen,000,7,3.0,0.0
1791388454.285028,12,kitchen,000,7,3.0,0.0
1791388455.3583336,12,kitchen,000,7,3.0,0.0
1791388456.4274268,12,kitchen,000,7,13.0,0.0
1791388457.4595168,12,kitchen,000,7,127.0,0.0
1791388458.49061,12,kitchen,000,7,217.0,27.0
1791388459.5212557,12,kitchen,000,7,219.0,51.0
1791388460.5489976,12,kitchen,000,7,225.0,63.0
1791388461.5761151,12,kitchen,000,7,247.0,57.0
1791388462.602709,12,kitchen,000,7,249.0,37.0
1791388463.6302896,12,kitchen,000,7,249.0,45.0
1791388464.6587396,12,kitchen,000,7,249.0,60.0
1791388465.7131078,12,kitchen,000,7,251.0,37.0
1791388466.75806,12,kitchen,000,7,289.0,31.0
1791388467.8195965,12,kitchen,000,7,289.0,31.0
1791388468.8760407,12,kitchen,000,7,289.0,33.0
1791388469.906782,12,kitchen,000,7,309.0,28.0
1791388470.935033,12,kitchen,000,7,309.0,30.0
1791388471.9624732,12,kitchen,000,7,309.0,33.0
1791388472.9911695,12,kitchen,000,7,309.0,48.0
1791388474.0204344,12,kitchen,000,7,303.0,43.0
1791388475.0495992,12,kitchen,000,7,323.0,28.0
1791388476.0891206,12,kitchen,000,7,321.0,43.0
1791388477.119833,12,kitchen,000,7,321.0,36.0
1791388478.1513236,12,kitchen,000,7,301.0,30.0
1791388479.1956296,12,kitchen,000,7,307.0,24.0
1791388480.2551038,12,kitchen,000,7,309.0,6.0
1791388481.3100383,12,kitchen,000,7,309.0,3.0
1791388482.3626115,12,kitchen,000,7,347.0,48.0
1791388483.3905616,12,kitchen,000,7,349.0,53.0
1791388484.4232872,12,kitchen,000,7,349.0,44.0
1791388485.452819,12,kitchen,000,7,349.0,50.0
1791388486.48445,12,kitchen,000,7,351.0,38.0
1791388487.5118377,12,kitchen,000,7,351.0,57.0
1791388488.5405989,12,kitchen,000,7,351.0,40.0
1791388489.5705297,12,kitchen,000,7,367.0,33.0
1791388490.5984976,12,kitchen,000,7,367.0,58.0
1791388491.6282032,12,kitchen,000,7,339.0,48.0
1791388492.657706,12,kitchen,000,7,341.0,43.0
1791388493.709024,12,kitchen,000,7,355.0,27.0
1791388494.763463,12,kitchen,000,7,369.0,31.0
1791388495.8098295,12,kitchen,000,7,371.0,29.0
1791388496.8396606,12,kitchen,000,7,371.0,46.0
1791388497.888258,12,kitchen,000,7,373.0,3.0
1791388498.917122,12,kitchen,000,7,373.0,0.0
1791388499.9477704,12,kitchen,000,7,385.0,1.0
1791388500.9746156,12,kitchen,000,7,411.0,49.0
1791388502.00501,12,kitchen,000,7,413.0,63.0
1791388503.0328853,12,kitchen,000,7,399.0,44.0
1791388504.059479,12,kitchen,000,7,421.0,56.0
1791388505.0913787,12,kitchen,000,7,395.0,49.0
1791388506.1216924,12,kitchen,000,7,399.0,68.0
1791388507.1727295,12,kitchen,000,7,399.0,28.0
1791388508.2090561,12,kitchen,000,7,399.0,38.0
1791388509.2726185,12,kitchen,000,7,399.0,28.0
1791388510.3002625,12,kitchen,000,7,417.0,55.0
1791388511.3290873,12,kitchen,000,7,399.0,47.0
1791388512.3611305,12,kitchen,000,7,401.0,43.0
1791388513.388362,12,kitchen,000,7,401.0,50.0
1791388514.4168792,12,kitchen,000,7,403.0,51.0
1791388515.4468565,12,kitchen,000,7,403.0,57.0
1791388516.5008476,12,kitchen,000,7,403.0,3.0
1791388517.5299952,12,kitchen,000,7,403.0,3.0
1791388518.5584905,12,kitchen,000,7,403.0,3.0
1791388519.6151078,12,kitchen,000,7,403.0,0.0
1791388520.6761587,12,kitchen,000,7,525.0,51.0
1791388521.7474532,12,kitchen,000,7,525.0,41.0
1791388522.7756891,12,kitchen,000,7,525.0,46.0
1791388523.8070784,12,kitchen,000,7,445.0,41.0
1791388524.8369806,12,kitchen,000,7,471.0,39.0
1791388525.865635,12,kitchen,000,7,489.0,63.0
1791388526.8948727,12,kitchen,000,7,495.0,70.0
1791388527.9220424,12,kitchen,000,7,495.0,51.0
1791388528.951098,12,kitchen,000,7,459.0,65.0
1791388529.9791546,12,kitchen,000,7,461.0,64.0
1791388531.0373104,12,kitchen,000,7,463.0,48.0
1791388532.0646374,12,kitchen,000,7,463.0,50.0
1791388533.1142435,12,kitchen,000,7,463.0,42.0
1791388534.1632695,12,kitchen,000,7,435.0,47.0
1791388535.2020848,12,kitchen,000,7,461.0,49.0
1791388536.2291996,12,kitchen,000,7,461.0,51.0
1791388537.2570872,12,kitchen,000,7,463.0,16.0
1791388538.3022842,12,kitchen,000,7,463.0,2.0
1791388539.3318698,12,kitchen,000,7,463.0,3.0
1791388540.3850486,12,kitchen,000,7,463.0,10.0
1791388541.4580574,12,kitchen,000,7,463.0,3.0
1791388542.499577,12,kitchen,000,7,529.0,55.0
1791388543.5430393,12,kitchen,000,7,529.0,40.0
1791388544.587806,12,kitchen,000,7,529.0,52.0
1791388545.711066,12,kitchen,000,7,531.0,15.0
1791388546.8455565,12,kitchen,000,7,531.0,6.0
1791388547.9042377,12,kitchen,000,7,531.0,53.0
1791388548.9677026,12,kitchen,000,7,531.0,33.0
1791388549.9980254,12,kitchen,000,7,507.0,54.0
1791388551.0270426,12,kitchen,000,7,509.0,62.0
1791388552.0558777,12,kitchen,000,7,495.0,50.0
1791388553.0852973,12,kitchen,000,7,509.0,52.0
1791388554.118745,12,kitchen,000,7,509.0,63.0
1791388555.1495252,12,kitchen,000,7,533.0,63.0
1791388556.1798046,12,kitchen,000,7,537.0,54.0
1791388557.2079682,12,kitchen,000,7,537.0,64.0
1791388558.2391317,12,kitchen,000,7,537.0,43.0
1791388559.2936103,12,kitchen,000,7,537.0,35.0
1791388560.348045,12,kitchen,000,7,537.0,36.0
1791388561.4026651,12,kitchen,000,7,537.0,14.0
1791388562.4570553,12,kitchen,000,7,537.0,16.0
1791388563.4870963,12,kitchen,000,7,537.0,7.0
1791388564.5357845,12,kitchen,000,7,537.0,3.0
1791388565.5730507,12,kitchen,000,7,537.0,12.0
1791388566.6300504,12,kitchen,000,7,537.0,17.0
1791388567.6590478,12,kitchen,000,7,537.0,15.0
1791388568.6904917,12,kitchen,000,7,537.0,0.0
1791388569.7470741,13,kitchen,101,7,3.0,11.0
1791388570.781189,13,kitchen,101,7,3.0,0.0
1791388571.8162658,13,kitchen,101,7,3.0,0.0
1791388572.8734512,13,kitchen,101,7,3.0,0.0
1791388573.9325542,13,kitchen,101,7,3.0,0.0
1791388574.991824,13,kitchen,101,7,3.0,0.0
1791388576.0201607,13,kitchen,101,7,127.0,0.0
1791388577.048791,13,kitchen,101,7,211.0,1.0
1791388578.0776327,13,kitchen,101,7,217.0,44.0
1791388579.1100495,13,kitchen,101,7,223.0,42.0
1791388580.1391244,13,kitchen,101,7,247.0,48.0
1791388581.1676106,13,kitchen,101,7,247.0,36.0
1791388582.1957343,13,kitchen,101,7,247.0,33.0
1791388583.2222643,13,kitchen,101,7,249.0,50.0
1791388584.2498562,13,kitchen,101,7,251.0,32.0
1791388585.2776854,13,kitchen,101,7,253.0,3.0
1791388586.3260279,13,kitchen,101,7,287.0,21.0
1791388587.376152,13,kitchen,101,7,287.0,27.0
1791388588.4320414,13,kitchen,101,7,289.0,35.0
1791388589.4608192,13,kitchen,101,7,301.0,28.0
1791388590.4871984,13,kitchen,101,7,301.0,41.0
1791388591.5185523,13,kitchen,101,7,303.0,42.0
1791388592.5460854,13,kitchen,101,7,303.0,41.0
1791388593.5741491,13,kitchen,101,7,287.0,37.0
1791388594.6010654,13,kitchen,101,7,301.0,46.0
1791388595.6294043,13,kitchen,101,7,303.0,34.0
1791388596.6588795,13,kitchen,101,7,315.0,37.0
1791388597.68514,13,kitchen,101,7,313.0,46.0
1791388598.7167382,13,kitchen,101,7,313.0,26.0
1791388599.769063,13,kitchen,101,7,319.0,2.0
1791388600.8312924,13,kitchen,101,7,319.0,13.0
1791388601.8817117,13,kitchen,101,7,319.0,0.0
1791388602.909723,13,kitchen,101,7,347.0,48.0
1791388603.9385743,13,kitchen,101,7,349.0,35.0
1791388604.966814,13,kitchen,101,7,343.0,52.0
1791388605.9969952,13,kitchen,101,7,343.0,36.0
1791388607.025744,13,kitchen,101,7,357.0,63.0
1791388608.054544,13,kitchen,101,7,359.0,49.0
1791388609.083041,13,kitchen,101,7,331.0,47.0
1791388610.1164415,13,kitchen,101,7,357.0,44.0
1791388611.1497295,13,kitchen,101,7,357.0,52.0
1791388612.2040832,13,kitchen,101,7,369.0,60.0
1791388613.2451103,13,kitchen,101,7,369.0,36.0
1791388614.2893803,13,kitchen,101,7,357.0,39.0
1791388615.3461282,13,kitchen,101,7,357.0,26.0
1791388616.3807309,13,kitchen,101,7,357.0,41.0
1791388617.4451272,13,kitchen,101,7,359.0,5.0
1791388618.4766834,13,kitchen,101,7,359.0,22.0
1791388619.504466,13,kitchen,101,7,359.0,0.0
1791388620.5378473,13,kitchen,101,7,399.0,45.0
1791388621.5671275,13,kitchen,101,7,423.0,59.0
1791388622.5970163,13,kitchen,101,7,407.0,46.0
1791388623.6285794,13,kitchen,101,7,409.0,52.0
1791388624.6593764,13,kitchen,101,7,429.0,54.0
1791388625.7231169,13,kitchen,101,7,433.0,32.0
1791388626.7845354,13,kitchen,101,7,433.0,41.0
1791388627.8520992,13,kitchen,101,7,433.0,37.0
1791388628.8806207,13,kitchen,101,7,403.0,28.0
1791388629.9084954,13,kitchen,101,7,425.0,44.0
1791388630.9393644,13,kitchen,101,7,423.0,54.0
1791388631.9676893,13,kitchen,101,7,425.0,44.0
1791388633.001984,13,kitchen,101,7,399.0,54.0
1791388634.0311983,13,kitchen,101,7,403.0,47.0
1791388635.0597444,13,kitchen,101,7,403.0,45.0
1791388636.0898647,13,kitchen,101,7,403.0,12.0
1791388637.1533403,13,kitchen,101,7,403.0,4.0
1791388638.1985312,13,kitchen,101,7,405.0,6.0
1791388639.2685351,13,kitchen,101,7,405.0,4.0
1791388640.3164666,13,kitchen,101,7,405.0,0.0
1791388641.3565388,13,kitchen,101,7,505.0,33.0
1791388642.3841395,13,kitchen,101,7,505.0,45.0
1791388643.4137013,13,kitchen,101,7,505.0,43.0
1791388644.4437,13,kitchen,101,7,453.0,56.0
1791388645.4760537,13,kitchen,101,7,453.0,44.0
1791388646.5053616,13,kitchen,101,7,471.0,59.0
1791388647.5322726,13,kitchen,101,7,475.0,53.0
1791388648.5613055,13,kitchen,101,7,475.0,58.0
1791388649.589812,13,kitchen,101,7,455.0,47.0
1791388650.618468,13,kitchen,101,7,455.0,57.0
1791388651.650725,13,kitchen,101,7,433.0,43.0
1791388652.705423,13,kitchen,101,7,461.0,29.0
1791388653.757406,13,kitchen,101,7,461.0,41.0
1791388654.792358,13,kitchen,101,7,455.0,35.0
1791388655.8215694,13,kitchen,101,7,459.0,62.0
1791388656.8500018,13,kitchen,101,7,459.0,38.0
1791388657.8867168,13,kitchen,101,7,459.0,10.0
1791388658.9160254,13,kitchen,101,7,459.0,19.0
1791388659.946025,13,kitchen,101,7,459.0,34.0
1791388660.977131,13,kitchen,101,7,459.0,17.0
1791388662.008134,13,kitchen,101,7,459.0,3.0
1791388663.0377426,13,kitchen,101,7,459.0,0.0
1791388664.0687182,13,kitchen,101,7,527.0,59.0
1791388665.1027994,13,kitchen,101,7,529.0,55.0
1791388666.1576705,13,kitchen,101,7,529.0,69.0
1791388667.201245,13,kitchen,101,7,511.0,54.0
1791388668.2426345,13,kitchen,101,7,513.0,28.0
1791388669.271097,13,kitchen,101,7,513.0,55.0
1791388670.3009353,13,kitchen,101,7,487.0,61.0
1791388671.3297927,13,kitchen,101,7,489.0,49.0
1791388672.3615804,13,kitchen,101,7,489.0,51.0
1791388673.3899767,13,kitchen,101,7,515.0,48.0
1791388674.421764,13,kitchen,101,7,517.0,63.0
1791388675.4508848,13,kitchen,101,7,517.0,64.0
1791388676.4812331,13,kitchen,101,7,519.0,55.0
1791388677.5123115,13,kitchen,101,7,521.0,57.0
1791388678.5658808,13,kitchen,101,7,521.0,48.0
1791388679.6340735,13,kitchen,101,7,521.0,48.0
1791388680.6874373,13,kitchen,101,7,521.0,36.0
1791388681.7488818,13,kitchen,101,7,521.0,37.0
1791388682.7783756,13,kitchen,101,7,521.0,22.0
1791388683.8071342,13,kitchen,101,7,521.0,25.0
1791388684.8383157,13,kitchen,101,7,521.0,35.0
1791388685.8662856,13,kitchen,101,7,521.0,18.0
1791388686.8933363,13,kitchen,101,7,521.0,7.0
1791388687.9220345,13,kitchen,101,7,521.0,30.0
1791388688.9502065,13,kitchen,101,7,521.0,0.0
1791388689.9779646,14,kitchen,111,7,3.0,0.0
1791388691.0052178,14,kitchen,111,7,3.0,0.0
1791388692.042744,14,kitchen,111,7,3.0,0.0
1791388693.102232,14,kitchen,111,7,3.0,0.0
1791388694.160013,14,kitchen,111,7,3.0,0.0
1791388695.1920812,14,kitchen,111,7,3.0,0.0
1791388696.2209835,14,kitchen,111,7,127.0,0.0
1791388697.250249,14,kitchen,111,7,211.0,2.0
1791388698.277947,14,kitchen,111,7,217.0,49.0
1791388699.3050387,14,kitchen,111,7,225.0,35.0
1791388700.3318398,14,kitchen,111,7,247.0,45.0
1791388701.3588972,14,kitchen,111,7,249.0,38.0
1791388702.3865883,14,kitchen,111,7,249.0,40.0
1791388703.4199567,14,kitchen,111,7,249.0,44.0
1791388704.4545956,14,kitchen,111,7,253.0,42.0
1791388705.498897,14,kitchen,111,7,253.0,2.0
1791388706.5501094,14,kitchen,111,7,289.0,12.0
1791388707.592093,14,kitchen,111,7,289.0,28.0
1791388708.6430643,14,kitchen,111,7,289.0,10.0
1791388709.706448,14,kitchen,111,7,289.0,16.0
1791388710.735693,14,kitchen,111,7,311.0,40.0
1791388711.7642536,14,kitchen,111,7,311.0,43.0
1791388712.7920306,14,kitchen,111,7,289.0,42.0
1791388713.8210154,14,kitchen,111,7,291.0,34.0
1791388714.8488042,14,kitchen,111,7,309.0,34.0
1791388715.877255,14,kitchen,111,7,309.0,48.0
1791388716.9046485,14,kitchen,111,7,309.0,36.0
1791388717.931569,14,kitchen,111,7,309.0,38.0
1791388718.9826148,14,kitchen,111,7,301.0,38.0
1791388720.0313203,14,kitchen,111,7,301.0,42.0
1791388721.105028,14,kitchen,111,7,301.0,26.0
1791388722.142066,14,kitchen,111,7,309.0,6.0
1791388723.177726,14,kitchen,111,7,309.0,1.0
1791388724.20935,14,kitchen,111,7,363.0,36.0
1791388725.2400796,14,kitchen,111,7,363.0,46.0
1791388726.2685525,14,kitchen,111,7,337.0,44.0
1791388727.320211,14,kitchen,111,7,355.0,11.0
1791388728.350503,14,kitchen,111,7,355.0,25.0
1791388729.3773575,14,kitchen,111,7,353.0,37.0
1791388730.411233,14,kitchen,111,7,355.0,35.0
1791388731.4405148,14,kitchen,111,7,355.0,37.0
1791388732.495091,14,kitchen,111,7,355.0,40.0
1791388733.5519197,14,kitchen,111,7,355.0,32.0
1791388734.6040816,14,kitchen,111,7,355.0,28.0
1791388735.6335547,14,kitchen,111,7,355.0,40.0
1791388736.6636844,14,kitchen,111,7,351.0,59.0
1791388737.6917322,14,kitchen,111,7,351.0,46.0
1791388738.7446241,14,kitchen,111,7,351.0,27.0
1791388739.7724586,14,kitchen,111,7,355.0,1.0
1791388740.8019004,14,kitchen,111,7,355.0,9.0
1791388741.8341815,14,kitchen,111,7,355.0,0.0
1791388742.8636103,14,kitchen,111,7,417.0,49.0
1791388743.8930645,14,kitchen,111,7,417.0,72.0
1791388744.9251719,14,kitchen,111,7,407.0,37.0
1791388745.985047,14,kitchen,111,7,407.0,30.0
1791388747.030137,14,kitchen,111,7,407.0,44.0
1791388748.0730321,14,kitchen,111,7,431.0,40.0
1791388749.103211,14,kitchen,111,7,431.0,57.0
1791388750.1320372,14,kitchen,111,7,431.0,43.0
1791388751.158483,14,kitchen,111,7,409.0,49.0
1791388752.1892054,14,kitchen,111,7,409.0,51.0
1791388753.2196088,14,kitchen,111,7,411.0,57.0
1791388754.2475188,14,kitchen,111,7,413.0,44.0
1791388755.275538,14,kitchen,111,7,385.0,46.0
1791388756.3028936,14,kitchen,111,7,393.0,43.0
1791388757.3296375,14,kitchen,111,7,393.0,44.0
1791388758.3733704,14,kitchen,111,7,393.0,16.0
1791388759.4270544,14,kitchen,111,7,393.0,0.0
1791388760.4730098,14,kitchen,111,7,393.0,6.0
1791388761.529552,14,kitchen,111,7,393.0,3.0
1791388762.5658681,14,kitchen,111,7,393.0,12.0
1791388763.5967002,14,kitchen,111,7,489.0,39.0
1791388764.632478,14,kitchen,111,7,495.0,45.0
1791388765.663062,14,kitchen,111,7,495.0,51.0
1791388766.6907337,14,kitchen,111,7,437.0,53.0
1791388767.717614,14,kitchen,111,7,439.0,52.0
1791388768.745815,14,kitchen,111,7,439.0,48.0
1791388769.774402,14,kitchen,111,7,463.0,46.0
1791388770.8039885,14,kitchen,111,7,463.0,64.0
1791388771.8560266,14,kitchen,111,7,463.0,57.0
1791388772.9070208,14,kitchen,111,7,463.0,46.0
1791388773.9560997,14,kitchen,111,7,465.0,58.0
1791388774.9828053,14,kitchen,111,7,447.0,32.0
1791388776.0108695,14,kitchen,111,7,449.0,44.0
1791388777.0416687,14,kitchen,111,7,449.0,53.0
1791388778.0705912,14,kitchen,111,7,447.0,70.0
1791388779.0979276,14,kitchen,111,7,447.0,55.0
1791388780.1321719,14,kitchen,111,7,447.0,39.0
1791388781.1780405,14,kitchen,111,7,447.0,2.0
1791388782.2055097,14,kitchen,111,7,447.0,8.0
1791388783.2340887,14,kitchen,111,7,447.0,0.0
1791388784.262654,14,kitchen,111,7,447.0,6.0
1791388785.3238912,14,kitchen,111,7,447.0,0.0
1791388786.3730626,14,kitchen,111,7,447.0,0.0
1791388787.4214349,14,kitchen,111,7,535.0,42.0
1791388788.4486747,14,kitchen,111,7,539.0,42.0
1791388789.475208,14,kitchen,111,7,539.0,54.0
1791388790.5043817,14,kitchen,111,7,523.0,59.0
1791388791.5400624,14,kitchen,111,7,523.0,46.0
1791388792.5717926,14,kitchen,111,7,523.0,52.0
1791388793.6019318,14,kitchen,111,7,495.0,46.0
1791388794.639076,14,kitchen,111,7,497.0,56.0
1791388795.665668,14,kitchen,111,7,553.0,55.0
1791388796.6941514,14,kitchen,111,7,527.0,47.0
1791388797.7251973,14,kitchen,111,7,527.0,66.0
1791388798.7754276,14,kitchen,111,7,501.0,39.0
1791388799.8321083,14,kitchen,111,7,529.0,50.0
1791388800.8844688,14,kitchen,111,7,529.0,42.0
1791388801.9197364,14,kitchen,111,7,529.0,61.0
1791388802.9541004,14,kitchen,111,7,529.0,56.0
1791388803.9888942,14,kitchen,111,7,529.0,54.0
1791388805.0265,14,kitchen,111,7,531.0,19.0
1791388806.0591094,14,kitchen,111,7,531.0,27.0
1791388807.0962358,14,kitchen,111,7,531.0,7.0
1791388808.1267455,14,kitchen,111,7,531.0,40.0
1791388809.1552753,14,kitchen,111,7,531.0,16.0
1791388810.1846056,14,kitchen,111,7,531.0,17.0
1791388811.2506692,14,kitchen,111,7,531.0,2.0
1791388812.2951336,14,kitchen,111,7,531.0,0.0
1791388813.345704,14,kitchen,111,7,519.0,0.0
1791388814.3748665,15,kitchen,001,7,3.0,0.0
1791388815.4018376,15,kitchen,001,7,3.0,0.0
1791388816.436192,15,kitchen,001,7,3.0,0.0
1791388817.4677725,15,kitchen,001,7,3.0,0.0
1791388818.4952586,15,kitchen,001,7,125.0,0.0
1791388819.5240514,15,kitchen,001,7,127.0,0.0
1791388820.5543187,15,kitchen,001,7,219.0,30.0
1791388821.5820844,15,kitchen,001,7,219.0,64.0
1791388822.6093073,15,kitchen,001,7,225.0,51.0
1791388823.6368792,15,kitchen,001,7,249.0,40.0
1791388824.6894066,15,kitchen,001,7,249.0,26.0
1791388825.7455573,15,kitchen,001,7,249.0,31.0
1791388826.7928646,15,kitchen,001,7,249.0,43.0
1791388827.8222857,15,kitchen,001,7,251.0,50.0
1791388828.8695152,15,kitchen,001,7,253.0,1.0
1791388829.8976996,15,kitchen,001,7,289.0,40.0
1791388830.9316294,15,kitchen,001,7,289.0,46.0
1791388831.9588056,15,kitchen,001,7,301.0,41.0
1791388832.9883597,15,kitchen,001,7,287.0,42.0
1791388834.0146432,15,kitchen,001,7,315.0,36.0
1791388835.0429823,15,kitchen,001,7,301.0,47.0
1791388836.0707881,15,kitchen,001,7,301.0,35.0
1791388837.098902,15,kitchen,001,7,301.0,40.0
1791388838.148999,15,kitchen,001,7,303.0,24.0
1791388839.199286,15,kitchen,001,7,303.0,32.0
1791388840.2611067,15,kitchen,001,7,301.0,42.0
1791388841.2934012,15,kitchen,001,7,301.0,38.0
1791388842.32213,15,kitchen,001,7,307.0,1.0
1791388843.3485575,15,kitchen,001,7,309.0,1.0
1791388844.3812187,15,kitchen,001,7,351.0,54.0
1791388845.4066792,15,kitchen,001,7,353.0,41.0
1791388846.433044,15,kitchen,001,7,347.0,44.0
1791388847.4690473,15,kitchen,001,7,365.0,57.0
1791388848.4948666,15,kitchen,001,7,347.0,52.0
1791388849.5256054,15,kitchen,001,7,347.0,46.0
1791388850.5768857,15,kitchen,001,7,345.0,37.0
1791388851.6432462,15,kitchen,001,7,347.0,44.0
1791388852.691024,15,kitchen,001,7,347.0,41.0
1791388853.7193692,15,kitchen,001,7,347.0,24.0
1791388854.7462847,15,kitchen,001,7,349.0,36.0
1791388855.7736683,15,kitchen,001,7,361.0,31.0
1791388856.8013904,15,kitchen,001,7,363.0,44.0
1791388857.8290718,15,kitchen,001,7,363.0,40.0
1791388858.8564045,15,kitchen,001,7,367.0,4.0
1791388859.9050567,15,kitchen,001,7,367.0,2.0
1791388860.9327605,15,kitchen,001,7,367.0,1.0
1791388861.9608052,15,kitchen,001,7,401.0,50.0
1791388862.9884665,15,kitchen,001,7,425.0,57.0
1791388864.036715,15,kitchen,001,7,425.0,30.0
1791388865.0866618,15,kitchen,001,7,419.0,43.0
1791388866.1520615,15,kitchen,001,7,419.0,45.0
1791388867.1821973,15,kitchen,001,7,455.0,45.0
1791388868.20949,15,kitchen,001,7,457.0,48.0
1791388869.2370365,15,kitchen,001,7,459.0,43.0
1791388870.2641897,15,kitchen,001,7,403.0,65.0
1791388871.3200934,15,kitchen,001,7,403.0,35.0
1791388872.3470562,15,kitchen,001,7,403.0,49.0
1791388873.3724484,15,kitchen,001,7,407.0,58.0
1791388874.401247,15,kitchen,001,7,407.0,46.0
1791388875.4515712,15,kitchen,001,7,407.0,13.0
1791388876.481257,15,kitchen,001,7,411.0,39.0
1791388877.5270822,15,kitchen,001,7,411.0,42.0
1791388878.578087,15,kitchen,001,7,411.0,40.0
1791388879.622591,15,kitchen,001,7,411.0,7.0
1791388880.6557026,15,kitchen,001,7,411.0,5.0
1791388881.69755,15,kitchen,001,7,411.0,25.0
1791388882.7273915,15,kitchen,001,7,411.0,7.0
1791388883.7553718,15,kitchen,001,7,411.0,0.0
1791388884.7833762,15,kitchen,001,7,517.0,47.0
1791388885.8101506,15,kitchen,001,7,517.0,50.0
1791388886.8390772,15,kitchen,001,7,429.0,58.0
1791388887.8676636,15,kitchen,001,7,457.0,61.0
1791388888.8956625,15,kitchen,001,7,457.0,54.0
1791388889.9247093,15,kitchen,001,7,505.0,44.0
1791388890.9751654,15,kitchen,001,7,505.0,32.0
1791388892.0143712,15,kitchen,001,7,505.0,63.0
1791388893.053169,15,kitchen,001,7,447.0,59.0
1791388894.0821943,15,kitchen,001,7,447.0,59.0
1791388895.1143734,15,kitchen,001,7,451.0,62.0
1791388896.1438015,15,kitchen,001,7,453.0,42.0
1791388897.173183,15,kitchen,001,7,453.0,60.0
1791388898.203118,15,kitchen,001,7,455.0,69.0
1791388899.233858,15,kitchen,001,7,479.0,58.0
1791388900.2831616,15,kitchen,001,7,479.0,62.0
1791388901.324012,15,kitchen,001,7,479.0,16.0
1791388902.368445,15,kitchen,001,7,479.0,12.0
1791388903.4204702,15,kitchen,001,7,479.0,0.0
1791388904.4680338,15,kitchen,001,7,479.0,18.0
1791388905.5640903,15,kitchen,001,7,479.0,3.0
1791388906.6332934,15,kitchen,001,7,479.0,0.0
1791388907.6610026,15,kitchen,001,7,479.0,0.0
1791388908.69002,15,kitchen,001,7,545.0,55.0
1791388909.721549,15,kitchen,001,7,545.0,64.0
1791388910.7529082,15,kitchen,001,7,545.0,56.0
1791388911.7813332,15,kitchen,001,7,507.0,48.0
1791388912.8079965,15,kitchen,001,7,507.0,49.0
1791388913.8594453,15,kitchen,001,7,507.0,36.0
1791388914.8867953,15,kitchen,001,7,511.0,55.0
1791388915.9156978,15,kitchen,001,7,511.0,39.0
1791388916.945728,15,kitchen,001,7,511.0,61.0
1791388918.0013537,15,kitchen,001,7,541.0,46.0
1791388919.0500402,15,kitchen,001,7,541.0,49.0
1791388920.1021826,15,kitchen,001,7,541.0,47.0
1791388921.1295512,15,kitchen,001,7,539.0,53.0
1791388922.1559937,15,kitchen,001,7,539.0,61.0
1791388923.184575,15,kitchen,001,7,539.0,73.0
1791388924.213379,15,kitchen,001,7,539.0,68.0
1791388925.240979,15,kitchen,001,7,539.0,48.0
1791388926.2708504,15,kitchen,001,7,541.0,13.0
1791388927.297499,15,kitchen,001,7,541.0,29.0
1791388928.32672,15,kitchen,001,7,541.0,40.0
1791388929.3572066,15,kitchen,001,7,541.0,34.0
1791388930.382796,15,kitchen,001,7,541.0,33.0
1791388931.4552977,15,kitchen,001,7,541.0,33.0
1791388932.5160854,15,kitchen,001,7,541.0,1.0
1791388933.5572596,15,kitchen,001,7,541.0,16.0
1791388934.6108341,15,kitchen,001,7,3.0,0.0
1791388935.6413171,16,kitchen,010,7,3.0,0.0
1791388936.6742668,16,kitchen,010,7,3.0,0.0
1791388937.705891,16,kitchen,010,7,3.0,0.0
1791388938.738595,16,kitchen,010,7,3.0,0.0
1791388939.7672226,16,kitchen,010,7,127.0,0.0
1791388940.796406,16,kitchen,010,7,209.0,5.0
1791388941.823418,16,kitchen,010,7,217.0,55.0
1791388942.850441,16,kitchen,010,7,225.0,47.0
1791388943.8824747,16,kitchen,010,7,249.0,35.0
1791388944.9456117,16,kitchen,010,7,249.0,45.0
1791388945.9898472,16,kitchen,010,7,251.0,27.0
1791388947.0240543,16,kitchen,010,7,251.0,41.0
1791388948.0523052,16,kitchen,010,7,253.0,55.0
1791388949.0926766,16,kitchen,010,7,253.0,0.0
1791388950.121467,16,kitchen,010,7,289.0,32.0
1791388951.1520731,16,kitchen,010,7,289.0,35.0
1791388952.1798258,16,kitchen,010,7,309.0,37.0
1791388953.2096446,16,kitchen,010,7,309.0,35.0
1791388954.2394536,16,kitchen,010,7,309.0,32.0
1791388955.267598,16,kitchen,010,7,309.0,41.0
1791388956.2983363,16,kitchen,010,7,309.0,32.0
1791388957.3501122,16,kitchen,010,7,309.0,29.0
1791388958.3900504,16,kitchen,010,7,307.0,28.0
1791388959.4520924,16,kitchen,010,7,321.0,25.0
1791388960.503877,16,kitchen,010,7,321.0,24.0
1791388961.5326939,16,kitchen,010,7,301.0,50.0
1791388962.5606556,16,kitchen,010,7,301.0,36.0
1791388963.6170704,16,kitchen,010,7,309.0,2.0
1791388964.653497,16,kitchen,010,7,341.0,6.0
1791388965.7013283,16,kitchen,010,7,347.0,42.0
1791388966.7457314,16,kitchen,010,7,347.0,49.0
1791388967.7852907,16,kitchen,010,7,351.0,48.0
1791388968.8376994,16,kitchen,010,7,351.0,42.0
1791388969.8848565,16,kitchen,010,7,349.0,42.0
1791388970.937129,16,kitchen,010,7,349.0,33.0
1791388971.9980903,16,kitchen,010,7,377.0,45.0
1791388973.0470772,16,kitchen,010,7,345.0,31.0
1791388974.077845,16,kitchen,010,7,347.0,38.0
1791388975.1065485,16,kitchen,010,7,343.0,43.0
1791388976.1339228,16,kitchen,010,7,343.0,47.0
1791388977.166263,16,kitchen,010,7,341.0,46.0
1791388978.198642,16,kitchen,010,7,343.0,44.0
1791388979.2262914,16,kitchen,010,7,359.0,38.0
1791388980.2545538,16,kitchen,010,7,363.0,0.0
1791388981.283076,16,kitchen,010,7,363.0,12.0
1791388982.3241274,16,kitchen,010,7,363.0,30.0
1791388983.3517478,16,kitchen,010,7,411.0,54.0
1791388984.4006343,16,kitchen,010,7,411.0,40.0
1791388985.4531474,16,kitchen,010,7,411.0,37.0
1791388986.4971988,16,kitchen,010,7,413.0,45.0
1791388987.5285933,16,kitchen,010,7,413.0,54.0
1791388988.5563912,16,kitchen,010,7,451.0,71.0
1791388989.5835307,16,kitchen,010,7,451.0,45.0
1791388990.6143441,16,kitchen,010,7,453.0,43.0
1791388991.6431677,16,kitchen,010,7,401.0,51.0
1791388992.6721337,16,kitchen,010,7,401.0,47.0
1791388993.699336,16,kitchen,010,7,409.0,45.0
1791388994.7267144,16,kitchen,010,7,411.0,44.0
1791388995.755685,16,kitchen,010,7,389.0,56.0
1791388996.7864587,16,kitchen,010,7,415.0,44.0
1791388997.836137,16,kitchen,010,7,415.0,50.0
1791388998.881471,16,kitchen,010,7,415.0,8.0
1791388999.9361057,16,kitchen,010,7,415.0,6.0
1791389000.9920719,16,kitchen,010,7,415.0,5.0
1791389002.0499852,16,kitchen,010,7,415.0,6.0
1791389003.0777934,16,kitchen,010,7,415.0,23.0
1791389004.1109023,16,kitchen,010,7,471.0,55.0
1791389005.1392913,16,kitchen,010,7,471.0,58.0
1791389006.169358,16,kitchen,010,7,451.0,49.0
1791389007.1977081,16,kitchen,010,7,475.0,57.0
1791389008.23002,16,kitchen,010,7,475.0,54.0
1791389009.2585387,16,kitchen,010,7,475.0,43.0
1791389010.2864053,16,kitchen,010,7,475.0,60.0
1791389011.3440504,16,kitchen,010,7,475.0,35.0
1791389012.3861027,16,kitchen,010,7,449.0,37.0
1791389013.42603,16,kitchen,010,7,453.0,43.0
1791389014.4539142,16,kitchen,010,7,453.0,74.0
1791389015.483176,16,kitchen,010,7,457.0,51.0
1791389016.5091343,16,kitchen,010,7,457.0,57.0
1791389017.5427651,16,kitchen,010,7,453.0,60.0
1791389018.5706887,16,kitchen,010,7,453.0,51.0
1791389019.5985615,16,kitchen,010,7,455.0,41.0
1791389020.6273928,16,kitchen,010,7,455.0,19.0
1791389021.6617765,16,kitchen,010,7,455.0,14.0
1791389022.6932714,16,kitchen,010,7,455.0,36.0
1791389023.7420428,16,kitchen,010,7,455.0,25.0
1791389024.8040526,16,kitchen,010,7,455.0,6.0
1791389025.8522272,16,kitchen,010,7,619.0,0.0
1791389026.9380682,16,kitchen,010,7,525.0,46.0
1791389027.9657683,16,kitchen,010,7,525.0,57.0
1791389028.996473,16,kitchen,010,7,527.0,68.0
1791389030.0245414,16,kitchen,010,7,531.0,55.0
1791389031.053368,16,kitchen,010,7,531.0,48.0
1791389032.0816278,16,kitchen,010,7,509.0,53.0
1791389033.1105442,16,kitchen,010,7,509.0,55.0
1791389034.140907,16,kitchen,010,7,509.0,63.0
1791389035.2587228,16,kitchen,010,7,509.0,53.0
1791389036.3423455,16,kitchen,010,7,509.0,23.0
1791389037.4170632,16,kitchen,010,7,509.0,61.0
1791389038.467661,16,kitchen,010,7,509.0,35.0
1791389039.527083,16,kitchen,010,7,513.0,43.0
1791389040.5566678,16,kitchen,010,7,545.0,53.0
1791389041.5866594,16,kitchen,010,7,545.0,50.0
1791389042.6174672,16,kitchen,010,7,545.0,52.0
1791389043.6483672,16,kitchen,010,7,545.0,53.0
1791389044.6984637,16,kitchen,010,7,545.0,4.0
1791389045.73399,16,kitchen,010,7,545.0,2.0
1791389046.7671845,16,kitchen,010,7,545.0,3.0
1791389047.815934,16,kitchen,010,7,545.0,2.0
1791389048.8612003,16,kitchen,010,7,545.0,3.0
1791389049.8915265,16,kitchen,010,7,545.0,3.0
1791389050.9495952,16,kitchen,010,7,545.0,0.0
1791389051.9978707,17,tum-desk,100,17,3.0,0.0
1791389053.042064,17,tum-desk,100,17,3.0,0.0
1791389054.076888,17,tum-desk,100,17,3.0,0.0
1791389055.1115422,17,tum-desk,100,17,3.0,0.0
1791389056.178117,17,tum-desk,100,17,3.0,0.0
1791389057.2231712,17,tum-desk,100,17,3.0,0.0
1791389058.2658007,17,tum-desk,100,17,3.0,0.0
1791389059.298032,17,tum-desk,100,17,127.0,0.0
1791389060.3396502,17,tum-desk,100,17,209.0,2.0
1791389061.3802621,17,tum-desk,100,17,239.0,58.0
1791389062.42464,17,tum-desk,100,17,243.0,65.0
1791389063.4791179,17,tum-desk,100,17,267.0,45.0
1791389064.5370593,17,tum-desk,100,17,247.0,51.0
1791389065.5884907,17,tum-desk,100,17,269.0,52.0
1791389066.6168983,17,tum-desk,100,17,269.0,53.0
1791389067.6461797,17,tum-desk,100,17,267.0,63.0
1791389068.6759777,17,tum-desk,100,17,305.0,48.0
1791389069.7053742,17,tum-desk,100,17,305.0,73.0
1791389070.7340322,17,tum-desk,100,17,307.0,77.0
1791389071.7635531,17,tum-desk,100,17,305.0,69.0
1791389072.7951632,17,tum-desk,100,17,309.0,74.0
1791389073.8257284,17,tum-desk,100,17,297.0,74.0
1791389074.857619,17,tum-desk,100,17,319.0,66.0
1791389075.88772,17,tum-desk,100,17,319.0,68.0
1791389076.96004,17,tum-desk,100,17,321.0,2.0
1791389078.010054,17,tum-desk,100,17,357.0,41.0
1791389079.0600657,17,tum-desk,100,17,357.0,49.0
1791389080.0893362,17,tum-desk,100,17,353.0,71.0
1791389081.1193979,17,tum-desk,100,17,355.0,61.0
1791389082.146689,17,tum-desk,100,17,347.0,57.0
1791389083.176344,17,tum-desk,100,17,349.0,64.0
1791389084.206125,17,tum-desk,100,17,347.0,77.0
1791389085.2351747,17,tum-desk,100,17,347.0,55.0
1791389086.2638896,17,tum-desk,100,17,343.0,63.0
1791389087.2926383,17,tum-desk,100,17,355.0,63.0
1791389088.3227773,17,tum-desk,100,17,355.0,71.0
1791389089.3576694,17,tum-desk,100,17,361.0,10.0
1791389090.410329,17,tum-desk,100,17,395.0,38.0
1791389091.467761,17,tum-desk,100,17,419.0,51.0
1791389092.5140538,17,tum-desk,100,17,419.0,69.0
1791389093.5428596,17,tum-desk,100,17,421.0,70.0
1791389094.5701036,17,tum-desk,100,17,421.0,53.0
1791389095.597381,17,tum-desk,100,17,421.0,60.0
1791389096.6272802,17,tum-desk,100,17,423.0,75.0
1791389097.6553953,17,tum-desk,100,17,411.0,85.0
1791389098.6846516,17,tum-desk,100,17,435.0,70.0
1791389099.7121692,17,tum-desk,100,17,413.0,67.0
1791389100.7411458,17,tum-desk,100,17,419.0,61.0
1791389101.7718105,17,tum-desk,100,17,419.0,75.0
1791389102.8017528,17,tum-desk,100,17,439.0,72.0
1791389103.8560538,17,tum-desk,100,17,439.0,61.0
1791389104.8975744,17,tum-desk,100,17,441.0,3.0
1791389105.945056,17,tum-desk,100,17,443.0,3.0
1791389106.9753828,17,tum-desk,100,17,475.0,64.0
1791389108.0046535,17,tum-desk,100,17,477.0,69.0
1791389109.0345743,17,tum-desk,100,17,479.0,67.0
1791389110.0654395,17,tum-desk,100,17,483.0,79.0
1791389111.0977426,17,tum-desk,100,17,483.0,61.0
1791389112.1282742,17,tum-desk,100,17,489.0,67.0
1791389113.1573937,17,tum-desk,100,17,491.0,58.0
1791389114.1855066,17,tum-desk,100,17,491.0,68.0
1791389115.2175992,17,tum-desk,100,17,491.0,73.0
1791389116.260472,17,tum-desk,100,17,491.0,57.0
1791389117.317393,17,tum-desk,100,17,479.0,55.0
1791389118.3663645,17,tum-desk,100,17,485.0,71.0
1791389119.3952236,17,tum-desk,100,17,485.0,53.0
1791389120.4245384,17,tum-desk,100,17,469.0,77.0
1791389121.4526844,17,tum-desk,100,17,469.0,76.0
1791389122.48029,17,tum-desk,100,17,471.0,19.0
1791389123.5105193,17,tum-desk,100,17,471.0,19.0
1791389124.5400014,17,tum-desk,100,17,557.0,49.0
1791389125.5682821,17,tum-desk,100,17,557.0,56.0
1791389126.6009665,17,tum-desk,100,17,557.0,56.0
1791389127.6292822,17,tum-desk,100,17,537.0,65.0
1791389128.6591706,17,tum-desk,100,17,537.0,73.0
1791389129.709062,17,tum-desk,100,17,513.0,64.0
1791389130.7596285,17,tum-desk,100,17,515.0,46.0
1791389131.8184097,17,tum-desk,100,17,489.0,69.0
1791389132.8570786,17,tum-desk,100,17,521.0,67.0
1791389133.8950746,17,tum-desk,100,17,519.0,69.0
1791389134.9351006,17,tum-desk,100,17,521.0,63.0
1791389135.9698772,17,tum-desk,100,17,521.0,69.0
1791389136.9986298,17,tum-desk,100,17,521.0,70.0
1791389138.0275946,17,tum-desk,100,17,521.0,62.0
1791389139.0563552,17,tum-desk,100,17,525.0,6.0
1791389140.085551,17,tum-desk,100,17,525.0,25.0
1791389141.1154883,17,tum-desk,100,17,513.0,0.0
1791389142.142833,18,tum-desk,110,17,3.0,0.0
1791389143.1980488,18,tum-desk,110,17,3.0,0.0
1791389144.2489634,18,tum-desk,110,17,3.0,0.0
1791389145.3118186,18,tum-desk,110,17,3.0,0.0
1791389146.3442993,18,tum-desk,110,17,3.0,0.0
1791389147.376171,18,tum-desk,110,17,3.0,0.0
1791389148.4081655,18,tum-desk,110,17,3.0,0.0
1791389149.4360855,18,tum-desk,110,17,125.0,0.0
1791389150.465088,18,tum-desk,110,17,127.0,0.0
1791389151.494739,18,tum-desk,110,17,239.0,40.0
1791389152.5255036,18,tum-desk,110,17,243.0,30.0
1791389153.5562544,18,tum-desk,110,17,247.0,59.0
1791389154.5888314,18,tum-desk,110,17,249.0,58.0
1791389155.6161106,18,tum-desk,110,17,269.0,65.0
1791389156.6736073,18,tum-desk,110,17,269.0,54.0
1791389157.7260845,18,tum-desk,110,17,271.0,51.0
1791389158.7614863,18,tum-desk,110,17,305.0,34.0
1791389159.7901492,18,tum-desk,110,17,305.0,72.0
1791389160.8193066,18,tum-desk,110,17,307.0,67.0
1791389161.848699,18,tum-desk,110,17,305.0,70.0
1791389162.8761096,18,tum-desk,110,17,307.0,77.0
1791389163.9041445,18,tum-desk,110,17,307.0,71.0
1791389164.9328122,18,tum-desk,110,17,305.0,73.0
1791389165.9611073,18,tum-desk,110,17,307.0,77.0
1791389166.990561,18,tum-desk,110,17,307.0,7.0
1791389168.0233455,18,tum-desk,110,17,351.0,50.0
1791389169.1110907,18,tum-desk,110,17,351.0,50.0
1791389170.1920955,18,tum-desk,110,17,345.0,32.0
1791389171.2474706,18,tum-desk,110,17,363.0,71.0
1791389172.2755146,18,tum-desk,110,17,359.0,49.0
1791389173.3048658,18,tum-desk,110,17,359.0,58.0
1791389174.3333788,18,tum-desk,110,17,363.0,57.0
1791389175.360574,18,tum-desk,110,17,363.0,66.0
1791389176.389756,18,tum-desk,110,17,357.0,53.0
1791389177.418081,18,tum-desk,110,17,357.0,67.0
1791389178.448763,18,tum-desk,110,17,357.0,62.0
1791389179.484691,18,tum-desk,110,17,357.0,4.0
1791389180.5710824,18,tum-desk,110,17,367.0,2.0
1791389181.6331224,18,tum-desk,110,17,409.0,33.0
1791389182.6845038,18,tum-desk,110,17,409.0,34.0
1791389183.7403538,18,tum-desk,110,17,431.0,67.0
1791389184.7911005,18,tum-desk,110,17,417.0,29.0
1791389185.8211708,18,tum-desk,110,17,417.0,62.0
1791389186.8486483,18,tum-desk,110,17,421.0,67.0
1791389187.8780766,18,tum-desk,110,17,423.0,61.0
1791389188.9059093,18,tum-desk,110,17,423.0,57.0
1791389189.9340577,18,tum-desk,110,17,425.0,75.0
1791389190.9678493,18,tum-desk,110,17,427.0,67.0
1791389192.0005538,18,tum-desk,110,17,427.0,75.0
1791389193.0322042,18,tum-desk,110,17,427.0,68.0
1791389194.06469,18,tum-desk,110,17,427.0,62.0
1791389195.1227934,18,tum-desk,110,17,427.0,28.0
1791389196.2226837,18,tum-desk,110,17,427.0,0.0
1791389197.3371432,18,tum-desk,110,17,429.0,3.0
1791389198.400079,18,tum-desk,110,17,429.0,3.0
1791389199.4306684,18,tum-desk,110,17,453.0,1.0
1791389200.4578466,18,tum-desk,110,17,491.0,66.0
1791389201.4874642,18,tum-desk,110,17,491.0,63.0
1791389202.5152826,18,tum-desk,110,17,473.0,36.0
1791389203.545821,18,tum-desk,110,17,473.0,64.0
1791389204.5735211,18,tum-desk,110,17,473.0,58.0
1791389205.6058967,18,tum-desk,110,17,473.0,64.0
1791389206.6350687,18,tum-desk,110,17,475.0,72.0
1791389207.6630816,18,tum-desk,110,17,477.0,56.0
1791389208.6933851,18,tum-desk,110,17,479.0,76.0
1791389209.7670863,18,tum-desk,110,17,463.0,59.0
1791389210.820929,18,tum-desk,110,17,489.0,61.0
1791389211.860693,18,tum-desk,110,17,489.0,58.0
1791389212.888137,18,tum-desk,110,17,491.0,88.0
1791389213.9170916,18,tum-desk,110,17,491.0,71.0
1791389214.9455254,18,tum-desk,110,17,491.0,7.0
1791389215.9816682,18,tum-desk,110,17,495.0,13.0
1791389217.011098,18,tum-desk,110,17,527.0,40.0
1791389218.0415285,18,tum-desk,110,17,533.0,56.0
1791389219.0705845,18,tum-desk,110,17,533.0,70.0
1791389220.1013768,18,tum-desk,110,17,539.0,72.0
1791389221.1375136,18,tum-desk,110,17,539.0,61.0
1791389222.189944,18,tum-desk,110,17,543.0,69.0
1791389223.248069,18,tum-desk,110,17,543.0,54.0
1791389224.2994323,18,tum-desk,110,17,453.0,62.0
1791389225.329979,18,tum-desk,110,17,521.0,56.0
1791389226.3595855,18,tum-desk,110,17,521.0,62.0
1791389227.3901234,18,tum-desk,110,17,539.0,71.0
1791389228.4183776,18,tum-desk,110,17,539.0,68.0
1791389229.4484668,18,tum-desk,110,17,539.0,77.0
1791389230.4754226,18,tum-desk,110,17,539.0,66.0
1791389231.51642,18,tum-desk,110,17,545.0,23.0
1791389232.545099,18,tum-desk,110,17,545.0,5.0
1791389233.5735512,18,tum-desk,110,17,545.0,0.0
1791389234.6027327,19,tum-desk,111,17,3.0,0.0
1791389235.6793702,19,tum-desk,111,17,3.0,0.0
1791389236.7342381,19,tum-desk,111,17,3.0,0.0
1791389237.7854278,19,tum-desk,111,17,3.0,0.0
1791389238.8171275,19,tum-desk,111,17,3.0,0.0
1791389239.8496468,19,tum-desk,111,17,3.0,0.0
1791389240.8813233,19,tum-desk,111,17,3.0,0.0
1791389241.9217055,19,tum-desk,111,17,3.0,0.0
1791389242.9494998,19,tum-desk,111,17,127.0,0.0
1791389243.9782228,19,tum-desk,111,17,239.0,28.0
1791389245.0062203,19,tum-desk,111,17,239.0,47.0
1791389246.0340896,19,tum-desk,111,17,245.0,55.0
1791389247.0624926,19,tum-desk,111,17,269.0,64.0
1791389248.090814,19,tum-desk,111,17,269.0,64.0
1791389249.143047,19,tum-desk,111,17,269.0,52.0
1791389250.1880941,19,tum-desk,111,17,269.0,52.0
1791389251.2380466,19,tum-desk,111,17,269.0,2.0
1791389252.2678394,19,tum-desk,111,17,307.0,60.0
1791389253.2960687,19,tum-desk,111,17,327.0,75.0
1791389254.3245747,19,tum-desk,111,17,327.0,77.0
1791389255.3512578,19,tum-desk,111,17,309.0,68.0
1791389256.3800542,19,tum-desk,111,17,307.0,60.0
1791389257.4069288,19,tum-desk,111,17,319.0,67.0
1791389258.4346151,19,tum-desk,111,17,299.0,65.0
1791389259.4626539,19,tum-desk,111,17,319.0,69.0
1791389260.4953535,19,tum-desk,111,17,347.0,6.0
1791389261.5345664,19,tum-desk,111,17,361.0,61.0
1791389262.5960767,19,tum-desk,111,17,327.0,54.0
1791389263.6492858,19,tum-desk,111,17,349.0,54.0
1791389264.684567,19,tum-desk,111,17,349.0,40.0
1791389265.7147079,19,tum-desk,111,17,349.0,69.0
1791389266.7427075,19,tum-desk,111,17,351.0,60.0
1791389267.772668,19,tum-desk,111,17,353.0,55.0
1791389268.799836,19,tum-desk,111,17,345.0,53.0
1791389269.828308,19,tum-desk,111,17,347.0,70.0
1791389270.858817,19,tum-desk,111,17,377.0,48.0
1791389271.8871555,19,tum-desk,111,17,381.0,9.0
1791389272.9210496,19,tum-desk,111,17,383.0,6.0
1791389273.9544103,19,tum-desk,111,17,407.0,56.0
1791389275.015487,19,tum-desk,111,17,427.0,56.0
1791389276.0687442,19,tum-desk,111,17,413.0,69.0
1791389277.1156454,19,tum-desk,111,17,413.0,66.0
1791389278.1507447,19,tum-desk,111,17,435.0,69.0
1791389279.1863925,19,tum-desk,111,17,425.0,53.0
1791389280.2175024,19,tum-desk,111,17,425.0,56.0
1791389281.2479167,19,tum-desk,111,17,415.0,76.0
1791389282.2788951,19,tum-desk,111,17,417.0,70.0
1791389283.307091,19,tum-desk,111,17,431.0,68.0
1791389284.3363862,19,tum-desk,111,17,433.0,70.0
1791389285.3672967,19,tum-desk,111,17,415.0,61.0
1791389286.398963,19,tum-desk,111,17,437.0,49.0
1791389287.4362092,19,tum-desk,111,17,441.0,2.0
1791389288.4817872,19,tum-desk,111,17,443.0,7.0
1791389289.533037,19,tum-desk,111,17,403.0,1.0
1791389290.575184,19,tum-desk,111,17,483.0,57.0
1791389291.604389,19,tum-desk,111,17,483.0,61.0
1791389292.6336598,19,tum-desk,111,17,479.0,65.0
1791389293.6625774,19,tum-desk,111,17,485.0,69.0
1791389294.690832,19,tum-desk,111,17,485.0,73.0
1791389295.7187066,19,tum-desk,111,17,461.0,73.0
1791389296.7481527,19,tum-desk,111,17,491.0,63.0
1791389297.7776115,19,tum-desk,111,17,469.0,75.0
1791389298.806808,19,tum-desk,111,17,473.0,68.0
1791389299.8360198,19,tum-desk,111,17,473.0,61.0
1791389300.8650384,19,tum-desk,111,17,495.0,63.0
1791389301.9150434,19,tum-desk,111,17,495.0,58.0
1791389302.9691613,19,tum-desk,111,17,469.0,58.0
1791389304.018346,19,tum-desk,111,17,495.0,57.0
1791389305.0734198,19,tum-desk,111,17,497.0,45.0
1791389306.1128285,19,tum-desk,111,17,505.0,5.0
1791389307.1506832,19,tum-desk,111,17,505.0,17.0
1791389308.1971097,19,tum-desk,111,17,535.0,61.0
1791389309.2408507,19,tum-desk,111,17,535.0,68.0
1791389310.2856302,19,tum-desk,111,17,483.0,72.0
1791389311.3297832,19,tum-desk,111,17,515.0,75.0
1791389312.382567,19,tum-desk,111,17,489.0,46.0
1791389313.4407818,19,tum-desk,111,17,525.0,81.0
1791389314.4872637,19,tum-desk,111,17,525.0,66.0
1791389315.542491,19,tum-desk,111,17,497.0,49.0
1791389316.592301,19,tum-desk,111,17,497.0,58.0
1791389317.6218324,19,tum-desk,111,17,503.0,56.0
1791389318.6517346,19,tum-desk,111,17,505.0,70.0
1791389319.6832752,19,tum-desk,111,17,505.0,72.0
1791389320.7146356,19,tum-desk,111,17,505.0,59.0
1791389321.743666,19,tum-desk,111,17,507.0,24.0
1791389322.7734585,19,tum-desk,111,17,507.0,4.0
1791389323.8040996,19,tum-desk,111,17,507.0,30.0
1791389324.832054,19,tum-desk,111,17,495.0,0.0
1791389325.8600223,20,tum-desk,011,17,3.0,0.0
1791389326.898069,20,tum-desk,011,17,3.0,0.0
1791389327.9581168,20,tum-desk,011,17,3.0,0.0
1791389329.0096734,20,tum-desk,011,17,3.0,0.0
1791389330.070516,20,tum-desk,011,17,3.0,0.0
1791389331.1048968,20,tum-desk,011,17,3.0,0.0
1791389332.138475,20,tum-desk,011,17,3.0,0.0
1791389333.175181,20,tum-desk,011,17,3.0,0.0
1791389334.2024078,20,tum-desk,011,17,127.0,0.0
1791389335.2314055,20,tum-desk,011,17,237.0,6.0
1791389336.26236,20,tum-desk,011,17,239.0,60.0
1791389337.2895124,20,tum-desk,011,17,245.0,56.0
1791389338.3188872,20,tum-desk,011,17,269.0,61.0
1791389339.3486366,20,tum-desk,011,17,269.0,64.0
1791389340.3756812,20,tum-desk,011,17,251.0,62.0
1791389341.424453,20,tum-desk,011,17,269.0,57.0
1791389342.4740336,20,tum-desk,011,17,311.0,1.0
1791389343.522924,20,tum-desk,011,17,305.0,51.0
1791389344.5536218,20,tum-desk,011,17,307.0,76.0
1791389345.5835257,20,tum-desk,011,17,307.0,81.0
1791389346.6173503,20,tum-desk,011,17,307.0,79.0
1791389347.645828,20,tum-desk,011,17,307.0,78.0
1791389348.6753051,20,tum-desk,011,17,307.0,67.0
1791389349.7044892,20,tum-desk,011,17,305.0,74.0
1791389350.7337096,20,tum-desk,011,17,307.0,73.0
1791389351.7672153,20,tum-desk,011,17,349.0,5.0
1791389352.7955978,20,tum-desk,011,17,353.0,63.0
1791389353.8523805,20,tum-desk,011,17,337.0,65.0
1791389354.8890321,20,tum-desk,011,17,355.0,57.0
1791389355.941064,20,tum-desk,011,17,355.0,63.0
1791389356.968236,20,tum-desk,011,17,355.0,73.0
1791389358.048685,20,tum-desk,011,17,351.0,34.0
1791389359.1121285,20,tum-desk,011,17,365.0,33.0
1791389360.1409369,20,tum-desk,011,17,357.0,54.0
1791389361.1690433,20,tum-desk,011,17,361.0,73.0
1791389362.197664,20,tum-desk,011,17,375.0,60.0
1791389363.2284687,20,tum-desk,011,17,375.0,66.0
1791389364.25801,20,tum-desk,011,17,381.0,9.0
1791389365.2884073,20,tum-desk,011,17,409.0,61.0
1791389366.3164864,20,tum-desk,011,17,411.0,64.0
1791389367.3745658,20,tum-desk,011,17,393.0,52.0
1791389368.4294066,20,tum-desk,011,17,415.0,81.0
1791389369.4676485,20,tum-desk,011,17,423.0,58.0
1791389370.4956348,20,tum-desk,011,17,423.0,56.0
1791389371.5251105,20,tum-desk,011,17,423.0,56.0
1791389372.5535011,20,tum-desk,011,17,421.0,78.0
1791389373.5880563,20,tum-desk,011,17,421.0,68.0
1791389374.6185849,20,tum-desk,011,17,421.0,73.0
1791389375.6475759,20,tum-desk,011,17,423.0,84.0
1791389376.6764312,20,tum-desk,011,17,411.0,57.0
1791389377.7038095,20,tum-desk,011,17,433.0,88.0
1791389378.7382321,20,tum-desk,011,17,439.0,4.0
1791389379.7645457,20,tum-desk,011,17,439.0,6.0
1791389380.8180459,20,tum-desk,011,17,463.0,57.0
1791389381.8652897,20,tum-desk,011,17,489.0,55.0
1791389382.9134374,20,tum-desk,011,17,489.0,62.0
1791389383.9428403,20,tum-desk,011,17,511.0,78.0
1791389384.9746885,20,tum-desk,011,17,513.0,81.0
1791389386.0070415,20,tum-desk,011,17,467.0,59.0
1791389387.0376115,20,tum-desk,011,17,469.0,72.0
1791389388.0680451,20,tum-desk,011,17,469.0,69.0
1791389389.0970304,20,tum-desk,011,17,471.0,68.0
1791389390.127065,20,tum-desk,011,17,471.0,78.0
1791389391.1557822,20,tum-desk,011,17,469.0,68.0
1791389392.1848145,20,tum-desk,011,17,469.0,63.0
1791389393.2249985,20,tum-desk,011,17,495.0,81.0
1791389394.2870865,20,tum-desk,011,17,495.0,76.0
1791389395.3322654,20,tum-desk,011,17,495.0,9.0
1791389396.38305,20,tum-desk,011,17,497.0,10.0
1791389397.4228835,20,tum-desk,011,17,497.0,17.0
1791389398.460697,20,tum-desk,011,17,529.0,65.0
1791389399.5010707,20,tum-desk,011,17,537.0,63.0
1791389400.542993,20,tum-desk,011,17,537.0,72.0
1791389401.5824554,20,tum-desk,011,17,565.0,76.0
1791389402.612232,20,tum-desk,011,17,565.0,70.0
1791389403.6433527,20,tum-desk,011,17,505.0,77.0
1791389404.6729283,20,tum-desk,011,17,505.0,69.0
1791389405.7016678,20,tum-desk,011,17,535.0,86.0
1791389406.7585971,20,tum-desk,011,17,535.0,61.0
1791389407.8182387,20,tum-desk,011,17,561.0,62.0
1791389408.8690712,20,tum-desk,011,17,561.0,59.0
1791389409.8990545,20,tum-desk,011,17,563.0,86.0
1791389410.926655,20,tum-desk,011,17,563.0,69.0
1791389411.954508,20,tum-desk,011,17,563.0,63.0
1791389412.9813817,20,tum-desk,011,17,569.0,14.0
1791389414.0136626,20,tum-desk,011,17,569.0,6.0
1791389415.0415637,20,tum-desk,011,17,569.0,0.0
1791389416.0721002,21,tum-desk,000,17,3.0,0.0
1791389417.1043875,21,tum-desk,000,17,3.0,0.0
1791389418.1345093,21,tum-desk,000,17,3.0,0.0
1791389419.1630402,21,tum-desk,000,17,3.0,0.0
1791389420.214475,21,tum-desk,000,17,3.0,0.0
1791389421.2721114,21,tum-desk,000,17,3.0,0.0
1791389422.318072,21,tum-desk,000,17,3.0,0.0
1791389423.3679116,21,tum-desk,000,17,3.0,0.0
1791389424.3951967,21,tum-desk,000,17,127.0,0.0
1791389425.4238358,21,tum-desk,000,17,239.0,20.0
1791389426.4515092,21,tum-desk,000,17,239.0,60.0
1791389427.4810715,21,tum-desk,000,17,243.0,58.0
1791389428.5110557,21,tum-desk,000,17,267.0,61.0
1791389429.538679,21,tum-desk,000,17,267.0,69.0
1791389430.5665708,21,tum-desk,000,17,267.0,64.0
1791389431.5941186,21,tum-desk,000,17,267.0,64.0
1791389432.6230254,21,tum-desk,000,17,309.0,51.0
1791389433.6820455,21,tum-desk,000,17,309.0,72.0
1791389434.728921,21,tum-desk,000,17,307.0,71.0
1791389435.7869298,21,tum-desk,000,17,307.0,67.0
1791389436.8164783,21,tum-desk,000,17,305.0,73.0
1791389437.8470962,21,tum-desk,000,17,305.0,67.0
1791389438.8758323,21,tum-desk,000,17,327.0,71.0
1791389439.9083228,21,tum-desk,000,17,307.0,74.0
1791389440.9374325,21,tum-desk,000,17,309.0,2.0
1791389441.966323,21,tum-desk,000,17,351.0,61.0
1791389442.9966764,21,tum-desk,000,17,351.0,69.0
1791389444.0318496,21,tum-desk,000,17,353.0,56.0
1791389445.0600674,21,tum-desk,000,17,347.0,64.0
1791389446.0992603,21,tum-desk,000,17,349.0,68.0
1791389447.1409943,21,tum-desk,000,17,347.0,67.0
1791389448.197056,21,tum-desk,000,17,347.0,46.0
1791389449.2279196,21,tum-desk,000,17,371.0,57.0
1791389450.2576265,21,tum-desk,000,17,373.0,59.0
1791389451.2908864,21,tum-desk,000,17,359.0,76.0
1791389452.3229244,21,tum-desk,000,17,363.0,3.0
1791389453.351725,21,tum-desk,000,17,417.0,21.0
1791389454.3809047,21,tum-desk,000,17,421.0,56.0
1791389455.410402,21,tum-desk,000,17,421.0,74.0
1791389456.438911,21,tum-desk,000,17,419.0,59.0
1791389457.4679778,21,tum-desk,000,17,421.0,70.0
1791389458.496758,21,tum-desk,000,17,421.0,52.0
1791389459.5473835,21,tum-desk,000,17,421.0,50.0
1791389460.6000636,21,tum-desk,000,17,417.0,69.0
1791389461.6500545,21,tum-desk,000,17,417.0,68.0
1791389462.68094,21,tum-desk,000,17,397.0,68.0
1791389463.7090516,21,tum-desk,000,17,421.0,76.0
1791389464.7394974,21,tum-desk,000,17,399.0,71.0
1791389465.7698524,21,tum-desk,000,17,425.0,72.0
1791389466.7981205,21,tum-desk,000,17,425.0,69.0
1791389467.8250828,21,tum-desk,000,17,429.0,8.0
1791389468.8535957,21,tum-desk,000,17,467.0,49.0
1791389469.8817475,21,tum-desk,000,17,493.0,77.0
1791389470.9141662,21,tum-desk,000,17,493.0,70.0
1791389471.9432302,21,tum-desk,000,17,455.0,69.0
1791389472.9982784,21,tum-desk,000,17,481.0,62.0
1791389474.0500839,21,tum-desk,000,17,455.0,54.0
1791389475.0822635,21,tum-desk,000,17,485.0,46.0
1791389476.1135092,21,tum-desk,000,17,485.0,81.0
1791389477.1509159,21,tum-desk,000,17,459.0,52.0
1791389478.193007,21,tum-desk,000,17,485.0,89.0
1791389479.231655,21,tum-desk,000,17,471.0,66.0
1791389480.2792778,21,tum-desk,000,17,471.0,79.0
1791389481.325554,21,tum-desk,000,17,457.0,61.0
1791389482.3682191,21,tum-desk,000,17,497.0,62.0
1791389483.4112878,21,tum-desk,000,17,497.0,67.0
1791389484.4652638,21,tum-desk,000,17,499.0,4.0
1791389485.5181062,21,tum-desk,000,17,499.0,4.0
1791389486.5683584,21,tum-desk,000,17,533.0,60.0
1791389487.6173427,21,tum-desk,000,17,533.0,42.0
1791389488.6475878,21,tum-desk,000,17,533.0,59.0
1791389489.677763,21,tum-desk,000,17,541.0,77.0
1791389490.7087374,21,tum-desk,000,17,543.0,70.0
1791389491.7376702,21,tum-desk,000,17,485.0,78.0
1791389492.7697823,21,tum-desk,000,17,523.0,66.0
1791389493.8021336,21,tum-desk,000,17,513.0,70.0
1791389494.8316228,21,tum-desk,000,17,517.0,60.0
1791389495.8602977,21,tum-desk,000,17,521.0,71.0
1791389496.889223,21,tum-desk,000,17,527.0,77.0
1791389497.918545,21,tum-desk,000,17,527.0,80.0
1791389498.969543,21,tum-desk,000,17,527.0,61.0
1791389500.0240777,21,tum-desk,000,17,527.0,41.0
1791389501.0802407,21,tum-desk,000,17,535.0,20.0
1791389502.1087534,21,tum-desk,000,17,535.0,7.0
1791389503.1384761,21,tum-desk,000,17,535.0,29.0
1791389504.191029,22,tum-desk,101,17,3.0,0.0
1791389505.219409,22,tum-desk,101,17,3.0,0.0
1791389506.249788,22,tum-desk,101,17,3.0,0.0
1791389507.2774243,22,tum-desk,101,17,3.0,0.0
1791389508.3097587,22,tum-desk,101,17,3.0,0.0
1791389509.343028,22,tum-desk,101,17,3.0,0.0
1791389510.375829,22,tum-desk,101,17,3.0,0.0
1791389511.403346,22,tum-desk,101,17,127.0,0.0
1791389512.4544184,22,tum-desk,101,17,145.0,1.0
1791389513.5145652,22,tum-desk,101,17,237.0,34.0
1791389514.5610907,22,tum-desk,101,17,239.0,53.0
1791389515.589041,22,tum-desk,101,17,243.0,59.0
1791389516.6182246,22,tum-desk,101,17,267.0,66.0
1791389517.645926,22,tum-desk,101,17,267.0,63.0
1791389518.6744494,22,tum-desk,101,17,267.0,66.0
1791389519.702112,22,tum-desk,101,17,269.0,65.0
1791389520.729134,22,tum-desk,101,17,305.0,44.0
1791389521.7582686,22,tum-desk,101,17,305.0,59.0
1791389522.7881439,22,tum-desk,101,17,311.0,75.0
1791389523.817598,22,tum-desk,101,17,311.0,72.0
1791389524.845877,22,tum-desk,101,17,309.0,65.0
1791389525.8981402,22,tum-desk,101,17,313.0,68.0
1791389526.9424584,22,tum-desk,101,17,311.0,62.0
1791389528.0145717,22,tum-desk,101,17,321.0,65.0
1791389529.0485954,22,tum-desk,101,17,323.0,37.0
1791389530.0766377,22,tum-desk,101,17,347.0,30.0
1791389531.107424,22,tum-desk,101,17,363.0,67.0
1791389532.1371055,22,tum-desk,101,17,351.0,53.0
1791389533.1645172,22,tum-desk,101,17,353.0,37.0
1791389534.1934934,22,tum-desk,101,17,353.0,59.0
1791389535.2222137,22,tum-desk,101,17,353.0,49.0
1791389536.2508178,22,tum-desk,101,17,349.0,56.0
1791389537.2827556,22,tum-desk,101,17,335.0,71.0
1791389538.3345454,22,tum-desk,101,17,355.0,58.0
1791389539.3876207,22,tum-desk,101,17,339.0,51.0
1791389540.4410348,22,tum-desk,101,17,355.0,54.0
1791389541.4708068,22,tum-desk,101,17,357.0,8.0
1791389542.5157824,22,tum-desk,101,17,433.0,2.0
1791389543.5473862,22,tum-desk,101,17,405.0,54.0
1791389544.5767462,22,tum-desk,101,17,425.0,66.0
1791389545.6050649,22,tum-desk,101,17,411.0,55.0
1791389546.633785,22,tum-desk,101,17,413.0,64.0
1791389547.6619015,22,tum-desk,101,17,421.0,60.0
1791389548.6915298,22,tum-desk,101,17,421.0,62.0
1791389549.7225575,22,tum-desk,101,17,405.0,84.0
1791389550.754805,22,tum-desk,101,17,429.0,59.0
1791389551.8126433,22,tum-desk,101,17,427.0,56.0
1791389552.867043,22,tum-desk,101,17,429.0,41.0
1791389553.9107041,22,tum-desk,101,17,429.0,62.0
1791389554.9393032,22,tum-desk,101,17,433.0,74.0
1791389555.9677207,22,tum-desk,101,17,433.0,77.0
1791389556.9995472,22,tum-desk,101,17,437.0,14.0
1791389558.0339456,22,tum-desk,101,17,437.0,16.0
1791389559.0808241,22,tum-desk,101,17,477.0,65.0
1791389560.1313965,22,tum-desk,101,17,477.0,76.0
1791389561.1759055,22,tum-desk,101,17,447.0,76.0
1791389562.2189229,22,tum-desk,101,17,483.0,79.0
1791389563.268835,22,tum-desk,101,17,483.0,70.0
1791389564.313852,22,tum-desk,101,17,489.0,71.0
1791389565.3831012,22,tum-desk,101,17,489.0,61.0
1791389566.4255311,22,tum-desk,101,17,473.0,59.0
1791389567.4750302,22,tum-desk,101,17,473.0,66.0
1791389568.5039346,22,tum-desk,101,17,473.0,69.0
1791389569.535713,22,tum-desk,101,17,495.0,82.0
1791389570.5640318,22,tum-desk,101,17,497.0,65.0
1791389571.5940993,22,tum-desk,101,17,519.0,67.0
1791389572.623471,22,tum-desk,101,17,523.0,88.0
1791389573.6540813,22,tum-desk,101,17,523.0,64.0
1791389574.6821952,22,tum-desk,101,17,525.0,13.0
1791389575.7146094,22,tum-desk,101,17,525.0,20.0
1791389576.7442217,22,tum-desk,101,17,531.0,51.0
1791389577.7810388,22,tum-desk,101,17,535.0,55.0
1791389578.8338172,22,tum-desk,101,17,499.0,51.0
1791389579.886417,22,tum-desk,101,17,499.0,54.0
1791389580.9154713,22,tum-desk,101,17,499.0,70.0
1791389581.948539,22,tum-desk,101,17,467.0,64.0
1791389582.9765167,22,tum-desk,101,17,529.0,64.0
1791389584.006605,22,tum-desk,101,17,499.0,77.0
1791389585.038426,22,tum-desk,101,17,499.0,60.0
1791389586.0675454,22,tum-desk,101,17,531.0,71.0
1791389587.0960863,22,tum-desk,101,17,531.0,66.0
1791389588.1271577,22,tum-desk,101,17,533.0,66.0
1791389589.1565166,22,tum-desk,101,17,533.0,68.0
1791389590.1863062,22,tum-desk,101,17,539.0,20.0
1791389591.2420413,22,tum-desk,101,17,539.0,4.0
1791389592.2932212,22,tum-desk,101,17,539.0,24.0
1791389593.346389,22,tum-desk,101,17,539.0,0.0
1791389594.4060378,23,tum-desk,001,17,3.0,11.0
1791389595.433589,23,tum-desk,001,17,3.0,0.0
1791389596.4639719,23,tum-desk,001,17,3.0,0.0
1791389597.4988773,23,tum-desk,001,17,3.0,0.0
1791389598.534292,23,tum-desk,001,17,3.0,0.0
1791389599.5664654,23,tum-desk,001,17,3.0,0.0
1791389600.5969076,23,tum-desk,001,17,3.0,0.0
1791389601.6249082,23,tum-desk,001,17,127.0,0.0
1791389602.6533782,23,tum-desk,001,17,237.0,14.0
1791389603.680474,23,tum-desk,001,17,239.0,54.0
1791389604.726531,23,tum-desk,001,17,243.0,42.0
1791389605.7616816,23,tum-desk,001,17,269.0,54.0
1791389606.8126497,23,tum-desk,001,17,267.0,52.0
1791389607.8418922,23,tum-desk,001,17,267.0,60.0
1791389608.8710158,23,tum-desk,001,17,267.0,63.0
1791389609.8986218,23,tum-desk,001,17,305.0,7.0
1791389610.9262428,23,tum-desk,001,17,305.0,81.0
1791389611.955742,23,tum-desk,001,17,327.0,74.0
1791389612.9878628,23,tum-desk,001,17,305.0,61.0
1791389614.016028,23,tum-desk,001,17,303.0,67.0
1791389615.044124,23,tum-desk,001,17,307.0,70.0
1791389616.073603,23,tum-desk,001,17,307.0,67.0
1791389617.1263025,23,tum-desk,001,17,307.0,76.0
1791389618.1772668,23,tum-desk,001,17,307.0,6.0
1791389619.2251573,23,tum-desk,001,17,329.0,1.0
1791389620.2685826,23,tum-desk,001,17,347.0,41.0
1791389621.2987366,23,tum-desk,001,17,327.0,61.0
1791389622.3264527,23,tum-desk,001,17,349.0,65.0
1791389623.3558023,23,tum-desk,001,17,351.0,59.0
1791389624.3864036,23,tum-desk,001,17,351.0,57.0
1791389625.414378,23,tum-desk,001,17,351.0,58.0
1791389626.447221,23,tum-desk,001,17,351.0,65.0
1791389627.476189,23,tum-desk,001,17,343.0,64.0
1791389628.5078652,23,tum-desk,001,17,369.0,56.0
1791389629.5372682,23,tum-desk,001,17,369.0,77.0
1791389630.5880466,23,tum-desk,001,17,373.0,3.0
1791389631.6740553,23,tum-desk,001,17,427.0,0.0
1791389632.7252736,23,tum-desk,001,17,411.0,48.0
1791389633.752226,23,tum-desk,001,17,411.0,70.0
1791389634.8068764,23,tum-desk,001,17,401.0,86.0
1791389635.8368175,23,tum-desk,001,17,423.0,66.0
1791389636.8654501,23,tum-desk,001,17,407.0,63.0
1791389637.894207,23,tum-desk,001,17,431.0,73.0
1791389638.9205394,23,tum-desk,001,17,421.0,64.0
1791389639.9488125,23,tum-desk,001,17,425.0,77.0
1791389640.98049,23,tum-desk,001,17,407.0,70.0
1791389642.0110347,23,tum-desk,001,17,429.0,70.0
1791389643.0415168,23,tum-desk,001,17,409.0,70.0
1791389644.1054873,23,tum-desk,001,17,431.0,79.0
1791389645.155265,23,tum-desk,001,17,431.0,43.0
1791389646.2031167,23,tum-desk,001,17,435.0,2.0
1791389647.231141,23,tum-desk,001,17,437.0,27.0
1791389648.2600644,23,tum-desk,001,17,513.0,70.0
1791389649.293774,23,tum-desk,001,17,513.0,65.0
1791389650.3198776,23,tum-desk,001,17,445.0,80.0
1791389651.3487508,23,tum-desk,001,17,471.0,73.0
1791389652.3761735,23,tum-desk,001,17,473.0,75.0
1791389653.4036636,23,tum-desk,001,17,473.0,68.0
1791389654.4328542,23,tum-desk,001,17,473.0,79.0
1791389655.4605503,23,tum-desk,001,17,479.0,76.0
1791389656.4899921,23,tum-desk,001,17,479.0,68.0
1791389657.5403993,23,tum-desk,001,17,479.0,66.0
1791389658.5900502,23,tum-desk,001,17,487.0,75.0
1791389659.63312,23,tum-desk,001,17,487.0,72.0
1791389660.661646,23,tum-desk,001,17,489.0,72.0
1791389661.691096,23,tum-desk,001,17,489.0,63.0
1791389662.7190425,23,tum-desk,001,17,489.0,61.0
1791389663.748088,23,tum-desk,001,17,493.0,18.0
1791389664.7838504,23,tum-desk,001,17,493.0,21.0
1791389665.817612,23,tum-desk,001,17,505.0,63.0
1791389666.8449275,23,tum-desk,001,17,505.0,66.0
1791389667.8774593,23,tum-desk,001,17,533.0,60.0
1791389668.9078777,23,tum-desk,001,17,537.0,60.0
1791389669.9531188,23,tum-desk,001,17,539.0,77.0
1791389671.0046906,23,tum-desk,001,17,489.0,60.0
1791389672.0621295,23,tum-desk,001,17,521.0,59.0
1791389673.0890508,23,tum-desk,001,17,491.0,63.0
1791389674.1209059,23,tum-desk,001,17,493.0,75.0
1791389675.1482503,23,tum-desk,001,17,523.0,75.0
1791389676.1820672,23,tum-desk,001,17,523.0,72.0
1791389677.2128794,23,tum-desk,001,17,523.0,70.0
1791389678.2442713,23,tum-desk,001,17,525.0,60.0
1791389679.274621,23,tum-desk,001,17,533.0,33.0
1791389680.3047063,23,tum-desk,001,17,533.0,9.0
1791389681.3344207,23,tum-desk,001,17,533.0,4.0
1791389682.3905566,23,tum-desk,001,17,521.0,0.0
1791389683.456028,24,tum-desk,010,17,3.0,0.0
1791389684.5070355,24,tum-desk,010,17,3.0,0.0
1791389685.5502365,24,tum-desk,010,17,3.0,0.0
1791389686.579372,24,tum-desk,010,17,3.0,0.0
1791389687.6134796,24,tum-desk,010,17,3.0,0.0
1791389688.6474469,24,tum-desk,010,17,3.0,0.0
1791389689.678743,24,tum-desk,010,17,3.0,0.0
1791389690.7059927,24,tum-desk,010,17,127.0,0.0
1791389691.7351732,24,tum-desk,010,17,187.0,2.0
1791389692.7658708,24,tum-desk,010,17,239.0,40.0
1791389693.8014364,24,tum-desk,010,17,245.0,59.0
1791389694.830989,24,tum-desk,010,17,269.0,58.0
1791389695.8574357,24,tum-desk,010,17,269.0,59.0
1791389696.9043157,24,tum-desk,010,17,269.0,60.0
1791389697.952048,24,tum-desk,010,17,251.0,53.0
1791389699.0141103,24,tum-desk,010,17,271.0,45.0
1791389700.0413532,24,tum-desk,010,17,305.0,42.0
1791389701.0726438,24,tum-desk,010,17,307.0,75.0
1791389702.102201,24,tum-desk,010,17,327.0,78.0
1791389703.1312575,24,tum-desk,010,17,321.0,76.0
1791389704.1585126,24,tum-desk,010,17,299.0,73.0
1791389705.1880114,24,tum-desk,010,17,287.0,70.0
1791389706.2162995,24,tum-desk,010,17,311.0,67.0
1791389707.2452948,24,tum-desk,010,17,307.0,69.0
1791389708.2736516,24,tum-desk,010,17,309.0,6.0
1791389709.3008971,24,tum-desk,010,17,349.0,55.0
1791389710.3420718,24,tum-desk,010,17,351.0,53.0
1791389711.3956769,24,tum-desk,010,17,353.0,38.0
1791389712.4268634,24,tum-desk,010,17,353.0,44.0
1791389713.4555573,24,tum-desk,010,17,353.0,50.0
1791389714.486204,24,tum-desk,010,17,353.0,65.0
1791389715.513456,24,tum-desk,010,17,349.0,54.0
1791389716.5425673,24,tum-desk,010,17,355.0,49.0
1791389717.571592,24,tum-desk,010,17,363.0,74.0
1791389718.600333,24,tum-desk,010,17,357.0,47.0
1791389719.6290715,24,tum-desk,010,17,359.0,65.0
1791389720.6692312,24,tum-desk,010,17,365.0,11.0
1791389721.7050602,24,tum-desk,010,17,417.0,75.0
1791389722.75907,24,tum-desk,010,17,419.0,47.0
1791389723.8310425,24,tum-desk,010,17,425.0,60.0
1791389724.8788078,24,tum-desk,010,17,425.0,62.0
1791389725.9095438,24,tum-desk,010,17,427.0,64.0
1791389726.9399962,24,tum-desk,010,17,433.0,61.0
1791389727.9684072,24,tum-desk,010,17,435.0,56.0
1791389729.0011754,24,tum-desk,010,17,409.0,68.0
1791389730.0304832,24,tum-desk,010,17,427.0,71.0
1791389731.0615184,24,tum-desk,010,17,431.0,80.0
1791389732.0915337,24,tum-desk,010,17,431.0,88.0
1791389733.1210356,24,tum-desk,010,17,411.0,68.0
1791389734.149251,24,tum-desk,010,17,433.0,82.0
1791389735.1771195,24,tum-desk,010,17,439.0,3.0
1791389736.261056,24,tum-desk,010,17,439.0,7.0
1791389737.3295147,24,tum-desk,010,17,479.0,43.0
1791389738.380168,24,tum-desk,010,17,479.0,65.0
1791389739.4127774,24,tum-desk,010,17,479.0,65.0
1791389740.441318,24,tum-desk,010,17,477.0,81.0
1791389741.4686928,24,tum-desk,010,17,505.0,72.0
1791389742.496823,24,tum-desk,010,17,459.0,64.0
1791389743.526626,24,tum-desk,010,17,487.0,65.0
1791389744.5552537,24,tum-desk,010,17,487.0,65.0
1791389745.5861788,24,tum-desk,010,17,489.0,67.0
1791389746.6135676,24,tum-desk,010,17,489.0,81.0
1791389747.645195,24,tum-desk,010,17,509.0,73.0
1791389748.6748369,24,tum-desk,010,17,513.0,67.0
1791389749.7307775,24,tum-desk,010,17,483.0,68.0
1791389750.77381,24,tum-desk,010,17,489.0,72.0
1791389751.8306634,24,tum-desk,010,17,489.0,47.0
1791389752.8600118,24,tum-desk,010,17,489.0,12.0
1791389753.8903086,24,tum-desk,010,17,493.0,20.0
1791389754.9188986,24,tum-desk,010,17,523.0,45.0
1791389755.9486532,24,tum-desk,010,17,523.0,82.0
1791389756.9816175,24,tum-desk,010,17,501.0,61.0
1791389758.0116138,24,tum-desk,010,17,503.0,67.0
1791389759.0390263,24,tum-desk,010,17,505.0,73.0
1791389760.0670571,24,tum-desk,010,17,481.0,55.0
1791389761.098251,24,tum-desk,010,17,513.0,72.0
1791389762.1474173,24,tum-desk,010,17,481.0,46.0
1791389763.2297652,24,tum-desk,010,17,515.0,63.0
1791389764.2830834,24,tum-desk,010,17,549.0,54.0
1791389765.3127878,24,tum-desk,010,17,549.0,70.0
1791389766.3437417,24,tum-desk,010,17,549.0,70.0
1791389767.3725529,24,tum-desk,010,17,549.0,76.0
1791389768.4024534,24,tum-desk,010,17,553.0,5.0
1791389769.4378588,24,tum-desk,010,17,553.0,21.0
1791389770.4661222,24,tum-desk,010,17,553.0,2.0
1791389771.4947414,25,kitchen,000,17,3.0,9.0
1791389772.523283,25,kitchen,000,17,3.0,0.0
1791389773.5533433,25,kitchen,000,17,3.0,0.0
1791389774.5848906,25,kitchen,000,17,3.0,0.0
1791389775.6620953,25,kitchen,000,17,3.0,0.0
1791389776.7143557,25,kitchen,000,17,127.0,0.0
1791389777.7727633,25,kitchen,000,17,127.0,0.0
1791389778.8009162,25,kitchen,000,17,217.0,18.0
1791389779.8289936,25,kitchen,000,17,217.0,50.0
1791389780.8558536,25,kitchen,000,17,225.0,41.0
1791389781.882218,25,kitchen,000,17,249.0,40.0
1791389782.911514,25,kitchen,000,17,249.0,51.0
1791389783.9400494,25,kitchen,000,17,251.0,59.0
1791389784.967047,25,kitchen,000,17,251.0,35.0
1791389786.021043,25,kitchen,000,17,251.0,31.0
1791389787.0473967,25,kitchen,000,17,289.0,17.0
1791389788.0822215,25,kitchen,000,17,289.0,38.0
1791389789.1324065,25,kitchen,000,17,289.0,21.0
1791389790.1677067,25,kitchen,000,17,309.0,30.0
1791389791.2070735,25,kitchen,000,17,309.0,15.0
1791389792.2348347,25,kitchen,000,17,297.0,44.0
1791389793.2671442,25,kitchen,000,17,301.0,36.0
1791389794.2940896,25,kitchen,000,17,311.0,30.0
1791389795.3213916,25,kitchen,000,17,315.0,42.0
1791389796.3488312,25,kitchen,000,17,291.0,33.0
1791389797.3754325,25,kitchen,000,17,293.0,35.0
1791389798.4031725,25,kitchen,000,17,305.0,34.0
1791389799.4315152,25,kitchen,000,17,305.0,36.0
1791389800.457994,25,kitchen,000,17,313.0,2.0
1791389801.514059,25,kitchen,000,17,313.0,5.0
1791389802.5574846,25,kitchen,000,17,349.0,42.0
1791389803.6170511,25,kitchen,000,17,367.0,39.0
1791389804.656947,25,kitchen,000,17,367.0,43.0
1791389805.6965852,25,kitchen,000,17,355.0,40.0
1791389806.747981,25,kitchen,000,17,355.0,34.0
1791389807.790217,25,kitchen,000,17,351.0,43.0
1791389808.8343897,25,kitchen,000,17,353.0,42.0
1791389809.8768394,25,kitchen,000,17,347.0,51.0
1791389810.919152,25,kitchen,000,17,347.0,48.0
1791389811.9551272,25,kitchen,000,17,329.0,43.0
1791389812.9942212,25,kitchen,000,17,345.0,44.0
1791389814.0340948,25,kitchen,000,17,339.0,46.0
1791389815.095151,25,kitchen,000,17,341.0,20.0
1791389816.1583776,25,kitchen,000,17,341.0,35.0
1791389817.2128034,25,kitchen,000,17,345.0,14.0
1791389818.242909,25,kitchen,000,17,345.0,17.0
1791389819.272683,25,kitchen,000,17,365.0,25.0
1791389820.3032386,25,kitchen,000,17,401.0,55.0
1791389821.3350344,25,kitchen,000,17,419.0,51.0
1791389822.360872,25,kitchen,000,17,419.0,57.0
1791389823.3863726,25,kitchen,000,17,405.0,49.0
1791389824.4147096,25,kitchen,000,17,405.0,66.0
1791389825.4401054,25,kitchen,000,17,407.0,61.0
1791389826.4669023,25,kitchen,000,17,409.0,55.0
1791389827.4927177,25,kitchen,000,17,403.0,57.0
1791389828.5460467,25,kitchen,000,17,407.0,34.0
1791389829.5957177,25,kitchen,000,17,409.0,32.0
1791389830.6460814,25,kitchen,000,17,411.0,26.0
1791389831.6752777,25,kitchen,000,17,401.0,57.0
1791389832.7049322,25,kitchen,000,17,403.0,57.0
1791389833.7340858,25,kitchen,000,17,401.0,55.0
1791389834.7625897,25,kitchen,000,17,421.0,59.0
1791389835.7970486,25,kitchen,000,17,421.0,6.0
1791389836.8253798,25,kitchen,000,17,421.0,16.0
1791389837.8549294,25,kitchen,000,17,421.0,30.0
1791389838.8852825,25,kitchen,000,17,421.0,38.0
1791389839.9125566,25,kitchen,000,17,435.0,20.0
1791389840.9399173,25,kitchen,000,17,461.0,61.0
1791389841.987516,25,kitchen,000,17,461.0,42.0
1791389843.0285897,25,kitchen,000,17,483.0,34.0
1791389844.0858483,25,kitchen,000,17,485.0,34.0
1791389845.113482,25,kitchen,000,17,485.0,59.0
1791389846.141602,25,kitchen,000,17,449.0,49.0
1791389847.168177,25,kitchen,000,17,449.0,60.0
1791389848.1967037,25,kitchen,000,17,451.0,54.0
1791389849.224847,25,kitchen,000,17,465.0,50.0
1791389850.2526407,25,kitchen,000,17,489.0,56.0
1791389851.2788582,25,kitchen,000,17,461.0,67.0
1791389852.3049664,25,kitchen,000,17,463.0,53.0
1791389853.3325336,25,kitchen,000,17,463.0,49.0
1791389854.3900836,25,kitchen,000,17,465.0,47.0
1791389855.438876,25,kitchen,000,17,465.0,49.0
1791389856.4913392,25,kitchen,000,17,465.0,52.0
1791389857.5176806,25,kitchen,000,17,465.0,21.0
1791389858.5712225,25,kitchen,000,17,465.0,23.0
1791389859.6480353,25,kitchen,000,17,465.0,3.0
1791389860.7030492,25,kitchen,000,17,465.0,9.0
1791389861.7557197,25,kitchen,000,17,465.0,9.0
1791389862.7840984,25,kitchen,000,17,527.0,45.0
1791389863.8130128,25,kitchen,000,17,529.0,50.0
1791389864.8442676,25,kitchen,000,17,531.0,75.0
1791389865.8697362,25,kitchen,000,17,533.0,51.0
1791389866.898263,25,kitchen,000,17,533.0,57.0
1791389867.9581263,25,kitchen,000,17,535.0,47.0
1791389869.0113564,25,kitchen,000,17,487.0,56.0
1791389870.055235,25,kitchen,000,17,519.0,29.0
1791389871.0845976,25,kitchen,000,17,519.0,48.0
1791389872.1172707,25,kitchen,000,17,519.0,60.0
1791389873.1476493,25,kitchen,000,17,521.0,55.0
1791389874.175787,25,kitchen,000,17,521.0,47.0
1791389875.2050166,25,kitchen,000,17,527.0,46.0
1791389876.2324672,25,kitchen,000,17,527.0,50.0
1791389877.2618062,25,kitchen,000,17,527.0,56.0
1791389878.2913904,25,kitchen,000,17,529.0,50.0
1791389879.3225873,25,kitchen,000,17,529.0,74.0
1791389880.3517835,25,kitchen,000,17,529.0,13.0
1791389881.4030435,25,kitchen,000,17,529.0,0.0
1791389882.458068,25,kitchen,000,17,529.0,20.0
1791389883.5182292,25,kitchen,000,17,529.0,7.0
1791389884.5561938,25,kitchen,000,17,529.0,0.0
1791389885.59485,25,kitchen,000,17,529.0,5.0
1791389886.6320667,25,kitchen,000,17,529.0,23.0
1791389887.6587431,25,kitchen,000,17,529.0,0.0
1791389888.6899743,26,kitchen,001,17,3.0,0.0
1791389889.7187438,26,kitchen,001,17,3.0,0.0
1791389890.7477412,26,kitchen,001,17,3.0,0.0
1791389891.7832985,26,kitchen,001,17,3.0,0.0
1791389892.8146772,26,kitchen,001,17,3.0,0.0
1791389893.845169,26,kitchen,001,17,127.0,0.0
1791389894.9070683,26,kitchen,001,17,211.0,4.0
1791389895.9653776,26,kitchen,001,17,217.0,23.0
1791389897.016914,26,kitchen,001,17,217.0,29.0
1791389898.0481682,26,kitchen,001,17,223.0,35.0
1791389899.0757225,26,kitchen,001,17,249.0,37.0
1791389900.1020103,26,kitchen,001,17,249.0,48.0
1791389901.1341321,26,kitchen,001,17,251.0,55.0
1791389902.166152,26,kitchen,001,17,251.0,37.0
1791389903.1938596,26,kitchen,001,17,251.0,36.0
1791389904.233087,26,kitchen,001,17,253.0,3.0
1791389905.2609873,26,kitchen,001,17,289.0,32.0
1791389906.290289,26,kitchen,001,17,289.0,40.0
1791389907.335323,26,kitchen,001,17,309.0,39.0
1791389908.4081938,26,kitchen,001,17,311.0,37.0
1791389909.463975,26,kitchen,001,17,311.0,28.0
1791389910.5408711,26,kitchen,001,17,313.0,28.0
1791389911.5704858,26,kitchen,001,17,301.0,35.0
1791389912.5981243,26,kitchen,001,17,303.0,51.0
1791389913.6296551,26,kitchen,001,17,303.0,42.0
1791389914.6559498,26,kitchen,001,17,303.0,41.0
1791389915.6854415,26,kitchen,001,17,307.0,44.0
1791389916.7134657,26,kitchen,001,17,307.0,42.0
1791389917.7426543,26,kitchen,001,17,313.0,3.0
1791389918.77103,26,kitchen,001,17,313.0,14.0
1791389919.8001611,26,kitchen,001,17,355.0,49.0
1791389920.8540277,26,kitchen,001,17,355.0,46.0
1791389921.9111133,26,kitchen,001,17,343.0,31.0
1791389922.9636738,26,kitchen,001,17,345.0,26.0
1791389923.9932983,26,kitchen,001,17,345.0,37.0
1791389925.0226743,26,kitchen,001,17,347.0,47.0
1791389926.0514793,26,kitchen,001,17,347.0,56.0
1791389927.0803797,26,kitchen,001,17,349.0,40.0
1791389928.1127958,26,kitchen,001,17,349.0,48.0
1791389929.1421828,26,kitchen,001,17,349.0,48.0
1791389930.1712067,26,kitchen,001,17,347.0,56.0
1791389931.200477,26,kitchen,001,17,347.0,39.0
1791389932.2314973,26,kitchen,001,17,345.0,40.0
1791389933.2622404,26,kitchen,001,17,345.0,46.0
1791389934.3087158,26,kitchen,001,17,351.0,9.0
1791389935.3720384,26,kitchen,001,17,351.0,0.0
1791389936.4245443,26,kitchen,001,17,351.0,4.0
1791389937.450982,26,kitchen,001,17,351.0,0.0
1791389938.477567,26,kitchen,001,17,401.0,57.0
1791389939.506357,26,kitchen,001,17,403.0,51.0
1791389940.536562,26,kitchen,001,17,409.0,58.0
1791389941.5651119,26,kitchen,001,17,409.0,43.0
1791389942.5975828,26,kitchen,001,17,409.0,44.0
1791389943.6278746,26,kitchen,001,17,419.0,52.0
1791389944.654634,26,kitchen,001,17,421.0,77.0
1791389945.6821325,26,kitchen,001,17,421.0,38.0
1791389946.709802,26,kitchen,001,17,421.0,46.0
1791389947.7610793,26,kitchen,001,17,395.0,62.0
1791389948.816029,26,kitchen,001,17,401.0,44.0
1791389949.8623857,26,kitchen,001,17,403.0,37.0
1791389950.8929167,26,kitchen,001,17,417.0,66.0
1791389951.9220915,26,kitchen,001,17,421.0,75.0
1791389952.9517999,26,kitchen,001,17,421.0,48.0
1791389954.004071,26,kitchen,001,17,421.0,3.0
1791389955.0319934,26,kitchen,001,17,421.0,12.0
1791389956.061403,26,kitchen,001,17,421.0,4.0
1791389957.09335,26,kitchen,001,17,421.0,1.0
1791389958.1281161,26,kitchen,001,17,463.0,54.0
1791389959.1548245,26,kitchen,001,17,463.0,50.0
1791389960.1854377,26,kitchen,001,17,463.0,62.0
1791389961.2339714,26,kitchen,001,17,485.0,39.0
1791389962.2790475,26,kitchen,001,17,485.0,40.0
1791389963.3267763,26,kitchen,001,17,489.0,31.0
1791389964.3574932,26,kitchen,001,17,467.0,49.0
1791389965.3866417,26,kitchen,001,17,469.0,51.0
1791389966.4151046,26,kitchen,001,17,469.0,50.0
1791389967.4420927,26,kitchen,001,17,471.0,48.0
1791389968.4719005,26,kitchen,001,17,473.0,52.0
1791389969.5006447,26,kitchen,001,17,491.0,43.0
1791389970.5288913,26,kitchen,001,17,495.0,48.0
1791389971.5562153,26,kitchen,001,17,495.0,45.0
1791389972.5888276,26,kitchen,001,17,457.0,59.0
1791389973.6404443,26,kitchen,001,17,457.0,65.0
1791389974.691825,26,kitchen,001,17,457.0,37.0
1791389975.741071,26,kitchen,001,17,457.0,2.0
1791389976.7876294,26,kitchen,001,17,457.0,18.0
1791389977.814819,26,kitchen,001,17,457.0,15.0
1791389978.8585808,26,kitchen,001,17,457.0,36.0
1791389979.8979704,26,kitchen,001,17,457.0,38.0
1791389980.933045,26,kitchen,001,17,457.0,0.0
1791389981.974607,26,kitchen,001,17,519.0,62.0
1791389983.0094955,26,kitchen,001,17,521.0,50.0
1791389984.0504172,26,kitchen,001,17,521.0,57.0
1791389985.0924618,26,kitchen,001,17,525.0,47.0
1791389986.1377163,26,kitchen,001,17,527.0,61.0
1791389987.1861298,26,kitchen,001,17,437.0,34.0
1791389988.2367687,26,kitchen,001,17,505.0,40.0
1791389989.2905948,26,kitchen,001,17,507.0,39.0
1791389990.326079,26,kitchen,001,17,507.0,69.0
1791389991.3561776,26,kitchen,001,17,509.0,57.0
1791389992.386615,26,kitchen,001,17,511.0,45.0
1791389993.41697,26,kitchen,001,17,493.0,62.0
1791389994.4455636,26,kitchen,001,17,505.0,61.0
1791389995.4741123,26,kitchen,001,17,505.0,73.0
1791389996.5002434,26,kitchen,001,17,507.0,52.0
1791389997.5308707,26,kitchen,001,17,507.0,65.0
1791389998.5823617,26,kitchen,001,17,507.0,55.0
1791389999.638478,26,kitchen,001,17,507.0,19.0
1791390000.7270942,26,kitchen,001,17,507.0,2.0
1791390001.785112,26,kitchen,001,17,507.0,24.0
1791390002.8375509,26,kitchen,001,17,507.0,43.0
1791390003.8772614,26,kitchen,001,17,507.0,3.0
1791390004.9174418,26,kitchen,001,17,507.0,10.0
1791390005.9475596,26,kitchen,001,17,507.0,0.0
1791390006.9782138,27,kitchen,010,17,3.0,0.0
1791390008.010871,27,kitchen,010,17,3.0,0.0
1791390009.042496,27,kitchen,010,17,3.0,0.0
1791390010.0747037,27,kitchen,010,17,3.0,0.0
1791390011.112192,27,kitchen,010,17,3.0,0.0
1791390012.1391165,27,kitchen,010,17,127.0,0.0
1791390013.1660252,27,kitchen,010,17,219.0,7.0
1791390014.2424154,27,kitchen,010,17,219.0,41.0
1791390015.3031275,27,kitchen,010,17,219.0,12.0
1791390016.3410861,27,kitchen,010,17,227.0,32.0
1791390017.3689055,27,kitchen,010,17,251.0,58.0
1791390018.401353,27,kitchen,010,17,251.0,47.0
1791390019.429933,27,kitchen,010,17,253.0,54.0
1791390020.4570496,27,kitchen,010,17,251.0,61.0
1791390021.4875197,27,kitchen,010,17,253.0,3.0
1791390022.5162332,27,kitchen,010,17,289.0,36.0
1791390023.5448594,27,kitchen,010,17,289.0,36.0
1791390024.5715618,27,kitchen,010,17,301.0,45.0
1791390025.598713,27,kitchen,010,17,301.0,40.0
1791390026.6445565,27,kitchen,010,17,301.0,31.0
1791390027.6942384,27,kitchen,010,17,303.0,37.0
1791390028.742176,27,kitchen,010,17,293.0,25.0
1791390029.789674,27,kitchen,010,17,301.0,29.0
1791390030.8167613,27,kitchen,010,17,319.0,48.0
1791390031.8449142,27,kitchen,010,17,323.0,33.0
1791390032.871468,27,kitchen,010,17,343.0,43.0
1791390033.8990633,27,kitchen,010,17,343.0,39.0
1791390034.9470267,27,kitchen,010,17,349.0,2.0
1791390035.9744322,27,kitchen,010,17,349.0,5.0
1791390037.0028982,27,kitchen,010,17,359.0,54.0
1791390038.0317686,27,kitchen,010,17,359.0,49.0
1791390039.0605478,27,kitchen,010,17,375.0,54.0
1791390040.1106236,27,kitchen,010,17,375.0,27.0
1791390041.1630735,27,kitchen,010,17,375.0,34.0
1791390042.2160554,27,kitchen,010,17,351.0,31.0
1791390043.2435114,27,kitchen,010,17,351.0,55.0
1791390044.2713196,27,kitchen,010,17,347.0,39.0
1791390045.2987607,27,kitchen,010,17,349.0,37.0
1791390046.325645,27,kitchen,010,17,349.0,38.0
1791390047.3540554,27,kitchen,010,17,349.0,65.0
1791390048.3839943,27,kitchen,010,17,347.0,47.0
1791390049.4110262,27,kitchen,010,17,349.0,45.0
1791390050.472275,27,kitchen,010,17,353.0,6.0
1791390051.4996226,27,kitchen,010,17,355.0,11.0
1791390052.560049,27,kitchen,010,17,355.0,7.0
1791390053.614112,27,kitchen,010,17,399.0,44.0
1791390054.6790428,27,kitchen,010,17,421.0,39.0
1791390055.7276182,27,kitchen,010,17,421.0,35.0
1791390056.7562683,27,kitchen,010,17,421.0,53.0
1791390057.7837934,27,kitchen,010,17,425.0,48.0
1791390058.8125095,27,kitchen,010,17,425.0,56.0
1791390059.8406162,27,kitchen,010,17,409.0,55.0
1791390060.86914,27,kitchen,010,17,411.0,48.0
1791390061.8970466,27,kitchen,010,17,395.0,52.0
1791390062.9279442,27,kitchen,010,17,413.0,53.0
1791390063.9561415,27,kitchen,010,17,387.0,52.0
1791390064.9838583,27,kitchen,010,17,397.0,51.0
1791390066.0129597,27,kitchen,010,17,397.0,46.0
1791390067.0750563,27,kitchen,010,17,417.0,51.0
1791390068.1201382,27,kitchen,010,17,417.0,32.0
1791390069.1690495,27,kitchen,010,17,417.0,31.0
1791390070.21905,27,kitchen,010,17,417.0,3.0
1791390071.263403,27,kitchen,010,17,423.0,2.0
1791390072.320388,27,kitchen,010,17,423.0,5.0
1791390073.3562725,27,kitchen,010,17,423.0,4.0
1791390074.3867602,27,kitchen,010,17,459.0,41.0
1791390075.4136806,27,kitchen,010,17,461.0,63.0
1791390076.4422853,27,kitchen,010,17,461.0,46.0
1791390077.4689713,27,kitchen,010,17,463.0,47.0
1791390078.4969425,27,kitchen,010,17,463.0,44.0
1791390079.5480323,27,kitchen,010,17,467.0,50.0
1791390080.6000407,27,kitchen,010,17,467.0,37.0
1791390081.6481044,27,kitchen,010,17,467.0,38.0
1791390082.6784756,27,kitchen,010,17,469.0,25.0
1791390083.7051103,27,kitchen,010,17,469.0,54.0
1791390084.7324643,27,kitchen,010,17,489.0,59.0
1791390085.7607138,27,kitchen,010,17,489.0,47.0
1791390086.790572,27,kitchen,010,17,493.0,41.0
1791390087.8195343,27,kitchen,010,17,493.0,49.0
1791390088.8544416,27,kitchen,010,17,495.0,61.0
1791390089.9069126,27,kitchen,010,17,495.0,14.0
1791390090.9490232,27,kitchen,010,17,495.0,8.0
1791390091.9967902,27,kitchen,010,17,495.0,27.0
1791390093.0724,27,kitchen,010,17,495.0,35.0
1791390094.1324067,27,kitchen,010,17,495.0,21.0
1791390095.1909015,27,kitchen,010,17,495.0,6.0
1791390096.2251954,27,kitchen,010,17,505.0,51.0
1791390097.2517965,27,kitchen,010,17,509.0,49.0
1791390098.28193,27,kitchen,010,17,509.0,60.0
1791390099.3109205,27,kitchen,010,17,541.0,71.0
1791390100.3408542,27,kitchen,010,17,541.0,47.0
1791390101.3670897,27,kitchen,010,17,541.0,57.0
1791390102.3933537,27,kitchen,010,17,517.0,53.0
1791390103.424107,27,kitchen,010,17,517.0,62.0
1791390104.4577358,27,kitchen,010,17,493.0,58.0
1791390105.4911351,27,kitchen,010,17,531.0,59.0
1791390106.5410645,27,kitchen,010,17,531.0,44.0
1791390107.5921624,27,kitchen,010,17,491.0,50.0
1791390108.6360989,27,kitchen,010,17,533.0,49.0
1791390109.6628833,27,kitchen,010,17,533.0,57.0
1791390110.69142,27,kitchen,010,17,533.0,49.0
1791390111.719374,27,kitchen,010,17,533.0,57.0
1791390112.7469158,27,kitchen,010,17,533.0,71.0
1791390113.7983463,27,kitchen,010,17,533.0,7.0
1791390114.8265636,27,kitchen,010,17,533.0,2.0
1791390115.8549294,27,kitchen,010,17,533.0,41.0
1791390116.883629,27,kitchen,010,17,533.0,11.0
1791390117.923361,27,kitchen,010,17,533.0,5.0
1791390118.951459,27,kitchen,010,17,533.0,18.0
1791390120.003354,27,kitchen,010,17,533.0,0.0
1791390121.074082,28,kitchen,110,17,3.0,0.0
1791390122.1047075,28,kitchen,110,17,3.0,0.0
1791390123.137819,28,kitchen,110,17,3.0,0.0
1791390124.1711652,28,kitchen,110,17,3.0,0.0
1791390125.206922,28,kitchen,110,17,3.0,0.0
1791390126.235024,28,kitchen,110,17,127.0,5.0
1791390127.26471,28,kitchen,110,17,143.0,2.0
1791390128.292916,28,kitchen,110,17,217.0,36.0
1791390129.320995,28,kitchen,110,17,217.0,44.0
1791390130.3503463,28,kitchen,110,17,225.0,44.0
1791390131.3782992,28,kitchen,110,17,251.0,50.0
1791390132.4290478,28,kitchen,110,17,251.0,29.0
1791390133.4927359,28,kitchen,110,17,251.0,46.0
1791390134.5450826,28,kitchen,110,17,251.0,23.0
1791390135.5724432,28,kitchen,110,17,253.0,35.0
1791390136.624856,28,kitchen,110,17,253.0,2.0
1791390137.6545796,28,kitchen,110,17,289.0,37.0
1791390138.684819,28,kitchen,110,17,291.0,35.0
1791390139.7116468,28,kitchen,110,17,303.0,59.0
1791390140.7385051,28,kitchen,110,17,293.0,35.0
1791390141.7705932,28,kitchen,110,17,301.0,39.0
1791390142.797738,28,kitchen,110,17,279.0,41.0
1791390143.8256166,28,kitchen,110,17,295.0,45.0
1791390144.853634,28,kitchen,110,17,293.0,34.0
1791390145.9050453,28,kitchen,110,17,315.0,28.0
1791390146.9575033,28,kitchen,110,17,303.0,24.0
1791390147.9986532,28,kitchen,110,17,303.0,29.0
1791390149.026571,28,kitchen,110,17,303.0,41.0
1791390150.0820892,28,kitchen,110,17,309.0,3.0
1791390151.112482,28,kitchen,110,17,309.0,8.0
1791390152.1403613,28,kitchen,110,17,347.0,51.0
1791390153.1682346,28,kitchen,110,17,349.0,53.0
1791390154.1962123,28,kitchen,110,17,347.0,44.0
1791390155.2240524,28,kitchen,110,17,349.0,47.0
1791390156.25173,28,kitchen,110,17,339.0,30.0
1791390157.27842,28,kitchen,110,17,343.0,51.0
1791390158.3060188,28,kitchen,110,17,343.0,35.0
1791390159.3583872,28,kitchen,110,17,341.0,27.0
1791390160.4043515,28,kitchen,110,17,341.0,21.0
1791390161.4620733,28,kitchen,110,17,343.0,31.0
1791390162.488579,28,kitchen,110,17,357.0,43.0
1791390163.517162,28,kitchen,110,17,357.0,37.0
1791390164.5454853,28,kitchen,110,17,355.0,42.0
1791390165.5729046,28,kitchen,110,17,355.0,39.0
1791390166.623944,28,kitchen,110,17,361.0,1.0
1791390167.6539056,28,kitchen,110,17,361.0,11.0
1791390168.6838472,28,kitchen,110,17,361.0,30.0
1791390169.7125373,28,kitchen,110,17,399.0,47.0
1791390170.7394698,28,kitchen,110,17,401.0,44.0
1791390171.795116,28,kitchen,110,17,407.0,51.0
1791390172.8508987,28,kitchen,110,17,407.0,35.0
1791390173.9050338,28,kitchen,110,17,407.0,27.0
1791390174.9522223,28,kitchen,110,17,403.0,53.0
1791390175.9952886,28,kitchen,110,17,411.0,38.0
1791390177.0380082,28,kitchen,110,17,411.0,57.0
1791390178.0846572,28,kitchen,110,17,409.0,44.0
1791390179.135035,28,kitchen,110,17,409.0,39.0
1791390180.1756673,28,kitchen,110,17,411.0,37.0
1791390181.2215044,28,kitchen,110,17,413.0,42.0
1791390182.264449,28,kitchen,110,17,449.0,63.0
1791390183.3065886,28,kitchen,110,17,455.0,59.0
1791390184.3536758,28,kitchen,110,17,455.0,58.0
1791390185.4262836,28,kitchen,110,17,455.0,0.0
1791390186.48867,28,kitchen,110,17,455.0,5.0
1791390187.5498693,28,kitchen,110,17,455.0,0.0
1791390188.5801296,28,kitchen,110,17,461.0,33.0
1791390189.6117246,28,kitchen,110,17,461.0,0.0
1791390190.643446,28,kitchen,110,17,475.0,61.0
1791390191.6737142,28,kitchen,110,17,475.0,57.0
1791390192.7041435,28,kitchen,110,17,475.0,55.0
1791390193.7341256,28,kitchen,110,17,453.0,59.0
1791390194.7613397,28,kitchen,110,17,455.0,45.0
1791390195.792299,28,kitchen,110,17,453.0,47.0
1791390196.8216743,28,kitchen,110,17,457.0,56.0
1791390197.8492637,28,kitchen,110,17,457.0,41.0
1791390198.9012015,28,kitchen,110,17,437.0,41.0
1791390199.9587739,28,kitchen,110,17,437.0,25.0
1791390201.010054,28,kitchen,110,17,437.0,47.0
1791390202.039863,28,kitchen,110,17,485.0,47.0
1791390203.0697644,28,kitchen,110,17,485.0,48.0
1791390204.1010158,28,kitchen,110,17,483.0,44.0
1791390205.1308527,28,kitchen,110,17,485.0,45.0
1791390206.1622212,28,kitchen,110,17,485.0,59.0
1791390207.1941721,28,kitchen,110,17,485.0,4.0
1791390208.2244778,28,kitchen,110,17,485.0,20.0
1791390209.254437,28,kitchen,110,17,485.0,40.0
1791390210.285365,28,kitchen,110,17,485.0,6.0
1791390211.332235,28,kitchen,110,17,485.0,2.0
1791390212.3830783,28,kitchen,110,17,523.0,41.0
1791390213.4223342,28,kitchen,110,17,525.0,34.0
1791390214.468615,28,kitchen,110,17,527.0,29.0
1791390215.4963026,28,kitchen,110,17,527.0,56.0
1791390216.526659,28,kitchen,110,17,517.0,60.0
1791390217.5547373,28,kitchen,110,17,519.0,67.0
1791390218.5860374,28,kitchen,110,17,497.0,61.0
1791390219.614063,28,kitchen,110,17,497.0,59.0
1791390220.6420116,28,kitchen,110,17,525.0,56.0
1791390221.6787047,28,kitchen,110,17,529.0,49.0
1791390222.7088242,28,kitchen,110,17,531.0,71.0
1791390223.7372427,28,kitchen,110,17,531.0,44.0
1791390224.7835505,28,kitchen,110,17,533.0,35.0
1791390225.8390124,28,kitchen,110,17,533.0,43.0
1791390226.894513,28,kitchen,110,17,537.0,44.0
1791390227.92943,28,kitchen,110,17,537.0,34.0
1791390228.9568913,28,kitchen,110,17,537.0,42.0
1791390229.9879105,28,kitchen,110,17,537.0,55.0
1791390231.0174274,28,kitchen,110,17,537.0,20.0
1791390232.0704274,28,kitchen,110,17,537.0,5.0
1791390233.1195061,28,kitchen,110,17,537.0,8.0
1791390234.149263,28,kitchen,110,17,537.0,24.0
1791390235.2020419,28,kitchen,110,17,537.0,3.0
1791390236.2635524,28,kitchen,110,17,537.0,0.0
1791390237.3440523,28,kitchen,110,17,537.0,4.0
1791390238.4320428,28,kitchen,110,17,537.0,4.0
1791390239.5385911,28,kitchen,110,17,537.0,0.0
1791390240.6150544,28,kitchen,110,17,537.0,0.0
1791390241.697859,28,kitchen,110,17,525.0,0.0
1791390242.7274585,29,kitchen,011,17,3.0,0.0
1791390243.7601898,29,kitchen,011,17,3.0,0.0
1791390244.7949808,29,kitchen,011,17,3.0,0.0
1791390245.8263698,29,kitchen,011,17,3.0,0.0
1791390246.8534675,29,kitchen,011,17,127.0,2.0
1791390247.8813822,29,kitchen,011,17,189.0,1.0
1791390248.9081414,29,kitchen,011,17,219.0,40.0
1791390249.937161,29,kitchen,011,17,225.0,17.0
1791390250.9646027,29,kitchen,011,17,227.0,55.0
1791390252.0198753,29,kitchen,011,17,249.0,38.0
1791390253.068396,29,kitchen,011,17,251.0,51.0
1791390254.1212158,29,kitchen,011,17,253.0,35.0
1791390255.1486645,29,kitchen,011,17,251.0,51.0
1791390256.1950445,29,kitchen,011,17,251.0,5.0
1791390257.2226503,29,kitchen,011,17,289.0,43.0
1791390258.2543294,29,kitchen,011,17,289.0,46.0
1791390259.283625,29,kitchen,011,17,303.0,51.0
1791390260.3126884,29,kitchen,011,17,323.0,36.0
1791390261.341273,29,kitchen,011,17,299.0,28.0
1791390262.3699083,29,kitchen,011,17,303.0,40.0
1791390263.3984842,29,kitchen,011,17,301.0,27.0
1791390264.42587,29,kitchen,011,17,315.0,45.0
1791390265.4880495,29,kitchen,011,17,313.0,21.0
1791390266.538074,29,kitchen,011,17,313.0,35.0
1791390267.5832317,29,kitchen,011,17,313.0,25.0
1791390268.6111689,29,kitchen,011,17,325.0,31.0
1791390269.6401863,29,kitchen,011,17,327.0,46.0
1791390270.6704865,29,kitchen,011,17,333.0,8.0
1791390271.698157,29,kitchen,011,17,333.0,3.0
1791390272.7271574,29,kitchen,011,17,373.0,47.0
1791390273.759372,29,kitchen,011,17,375.0,48.0
1791390274.7905264,29,kitchen,011,17,375.0,35.0
1791390275.8178833,29,kitchen,011,17,375.0,38.0
1791390276.847415,29,kitchen,011,17,333.0,38.0
1791390277.9010346,29,kitchen,011,17,351.0,50.0
1791390278.9505255,29,kitchen,011,17,351.0,37.0
1791390280.0026393,29,kitchen,011,17,353.0,23.0
1791390281.0487206,29,kitchen,011,17,355.0,27.0
1791390282.1007023,29,kitchen,011,17,367.0,54.0
1791390283.1454678,29,kitchen,011,17,367.0,46.0
1791390284.182867,29,kitchen,011,17,347.0,39.0
1791390285.22903,29,kitchen,011,17,349.0,50.0
1791390286.2720716,29,kitchen,011,17,351.0,43.0
1791390287.323929,29,kitchen,011,17,355.0,4.0
1791390288.3613176,29,kitchen,011,17,355.0,3.0
1791390289.4090526,29,kitchen,011,17,355.0,4.0
1791390290.457106,29,kitchen,011,17,395.0,46.0
1791390291.5111074,29,kitchen,011,17,419.0,34.0
1791390292.569107,29,kitchen,011,17,419.0,33.0
1791390293.6074655,29,kitchen,011,17,403.0,50.0
1791390294.642414,29,kitchen,011,17,405.0,49.0
1791390295.671583,29,kitchen,011,17,425.0,64.0
1791390296.7011247,29,kitchen,011,17,405.0,49.0
1791390297.730697,29,kitchen,011,17,405.0,57.0
1791390298.7591186,29,kitchen,011,17,407.0,43.0
1791390299.784333,29,kitchen,011,17,407.0,51.0
1791390300.8124583,29,kitchen,011,17,399.0,49.0
1791390301.8404021,29,kitchen,011,17,407.0,44.0
1791390302.8696313,29,kitchen,011,17,407.0,45.0
1791390303.8975027,29,kitchen,011,17,425.0,59.0
1791390304.946464,29,kitchen,011,17,425.0,26.0
1791390306.0158904,29,kitchen,011,17,425.0,6.0
1791390307.056458,29,kitchen,011,17,425.0,16.0
1791390308.0865462,29,kitchen,011,17,425.0,25.0
1791390309.1171865,29,kitchen,011,17,433.0,23.0
1791390310.1460798,29,kitchen,011,17,433.0,0.0
1791390311.1906788,29,kitchen,011,17,501.0,0.0
1791390312.2183228,29,kitchen,011,17,471.0,46.0
1791390313.2467136,29,kitchen,011,17,475.0,50.0
1791390314.2743,29,kitchen,011,17,451.0,65.0
1791390315.301174,29,kitchen,011,17,475.0,52.0
1791390316.327464,29,kitchen,011,17,475.0,53.0
1791390317.3554533,29,kitchen,011,17,471.0,42.0
1791390318.4053013,29,kitchen,011,17,473.0,38.0
1791390319.4589996,29,kitchen,011,17,473.0,47.0
1791390320.5235133,29,kitchen,011,17,475.0,26.0
1791390321.5509017,29,kitchen,011,17,475.0,49.0
1791390322.5766914,29,kitchen,011,17,489.0,60.0
1791390323.6046033,29,kitchen,011,17,503.0,63.0
1791390324.6393867,29,kitchen,011,17,503.0,47.0
1791390325.6672122,29,kitchen,011,17,489.0,68.0
1791390326.694564,29,kitchen,011,17,489.0,55.0
1791390327.72987,29,kitchen,011,17,489.0,24.0
1791390328.7581449,29,kitchen,011,17,489.0,4.0
1791390329.7894168,29,kitchen,011,17,489.0,35.0
1791390330.8311057,29,kitchen,011,17,489.0,7.0
1791390331.8930945,29,kitchen,011,17,489.0,0.0
1791390332.9381082,29,kitchen,011,17,489.0,38.0
1791390333.998417,29,kitchen,011,17,489.0,2.0
1791390335.032948,29,kitchen,011,17,519.0,0.0
1791390336.0588052,29,kitchen,011,17,531.0,64.0
1791390337.0879946,29,kitchen,011,17,531.0,49.0
1791390338.1191895,29,kitchen,011,17,531.0,50.0
1791390339.1521146,29,kitchen,011,17,531.0,59.0
1791390340.1793191,29,kitchen,011,17,531.0,66.0
1791390341.2087395,29,kitchen,011,17,513.0,56.0
1791390342.2413633,29,kitchen,011,17,513.0,66.0
1791390343.2696798,29,kitchen,011,17,505.0,48.0
1791390344.3075767,29,kitchen,011,17,511.0,58.0
1791390345.360052,29,kitchen,011,17,513.0,46.0
1791390346.4078403,29,kitchen,011,17,513.0,36.0
1791390347.5220413,29,kitchen,011,17,571.0,14.0
1791390348.5497086,29,kitchen,011,17,571.0,49.0
1791390349.5802352,29,kitchen,011,17,573.0,59.0
1791390350.6101842,29,kitchen,011,17,573.0,65.0
1791390351.6389763,29,kitchen,011,17,573.0,57.0
1791390352.6910205,29,kitchen,011,17,573.0,23.0
1791390353.7543073,29,kitchen,011,17,573.0,2.0
1791390354.7953835,29,kitchen,011,17,573.0,3.0
1791390355.8233378,29,kitchen,011,17,573.0,7.0
1791390356.8810654,29,kitchen,011,17,573.0,7.0
1791390357.9670992,29,kitchen,011,17,573.0,6.0
1791390359.0290432,29,kitchen,011,17,573.0,12.0
1791390360.0810537,29,kitchen,011,17,573.0,0.0
1791390361.115309,30,kitchen,111,17,3.0,0.0
1791390362.1478384,30,kitchen,111,17,3.0,0.0
1791390363.1802015,30,kitchen,111,17,3.0,0.0
1791390364.2143736,30,kitchen,111,17,3.0,0.0
1791390365.2498987,30,kitchen,111,17,3.0,0.0
1791390366.2765188,30,kitchen,111,17,127.0,0.0
1791390367.303032,30,kitchen,111,17,217.0,5.0
1791390368.3300867,30,kitchen,111,17,217.0,60.0
1791390369.3571944,30,kitchen,111,17,225.0,42.0
1791390370.384333,30,kitchen,111,17,251.0,49.0
1791390371.4375818,30,kitchen,111,17,251.0,28.0
1791390372.4933543,30,kitchen,111,17,251.0,31.0
1791390373.535688,30,kitchen,111,17,251.0,23.0
1791390374.5651777,30,kitchen,111,17,253.0,39.0
1791390375.5925133,30,kitchen,111,17,253.0,33.0
1791390376.621024,30,kitchen,111,17,253.0,0.0
1791390377.6481314,30,kitchen,111,17,289.0,32.0
1791390378.6761997,30,kitchen,111,17,289.0,43.0
1791390379.7026067,30,kitchen,111,17,309.0,38.0
1791390380.7302678,30,kitchen,111,17,311.0,31.0
1791390381.7940588,30,kitchen,111,17,307.0,17.0
1791390382.8630512,30,kitchen,111,17,309.0,6.0
1791390383.9169095,30,kitchen,111,17,309.0,24.0
1791390385.0010598,30,kitchen,111,17,309.0,24.0
1791390386.0543842,30,kitchen,111,17,309.0,46.0
1791390387.1071002,30,kitchen,111,17,301.0,36.0
1791390388.1374903,30,kitchen,111,17,301.0,43.0
1791390389.1800776,30,kitchen,111,17,301.0,45.0
1791390390.2188988,30,kitchen,111,17,323.0,30.0
1791390391.254872,30,kitchen,111,17,323.0,42.0
1791390392.295354,30,kitchen,111,17,323.0,32.0
1791390393.3386443,30,kitchen,111,17,329.0,6.0
1791390394.3828278,30,kitchen,111,17,329.0,3.0
1791390395.4245644,30,kitchen,111,17,357.0,46.0
1791390396.46395,30,kitchen,111,17,357.0,34.0
1791390397.5140283,30,kitchen,111,17,337.0,44.0
1791390398.5622218,30,kitchen,111,17,337.0,33.0
1791390399.606828,30,kitchen,111,17,353.0,41.0
1791390400.6600819,30,kitchen,111,17,353.0,26.0
1791390401.6861415,30,kitchen,111,17,355.0,54.0
1791390402.7123597,30,kitchen,111,17,331.0,45.0
1791390403.7395856,30,kitchen,111,17,335.0,35.0
1791390404.7670007,30,kitchen,111,17,351.0,44.0
1791390405.79545,30,kitchen,111,17,349.0,39.0
1791390406.8222873,30,kitchen,111,17,349.0,46.0
1791390407.8502114,30,kitchen,111,17,347.0,33.0
1791390408.8777401,30,kitchen,111,17,349.0,44.0
1791390409.9280262,30,kitchen,111,17,353.0,4.0
1791390410.996085,30,kitchen,111,17,353.0,1.0
1791390412.0540433,30,kitchen,111,17,353.0,5.0
1791390413.1010966,30,kitchen,111,17,353.0,1.0
1791390414.1320078,30,kitchen,111,17,387.0,4.0
1791390415.1618454,30,kitchen,111,17,395.0,55.0
1791390416.190301,30,kitchen,111,17,417.0,51.0
1791390417.2210696,30,kitchen,111,17,401.0,54.0
1791390418.249852,30,kitchen,111,17,421.0,52.0
1791390419.2794864,30,kitchen,111,17,417.0,53.0
1791390420.3062878,30,kitchen,111,17,423.0,47.0
1791390421.3368475,30,kitchen,111,17,423.0,55.0
1791390422.3647063,30,kitchen,111,17,403.0,48.0
1791390423.3919294,30,kitchen,111,17,405.0,57.0
1791390424.4581075,30,kitchen,111,17,405.0,27.0
1791390425.5060742,30,kitchen,111,17,405.0,34.0
1791390426.5650768,30,kitchen,111,17,407.0,44.0
1791390427.592975,30,kitchen,111,17,449.0,56.0
1791390428.6221278,30,kitchen,111,17,449.0,50.0
1791390429.6496046,30,kitchen,111,17,449.0,41.0
1791390430.7018306,30,kitchen,111,17,449.0,5.0
1791390431.732428,30,kitchen,111,17,457.0,2.0
1791390432.762616,30,kitchen,111,17,457.0,3.0
1791390433.7905045,30,kitchen,111,17,457.0,4.0
1791390434.8182461,30,kitchen,111,17,465.0,58.0
1791390435.844768,30,kitchen,111,17,465.0,46.0
1791390436.8725104,30,kitchen,111,17,467.0,50.0
1791390437.9200177,30,kitchen,111,17,443.0,44.0
1791390438.9703653,30,kitchen,111,17,447.0,30.0
1791390440.0224488,30,kitchen,111,17,447.0,30.0
1791390441.0525763,30,kitchen,111,17,453.0,44.0
1791390442.080757,30,kitchen,111,17,453.0,56.0
1791390443.1135442,30,kitchen,111,17,453.0,65.0
1791390444.1411815,30,kitchen,111,17,455.0,46.0
1791390445.169625,30,kitchen,111,17,483.0,58.0
1791390446.1964846,30,kitchen,111,17,505.0,45.0
1791390447.22645,30,kitchen,111,17,507.0,52.0
1791390448.252691,30,kitchen,111,17,507.0,50.0
1791390449.28116,30,kitchen,111,17,481.0,52.0
1791390450.308708,30,kitchen,111,17,483.0,45.0
1791390451.390055,30,kitchen,111,17,483.0,14.0
1791390452.4384768,30,kitchen,111,17,483.0,11.0
1791390453.5071287,30,kitchen,111,17,483.0,3.0
1791390454.5368662,30,kitchen,111,17,483.0,40.0
1791390455.5672798,30,kitchen,111,17,483.0,21.0
1791390456.596619,30,kitchen,111,17,483.0,2.0
1791390457.6252897,30,kitchen,111,17,483.0,0.0
1791390458.6532803,30,kitchen,111,17,523.0,54.0
1791390459.6812086,30,kitchen,111,17,525.0,66.0
1791390460.7105567,30,kitchen,111,17,527.0,63.0
1791390461.7399328,30,kitchen,111,17,527.0,54.0
1791390462.770517,30,kitchen,111,17,529.0,48.0
1791390463.7979426,30,kitchen,111,17,529.0,52.0
1791390464.845852,30,kitchen,111,17,501.0,33.0
1791390465.889332,30,kitchen,111,17,501.0,57.0
1791390466.9589427,30,kitchen,111,17,501.0,43.0
1791390467.9858692,30,kitchen,111,17,501.0,43.0
1791390469.0132658,30,kitchen,111,17,505.0,45.0
1791390470.0433526,30,kitchen,111,17,505.0,67.0
1791390471.0700622,30,kitchen,111,17,511.0,47.0
1791390472.1025774,30,kitchen,111,17,511.0,51.0
1791390473.1316173,30,kitchen,111,17,513.0,59.0
1791390474.1597674,30,kitchen,111,17,513.0,46.0
1791390475.186559,30,kitchen,111,17,513.0,67.0
1791390476.2246537,30,kitchen,111,17,513.0,30.0
1791390477.2901342,30,kitchen,111,17,513.0,0.0
1791390478.3570364,30,kitchen,111,17,513.0,18.0
1791390479.4174192,30,kitchen,111,17,513.0,33.0
1791390480.4710164,30,kitchen,111,17,513.0,4.0
1791390481.5031693,30,kitchen,111,17,513.0,17.0
1791390482.5600364,30,kitchen,111,17,513.0,11.0
1791390483.5880115,30,kitchen,111,17,501.0,0.0
1791390484.6187065,31,kitchen,101,17,3.0,0.0
1791390485.646636,31,kitchen,101,17,3.0,0.0
1791390486.6815028,31,kitchen,101,17,3.0,0.0
1791390487.7130952,31,kitchen,101,17,3.0,0.0
1791390488.7422545,31,kitchen,101,17,127.0,5.0
1791390489.769854,31,kitchen,101,17,143.0,2.0
1791390490.8220901,31,kitchen,101,17,215.0,17.0
1791390491.879522,31,kitchen,101,17,217.0,30.0
1791390492.9243171,31,kitchen,101,17,223.0,39.0
1791390493.9534662,31,kitchen,101,17,247.0,56.0
1791390494.9836829,31,kitchen,101,17,249.0,54.0
1791390496.012272,31,kitchen,101,17,249.0,54.0
1791390497.0397775,31,kitchen,101,17,249.0,59.0
1791390498.0910456,31,kitchen,101,17,249.0,24.0
1791390499.1182961,31,kitchen,101,17,289.0,28.0
1791390500.145452,31,kitchen,101,17,289.0,42.0
1791390501.172145,31,kitchen,101,17,309.0,35.0
1791390502.1999257,31,kitchen,101,17,309.0,42.0
1791390503.2272723,31,kitchen,101,17,309.0,41.0
1791390504.2750554,31,kitchen,101,17,309.0,24.0
1791390505.3233113,31,kitchen,101,17,301.0,24.0
1791390506.3693535,31,kitchen,101,17,309.0,25.0
1791390507.395296,31,kitchen,101,17,309.0,49.0
1791390508.4218142,31,kitchen,101,17,309.0,47.0
1791390509.4484763,31,kitchen,101,17,309.0,48.0
1791390510.4770155,31,kitchen,101,17,309.0,41.0
1791390511.5050054,31,kitchen,101,17,309.0,38.0
1791390512.5620184,31,kitchen,101,17,315.0,3.0
1791390513.605478,31,kitchen,101,17,315.0,1.0
1791390514.636552,31,kitchen,101,17,353.0,58.0
1791390515.6656094,31,kitchen,101,17,353.0,58.0
1791390516.6936269,31,kitchen,101,17,341.0,37.0
1791390517.7470405,31,kitchen,101,17,343.0,39.0
1791390518.7886348,31,kitchen,101,17,343.0,34.0
1791390519.8264885,31,kitchen,101,17,359.0,37.0
1791390520.8567863,31,kitchen,101,17,359.0,51.0
1791390521.8868103,31,kitchen,101,17,359.0,33.0
1791390522.9154947,31,kitchen,101,17,355.0,53.0
1791390523.9436064,31,kitchen,101,17,355.0,29.0
1791390524.9717832,31,kitchen,101,17,367.0,46.0
1791390526.0008993,31,kitchen,101,17,369.0,47.0
1791390527.029978,31,kitchen,101,17,339.0,37.0
1791390528.0614316,31,kitchen,101,17,339.0,53.0
1791390529.0917494,31,kitchen,101,17,365.0,10.0
1791390530.164918,31,kitchen,101,17,365.0,1.0
1791390531.214437,31,kitchen,101,17,365.0,16.0
1791390532.2646286,31,kitchen,101,17,365.0,0.0
1791390533.3190784,31,kitchen,101,17,405.0,42.0
1791390534.3457437,31,kitchen,101,17,405.0,42.0
1791390535.3740857,31,kitchen,101,17,405.0,47.0
1791390536.4042773,31,kitchen,101,17,409.0,49.0
1791390537.4306026,31,kitchen,101,17,409.0,44.0
1791390538.462082,31,kitchen,101,17,413.0,60.0
1791390539.493625,31,kitchen,101,17,413.0,42.0
1791390540.5217109,31,kitchen,101,17,413.0,43.0
1791390541.5507264,31,kitchen,101,17,417.0,45.0
1791390542.5794013,31,kitchen,101,17,417.0,61.0
1791390543.6223624,31,kitchen,101,17,423.0,37.0
1791390544.6790419,31,kitchen,101,17,423.0,37.0
1791390545.7286882,31,kitchen,101,17,425.0,42.0
1791390546.7575452,31,kitchen,101,17,401.0,34.0
1791390547.786404,31,kitchen,101,17,401.0,48.0
1791390548.8174791,31,kitchen,101,17,403.0,30.0
1791390549.858762,31,kitchen,101,17,403.0,2.0
1791390550.892084,31,kitchen,101,17,411.0,19.0
1791390551.9233682,31,kitchen,101,17,411.0,17.0
1791390552.9514089,31,kitchen,101,17,411.0,1.0
1791390553.9919105,31,kitchen,101,17,445.0,53.0
1791390555.0339308,31,kitchen,101,17,469.0,46.0
1791390556.0758543,31,kitchen,101,17,469.0,53.0
1791390557.133045,31,kitchen,101,17,471.0,43.0
1791390558.1961713,31,kitchen,101,17,471.0,37.0
1791390559.2412026,31,kitchen,101,17,471.0,33.0
1791390560.2689815,31,kitchen,101,17,453.0,49.0
1791390561.2951372,31,kitchen,101,17,457.0,45.0
1791390562.3235404,31,kitchen,101,17,457.0,51.0
1791390563.351159,31,kitchen,101,17,437.0,52.0
1791390564.3775847,31,kitchen,101,17,461.0,59.0
1791390565.4066808,31,kitchen,101,17,483.0,55.0
1791390566.4357455,31,kitchen,101,17,485.0,46.0
1791390567.4623177,31,kitchen,101,17,485.0,58.0
1791390568.4909558,31,kitchen,101,17,441.0,64.0
1791390569.5221412,31,kitchen,101,17,465.0,51.0
1791390570.5921917,31,kitchen,101,17,465.0,32.0
1791390571.6393032,31,kitchen,101,17,465.0,20.0
1791390572.6874187,31,kitchen,101,17,465.0,2.0
1791390573.715307,31,kitchen,101,17,465.0,35.0
1791390574.7449841,31,kitchen,101,17,465.0,40.0
1791390575.773295,31,kitchen,101,17,465.0,3.0
1791390576.800498,31,kitchen,101,17,465.0,0.0
1791390577.8337073,31,kitchen,101,17,527.0,48.0
1791390578.8668642,31,kitchen,101,17,527.0,39.0
1791390579.893882,31,kitchen,101,17,527.0,58.0
1791390580.9216084,31,kitchen,101,17,535.0,51.0
1791390581.9529066,31,kitchen,101,17,539.0,52.0
1791390582.9818447,31,kitchen,101,17,539.0,75.0
1791390584.0370488,31,kitchen,101,17,511.0,42.0
1791390585.0932024,31,kitchen,101,17,511.0,46.0
1791390586.1359487,31,kitchen,101,17,511.0,35.0
1791390587.1642752,31,kitchen,101,17,571.0,57.0
1791390588.197016,31,kitchen,101,17,573.0,46.0
1791390589.226142,31,kitchen,101,17,573.0,52.0
1791390590.2551758,31,kitchen,101,17,535.0,45.0
1791390591.2830987,31,kitchen,101,17,535.0,62.0
1791390592.3105054,31,kitchen,101,17,535.0,51.0
1791390593.3400056,31,kitchen,101,17,537.0,71.0
1791390594.3691025,31,kitchen,101,17,537.0,63.0
1791390595.3993793,31,kitchen,101,17,537.0,13.0
1791390596.431067,31,kitchen,101,17,537.0,27.0
1791390597.520718,31,kitchen,101,17,537.0,0.0
1791390598.591125,31,kitchen,101,17,537.0,25.0
1791390599.6489608,31,kitchen,101,17,537.0,33.0
1791390600.6807141,31,kitchen,101,17,537.0,49.0
1791390601.7112901,31,kitchen,101,17,537.0,42.0
1791390602.7409189,31,kitchen,101,17,537.0,0.0
1791390603.7716951,32,kitchen,100,17,3.0,0.0
1791390604.8004196,32,kitchen,100,17,3.0,0.0
1791390605.8342037,32,kitchen,100,17,3.0,0.0
1791390606.8674679,32,kitchen,100,17,3.0,0.0
1791390607.908077,32,kitchen,100,17,127.0,5.0
1791390608.937928,32,kitchen,100,17,143.0,2.0
1791390609.9834542,32,kitchen,100,17,215.0,22.0
1791390611.0440388,32,kitchen,100,17,217.0,55.0
1791390612.1043901,32,kitchen,100,17,223.0,43.0
1791390613.1352892,32,kitchen,100,17,223.0,40.0
1791390614.1654549,32,kitchen,100,17,249.0,52.0
1791390615.1969042,32,kitchen,100,17,249.0,38.0
1791390616.2269218,32,kitchen,100,17,251.0,32.0
1791390617.2531636,32,kitchen,100,17,249.0,40.0
1791390618.2833796,32,kitchen,100,17,253.0,3.0
1791390619.3109326,32,kitchen,100,17,309.0,47.0
1791390620.3396375,32,kitchen,100,17,305.0,42.0
1791390621.3668888,32,kitchen,100,17,311.0,31.0
1791390622.3946657,32,kitchen,100,17,303.0,34.0
1791390623.4721363,32,kitchen,100,17,311.0,23.0
1791390624.5220325,32,kitchen,100,17,311.0,22.0
1791390625.575052,32,kitchen,100,17,289.0,26.0
1791390626.604688,32,kitchen,100,17,303.0,45.0
1791390627.6329656,32,kitchen,100,17,297.0,36.0
1791390628.6612265,32,kitchen,100,17,301.0,29.0
1791390629.6894436,32,kitchen,100,17,303.0,51.0
1791390630.7183797,32,kitchen,100,17,303.0,38.0
1791390631.7551482,32,kitchen,100,17,307.0,7.0
1791390632.7988114,32,kitchen,100,17,307.0,1.0
1791390633.8508196,32,kitchen,100,17,357.0,51.0
1791390634.8896847,32,kitchen,100,17,357.0,38.0
1791390635.9316587,32,kitchen,100,17,341.0,33.0
1791390636.9956365,32,kitchen,100,17,343.0,28.0
1791390638.0440693,32,kitchen,100,17,343.0,29.0
1791390639.0976636,32,kitchen,100,17,343.0,29.0
1791390640.1273549,32,kitchen,100,17,343.0,39.0
1791390641.15616,32,kitchen,100,17,357.0,57.0
1791390642.1833725,32,kitchen,100,17,359.0,39.0
1791390643.215983,32,kitchen,100,17,359.0,51.0
1791390644.24831,32,kitchen,100,17,343.0,35.0
1791390645.27834,32,kitchen,100,17,345.0,46.0
1791390646.3076713,32,kitchen,100,17,361.0,49.0
1791390647.33971,32,kitchen,100,17,361.0,42.0
1791390648.3940196,32,kitchen,100,17,365.0,10.0
1791390649.4233997,32,kitchen,100,17,365.0,1.0
1791390650.4800813,32,kitchen,100,17,365.0,12.0
1791390651.5364423,32,kitchen,100,17,385.0,48.0
1791390652.5951188,32,kitchen,100,17,387.0,42.0
1791390653.6245632,32,kitchen,100,17,389.0,41.0
1791390654.6661422,32,kitchen,100,17,393.0,54.0
1791390655.6937482,32,kitchen,100,17,415.0,48.0
1791390656.723083,32,kitchen,100,17,419.0,53.0
1791390657.7529051,32,kitchen,100,17,417.0,47.0
1791390658.781021,32,kitchen,100,17,419.0,48.0
1791390659.8112478,32,kitchen,100,17,399.0,62.0
1791390660.841575,32,kitchen,100,17,401.0,52.0
1791390661.8688939,32,kitchen,100,17,401.0,48.0
1791390662.8964603,32,kitchen,100,17,395.0,47.0
1791390663.944684,32,kitchen,100,17,419.0,33.0
1791390664.9885566,32,kitchen,100,17,399.0,56.0
1791390666.0452876,32,kitchen,100,17,399.0,41.0
1791390667.0749612,32,kitchen,100,17,401.0,49.0
1791390668.107893,32,kitchen,100,17,405.0,20.0
1791390669.1580348,32,kitchen,100,17,405.0,3.0
1791390670.2144399,32,kitchen,100,17,409.0,7.0
1791390671.2693572,32,kitchen,100,17,409.0,5.0
1791390672.3016183,32,kitchen,100,17,449.0,51.0
1791390673.3306243,32,kitchen,100,17,449.0,40.0
1791390674.365185,32,kitchen,100,17,449.0,52.0
1791390675.3955235,32,kitchen,100,17,471.0,64.0
1791390676.4597251,32,kitchen,100,17,471.0,51.0
1791390677.5089526,32,kitchen,100,17,473.0,30.0
1791390678.563368,32,kitchen,100,17,449.0,31.0
1791390679.591007,32,kitchen,100,17,449.0,33.0
1791390680.6190562,32,kitchen,100,17,449.0,58.0
1791390681.6499398,32,kitchen,100,17,475.0,55.0
1791390682.677985,32,kitchen,100,17,475.0,58.0
1791390683.7096224,32,kitchen,100,17,477.0,48.0
1791390684.7393577,32,kitchen,100,17,479.0,54.0
1791390685.7707255,32,kitchen,100,17,479.0,50.0
1791390686.79999,32,kitchen,100,17,467.0,59.0
1791390687.830719,32,kitchen,100,17,467.0,58.0
1791390688.885032,32,kitchen,100,17,467.0,17.0
1791390689.955774,32,kitchen,100,17,467.0,2.0
1791390691.0260785,32,kitchen,100,17,467.0,38.0
1791390692.0732915,32,kitchen,100,17,467.0,19.0
1791390693.1054394,32,kitchen,100,17,467.0,28.0
1791390694.1355147,32,kitchen,100,17,467.0,43.0
1791390695.1685314,32,kitchen,100,17,511.0,57.0
1791390696.1988695,32,kitchen,100,17,511.0,53.0
1791390697.2330005,32,kitchen,100,17,511.0,57.0
1791390698.2640715,32,kitchen,100,17,551.0,44.0
1791390699.2945316,32,kitchen,100,17,551.0,44.0
1791390700.3212256,32,kitchen,100,17,551.0,60.0
1791390701.348189,32,kitchen,100,17,553.0,50.0
1791390702.376674,32,kitchen,100,17,553.0,54.0
1791390703.4284027,32,kitchen,100,17,553.0,42.0
1791390704.4831636,32,kitchen,100,17,535.0,57.0
1791390705.5346277,32,kitchen,100,17,537.0,31.0
1791390706.5621245,32,kitchen,100,17,537.0,48.0
1791390707.5897524,32,kitchen,100,17,507.0,46.0
1791390708.6186836,32,kitchen,100,17,509.0,46.0
1791390709.6481552,32,kitchen,100,17,509.0,44.0
1791390710.6754441,32,kitchen,100,17,509.0,71.0
1791390711.704513,32,kitchen,100,17,509.0,63.0
1791390712.7329142,32,kitchen,100,17,509.0,29.0
1791390713.76348,32,kitchen,100,17,509.0,27.0
1791390714.7937477,32,kitchen,100,17,509.0,34.0
1791390715.821244,32,kitchen,100,17,509.0,36.0
1791390716.890052,32,kitchen,100,17,509.0,7.0
1791390717.952109,32,kitchen,100,17,509.0,13.0
1791390719.0108745,32,kitchen,100,17,509.0,0.0
1791390720.0392566,32,kitchen,100,17,509.0,0.0
1791390721.0695977,33,tum-desk,101,27,3.0,0.0
1791390722.0990052,33,tum-desk,101,27,3.0,0.0
1791390723.1343513,33,tum-desk,101,27,3.0,0.0
1791390724.1670709,33,tum-desk,101,27,3.0,0.0
1791390725.1993618,33,tum-desk,101,27,3.0,0.0
1791390726.2344582,33,tum-desk,101,27,3.0,0.0
1791390727.2624686,33,tum-desk,101,27,127.0,5.0
1791390728.292574,33,tum-desk,101,27,145.0,2.0
1791390729.321829,33,tum-desk,101,27,239.0,54.0
1791390730.3730848,33,tum-desk,101,27,243.0,30.0
1791390731.4215312,33,tum-desk,101,27,243.0,52.0
1791390732.4668276,33,tum-desk,101,27,267.0,42.0
1791390733.4968348,33,tum-desk,101,27,247.0,57.0
1791390734.5306518,33,tum-desk,101,27,267.0,63.0
1791390735.5603414,33,tum-desk,101,27,267.0,63.0
1791390736.588741,33,tum-desk,101,27,305.0,29.0
1791390737.6250725,33,tum-desk,101,27,307.0,76.0
1791390738.6616874,33,tum-desk,101,27,307.0,74.0
1791390739.6928792,33,tum-desk,101,27,305.0,71.0
1791390740.7218447,33,tum-desk,101,27,307.0,72.0
1791390741.7529447,33,tum-desk,101,27,303.0,67.0
1791390742.8083034,33,tum-desk,101,27,307.0,72.0
1791390743.8720598,33,tum-desk,101,27,305.0,66.0
1791390744.922497,33,tum-desk,101,27,309.0,2.0
1791390745.9883766,33,tum-desk,101,27,343.0,7.0
1791390747.0217283,33,tum-desk,101,27,347.0,55.0
1791390748.0515347,33,tum-desk,101,27,363.0,72.0
1791390749.0803392,33,tum-desk,101,27,363.0,64.0
1791390750.1143293,33,tum-desk,101,27,363.0,59.0
1791390751.1430495,33,tum-desk,101,27,363.0,70.0
1791390752.1705158,33,tum-desk,101,27,349.0,62.0
1791390753.1977744,33,tum-desk,101,27,341.0,68.0
1791390754.228674,33,tum-desk,101,27,361.0,57.0
1791390755.256269,33,tum-desk,101,27,361.0,74.0
1791390756.3110516,33,tum-desk,101,27,361.0,43.0
1791390757.366102,33,tum-desk,101,27,361.0,3.0
1791390758.404279,33,tum-desk,101,27,417.0,0.0
1791390759.4327352,33,tum-desk,101,27,427.0,59.0
1791390760.4618504,33,tum-desk,101,27,429.0,81.0
1791390761.492453,33,tum-desk,101,27,417.0,67.0
1791390762.5226183,33,tum-desk,101,27,419.0,61.0
1791390763.5498781,33,tum-desk,101,27,409.0,77.0
1791390764.5795343,33,tum-desk,101,27,409.0,74.0
1791390765.6150465,33,tum-desk,101,27,405.0,69.0
1791390766.6465108,33,tum-desk,101,27,431.0,69.0
1791390767.678258,33,tum-desk,101,27,453.0,63.0
1791390768.7107258,33,tum-desk,101,27,453.0,60.0
1791390769.7663958,33,tum-desk,101,27,453.0,47.0
1791390770.8224325,33,tum-desk,101,27,413.0,75.0
1791390771.8830044,33,tum-desk,101,27,413.0,68.0
1791390772.9103928,33,tum-desk,101,27,417.0,3.0
1791390773.938802,33,tum-desk,101,27,419.0,8.0
1791390774.9719334,33,tum-desk,101,27,517.0,56.0
1791390776.0020342,33,tum-desk,101,27,517.0,69.0
1791390777.0331936,33,tum-desk,101,27,383.0,75.0
1791390778.064783,33,tum-desk,101,27,461.0,54.0
1791390779.0954173,33,tum-desk,101,27,461.0,63.0
1791390780.1281877,33,tum-desk,101,27,483.0,81.0
1791390781.1574523,33,tum-desk,101,27,483.0,71.0
1791390782.185495,33,tum-desk,101,27,461.0,64.0
1791390783.2684212,33,tum-desk,101,27,461.0,51.0
1791390784.322415,33,tum-desk,101,27,463.0,55.0
1791390785.3726625,33,tum-desk,101,27,487.0,58.0
1791390786.403356,33,tum-desk,101,27,487.0,71.0
1791390787.4333262,33,tum-desk,101,27,463.0,61.0
1791390788.4647624,33,tum-desk,101,27,465.0,67.0
1791390789.5053208,33,tum-desk,101,27,467.0,46.0
1791390790.5465944,33,tum-desk,101,27,469.0,10.0
1791390791.5752823,33,tum-desk,101,27,469.0,28.0
1791390792.6034884,33,tum-desk,101,27,481.0,67.0
1791390793.631627,33,tum-desk,101,27,483.0,84.0
1791390794.6608205,33,tum-desk,101,27,511.0,67.0
1791390795.709842,33,tum-desk,101,27,515.0,57.0
1791390796.7700853,33,tum-desk,101,27,509.0,69.0
1791390797.8129063,33,tum-desk,101,27,513.0,53.0
1791390798.8415027,33,tum-desk,101,27,513.0,42.0
1791390799.8708973,33,tum-desk,101,27,493.0,76.0
1791390800.9003701,33,tum-desk,101,27,493.0,81.0
1791390801.9279716,33,tum-desk,101,27,499.0,76.0
1791390802.9594011,33,tum-desk,101,27,499.0,60.0
1791390803.9867914,33,tum-desk,101,27,527.0,72.0
1791390805.015493,33,tum-desk,101,27,527.0,81.0
1791390806.0437276,33,tum-desk,101,27,533.0,17.0
1791390807.0752087,33,tum-desk,101,27,533.0,16.0
1791390808.1215358,33,tum-desk,101,27,533.0,4.0
1791390809.1702151,33,tum-desk,101,27,521.0,0.0
1791390810.2446198,34,tum-desk,100,27,3.0,0.0
1791390811.2870185,34,tum-desk,100,27,3.0,0.0
1791390812.318226,34,tum-desk,100,27,3.0,0.0
1791390813.349618,34,tum-desk,100,27,3.0,0.0
1791390814.3825982,34,tum-desk,100,27,3.0,0.0
1791390815.4164531,34,tum-desk,100,27,3.0,0.0
1791390816.4477334,34,tum-desk,100,27,3.0,0.0
1791390817.475304,34,tum-desk,100,27,127.0,0.0
1791390818.5037422,34,tum-desk,100,27,237.0,4.0
1791390819.5315452,34,tum-desk,100,27,239.0,54.0
1791390820.5615504,34,tum-desk,100,27,243.0,64.0
1791390821.5900617,34,tum-desk,100,27,267.0,65.0
1791390822.6420586,34,tum-desk,100,27,247.0,44.0
1791390823.6860526,34,tum-desk,100,27,267.0,52.0
1791390824.7340915,34,tum-desk,100,27,267.0,55.0
1791390825.764014,34,tum-desk,100,27,269.0,2.0
1791390826.7940779,34,tum-desk,100,27,309.0,50.0
1791390827.8221574,34,tum-desk,100,27,299.0,68.0
1791390828.8506029,34,tum-desk,100,27,309.0,75.0
1791390829.8793287,34,tum-desk,100,27,311.0,77.0
1791390830.9082632,34,tum-desk,100,27,315.0,74.0
1791390831.9373736,34,tum-desk,100,27,315.0,69.0
1791390832.9700422,34,tum-desk,100,27,313.0,73.0
1791390833.9988291,34,tum-desk,100,27,315.0,36.0
1791390835.0648248,34,tum-desk,100,27,337.0,25.0
1791390836.1361039,34,tum-desk,100,27,341.0,48.0
1791390837.1725435,34,tum-desk,100,27,357.0,54.0
1791390838.2016473,34,tum-desk,100,27,357.0,55.0
1791390839.2313268,34,tum-desk,100,27,359.0,66.0
1791390840.2616084,34,tum-desk,100,27,359.0,73.0
1791390841.292028,34,tum-desk,100,27,345.0,74.0
1791390842.3237314,34,tum-desk,100,27,349.0,53.0
1791390843.3550897,34,tum-desk,100,27,351.0,64.0
1791390844.3847082,34,tum-desk,100,27,357.0,56.0
1791390845.413891,34,tum-desk,100,27,357.0,63.0
1791390846.4407167,34,tum-desk,100,27,357.0,4.0
1791390847.4690862,34,tum-desk,100,27,409.0,54.0
1791390848.5330439,34,tum-desk,100,27,429.0,54.0
1791390849.5865974,34,tum-desk,100,27,429.0,43.0
1791390850.6403575,34,tum-desk,100,27,417.0,50.0
1791390851.6685624,34,tum-desk,100,27,417.0,76.0
1791390852.698097,34,tum-desk,100,27,419.0,64.0
1791390853.7267063,34,tum-desk,100,27,443.0,85.0
1791390854.7566478,34,tum-desk,100,27,393.0,66.0
1791390855.7847142,34,tum-desk,100,27,415.0,67.0
1791390856.8136637,34,tum-desk,100,27,437.0,76.0
1791390857.8421059,34,tum-desk,100,27,437.0,69.0
1791390858.8712778,34,tum-desk,100,27,439.0,69.0
1791390859.9022706,34,tum-desk,100,27,441.0,75.0
1791390860.9311376,34,tum-desk,100,27,441.0,13.0
1791390861.9932687,34,tum-desk,100,27,441.0,2.0
1791390863.0520122,34,tum-desk,100,27,515.0,31.0
1791390864.1023705,34,tum-desk,100,27,517.0,34.0
1791390865.1313627,34,tum-desk,100,27,517.0,55.0
1791390866.16209,34,tum-desk,100,27,485.0,81.0
1791390867.1915338,34,tum-desk,100,27,485.0,77.0
1791390868.2221653,34,tum-desk,100,27,459.0,77.0
1791390869.2513576,34,tum-desk,100,27,487.0,71.0
1791390870.280276,34,tum-desk,100,27,489.0,63.0
1791390871.3123777,34,tum-desk,100,27,469.0,63.0
1791390872.344129,34,tum-desk,100,27,469.0,87.0
1791390873.373371,34,tum-desk,100,27,473.0,68.0
1791390874.406188,34,tum-desk,100,27,473.0,69.0
1791390875.457485,34,tum-desk,100,27,473.0,58.0
1791390876.5012884,34,tum-desk,100,27,475.0,30.0
1791390877.551107,34,tum-desk,100,27,475.0,54.0
1791390878.5806813,34,tum-desk,100,27,477.0,17.0
1791390879.6095617,34,tum-desk,100,27,477.0,7.0
1791390880.6388352,34,tum-desk,100,27,481.0,73.0
1791390881.6697166,34,tum-desk,100,27,485.0,60.0
1791390882.7034616,34,tum-desk,100,27,487.0,75.0
1791390883.73249,34,tum-desk,100,27,491.0,68.0
1791390884.7601063,34,tum-desk,100,27,491.0,75.0
1791390885.78924,34,tum-desk,100,27,521.0,79.0
1791390886.822621,34,tum-desk,100,27,521.0,68.0
1791390887.8700457,34,tum-desk,100,27,481.0,76.0
1791390888.9325156,34,tum-desk,100,27,509.0,71.0
1791390889.9834387,34,tum-desk,100,27,475.0,52.0
1791390891.0126033,34,tum-desk,100,27,505.0,74.0
1791390892.041398,34,tum-desk,100,27,507.0,67.0
1791390893.0743084,34,tum-desk,100,27,507.0,62.0
1791390894.1076474,34,tum-desk,100,27,507.0,75.0
1791390895.138923,34,tum-desk,100,27,511.0,14.0
1791390896.1834052,34,tum-desk,100,27,511.0,5.0
1791390897.2134552,34,tum-desk,100,27,511.0,0.0
1791390898.244696,35,tum-desk,000,27,3.0,0.0
1791390899.272891,35,tum-desk,000,27,3.0,0.0
1791390900.301552,35,tum-desk,000,27,3.0,0.0
1791390901.3680873,35,tum-desk,000,27,3.0,0.0
1791390902.4275348,35,tum-desk,000,27,3.0,0.0
1791390903.4774015,35,tum-desk,000,27,3.0,0.0
1791390904.5096688,35,tum-desk,000,27,3.0,0.0
1791390905.5528777,35,tum-desk,000,27,127.0,5.0
1791390906.5798767,35,tum-desk,000,27,143.0,0.0
1791390907.6082854,35,tum-desk,000,27,237.0,42.0
1791390908.6382172,35,tum-desk,000,27,243.0,42.0
1791390909.6660078,35,tum-desk,000,27,247.0,61.0
1791390910.6937206,35,tum-desk,000,27,267.0,53.0
1791390911.7229297,35,tum-desk,000,27,269.0,62.0
1791390912.7506473,35,tum-desk,000,27,267.0,67.0
1791390913.7779138,35,tum-desk,000,27,269.0,1.0
1791390914.8280518,35,tum-desk,000,27,305.0,55.0
1791390915.8747802,35,tum-desk,000,27,299.0,69.0
1791390916.9369907,35,tum-desk,000,27,311.0,62.0
1791390917.9643886,35,tum-desk,000,27,311.0,77.0
1791390918.9937062,35,tum-desk,000,27,319.0,76.0
1791390920.0231874,35,tum-desk,000,27,319.0,76.0
1791390921.0535944,35,tum-desk,000,27,305.0,73.0
1791390922.0807998,35,tum-desk,000,27,307.0,70.0
1791390923.1112945,35,tum-desk,000,27,319.0,8.0
1791390924.1426466,35,tum-desk,000,27,351.0,49.0
1791390925.170287,35,tum-desk,000,27,375.0,71.0
1791390926.199037,35,tum-desk,000,27,375.0,65.0
1791390927.2273183,35,tum-desk,000,27,357.0,58.0
1791390928.274067,35,tum-desk,000,27,341.0,65.0
1791390929.3290703,35,tum-desk,000,27,341.0,48.0
1791390930.368039,35,tum-desk,000,27,339.0,62.0
1791390931.395064,35,tum-desk,000,27,357.0,54.0
1791390932.4220293,35,tum-desk,000,27,353.0,79.0
