unix_seconds,phase,job,dataset,factors,seed,gpu_used_mib,gpu_util_percent
1791392652.2129986,screen,1,tum-desk,111,7,3.0,0.0
1791392653.2386274,screen,1,tum-desk,111,7,3.0,0.0
1791392654.2647748,screen,1,tum-desk,111,7,3.0,0.0
1791392655.2907052,screen,1,tum-desk,111,7,3.0,0.0
1791392656.3162935,screen,1,tum-desk,111,7,3.0,0.0
1791392657.3419642,screen,1,tum-desk,111,7,3.0,0.0
1791392658.3656578,screen,1,tum-desk,111,7,216.0,0.0
1791392659.3895864,screen,1,tum-desk,111,7,342.0,16.0
1791392660.4133961,screen,1,tum-desk,111,7,344.0,4.0
1791392661.4371552,screen,1,tum-desk,111,7,372.0,41.0
1791392662.4605663,screen,1,tum-desk,111,7,352.0,36.0
1791392663.4837778,screen,1,tum-desk,111,7,374.0,37.0
1791392664.507516,screen,1,tum-desk,111,7,372.0,41.0
1791392665.5312698,screen,1,tum-desk,111,7,410.0,45.0
1791392666.5551252,screen,1,tum-desk,111,7,426.0,50.0
1791392667.5783465,screen,1,tum-desk,111,7,410.0,56.0
1791392668.6020482,screen,1,tum-desk,111,7,408.0,49.0
1791392669.6259947,screen,1,tum-desk,111,7,410.0,44.0
1791392670.6501365,screen,1,tum-desk,111,7,410.0,53.0
1791392671.673857,screen,1,tum-desk,111,7,412.0,3.0
1791392672.6973262,screen,1,tum-desk,111,7,454.0,32.0
1791392673.720633,screen,1,tum-desk,111,7,446.0,33.0
1791392674.7442107,screen,1,tum-desk,111,7,450.0,48.0
1791392675.7684054,screen,1,tum-desk,111,7,458.0,34.0
1791392676.7927585,screen,1,tum-desk,111,7,456.0,40.0
1791392677.8163908,screen,1,tum-desk,111,7,456.0,27.0
1791392678.8411524,screen,1,tum-desk,111,7,458.0,39.0
1791392679.8655765,screen,1,tum-desk,111,7,472.0,37.0
1791392680.8891592,screen,1,tum-desk,111,7,474.0,37.0
1791392681.9126415,screen,1,tum-desk,111,7,474.0,2.0
1791392682.9363837,screen,1,tum-desk,111,7,526.0,36.0
1791392683.9602218,screen,1,tum-desk,111,7,528.0,38.0
1791392684.984202,screen,1,tum-desk,111,7,522.0,23.0
1791392686.009163,screen,1,tum-desk,111,7,518.0,42.0
1791392687.0339768,screen,1,tum-desk,111,7,524.0,36.0
1791392688.0574586,screen,1,tum-desk,111,7,524.0,45.0
1791392689.0819764,screen,1,tum-desk,111,7,528.0,34.0
1791392690.1062307,screen,1,tum-desk,111,7,524.0,40.0
1791392691.13024,screen,1,tum-desk,111,7,524.0,34.0
1791392692.1558151,screen,1,tum-desk,111,7,532.0,41.0
1791392693.1798768,screen,1,tum-desk,111,7,532.0,7.0
1791392694.203308,screen,1,tum-desk,111,7,534.0,4.0
1791392695.2281275,screen,1,tum-desk,111,7,588.0,33.0
1791392696.2516832,screen,1,tum-desk,111,7,590.0,58.0
1791392697.277067,screen,1,tum-desk,111,7,576.0,32.0
1791392698.302877,screen,1,tum-desk,111,7,576.0,44.0
1791392699.3271172,screen,1,tum-desk,111,7,576.0,38.0
1791392700.351247,screen,1,tum-desk,111,7,576.0,29.0
1791392701.376079,screen,1,tum-desk,111,7,580.0,31.0
1791392702.4005852,screen,1,tum-desk,111,7,580.0,24.0
1791392703.4247584,screen,1,tum-desk,111,7,582.0,40.0
1791392704.4497037,screen,1,tum-desk,111,7,608.0,60.0
1791392705.4735262,screen,1,tum-desk,111,7,588.0,35.0
1791392706.4972847,screen,1,tum-desk,111,7,588.0,22.0
1791392707.5217073,screen,1,tum-desk,111,7,592.0,2.0
1791392708.5449257,screen,1,tum-desk,111,7,592.0,0.0
1791392709.5682971,screen,1,tum-desk,111,7,650.0,43.0
1791392710.5919352,screen,1,tum-desk,111,7,650.0,42.0
1791392711.6154985,screen,1,tum-desk,111,7,602.0,27.0
1791392712.6404538,screen,1,tum-desk,111,7,592.0,36.0
1791392713.6650894,screen,1,tum-desk,111,7,626.0,45.0
1791392714.689806,screen,1,tum-desk,111,7,608.0,47.0
1791392715.7130222,screen,1,tum-desk,111,7,638.0,58.0
1791392716.7363312,screen,1,tum-desk,111,7,644.0,45.0
1791392717.7634044,screen,1,tum-desk,111,7,644.0,37.0
1791392718.7894363,screen,1,tum-desk,111,7,644.0,34.0
1791392719.8135917,screen,1,tum-desk,111,7,644.0,30.0
1791392720.837511,screen,1,tum-desk,111,7,652.0,17.0
1791392721.8612373,screen,1,tum-desk,111,7,652.0,15.0
1791392722.8838723,screen,1,tum-desk,111,7,652.0,4.0
1791392723.9060361,screen,1,tum-desk,111,7,652.0,0.0
1791392724.9306574,screen,2,tum-desk,000,7,3.0,0.0
1791392725.9530797,screen,2,tum-desk,000,7,3.0,0.0
1791392726.978153,screen,2,tum-desk,000,7,3.0,0.0
1791392728.0029697,screen,2,tum-desk,000,7,3.0,0.0
1791392729.0284655,screen,2,tum-desk,000,7,3.0,0.0
1791392730.0541298,screen,2,tum-desk,000,7,3.0,0.0
1791392731.0764475,screen,2,tum-desk,000,7,216.0,4.0
1791392732.099238,screen,2,tum-desk,000,7,246.0,4.0
1791392733.1228194,screen,2,tum-desk,000,7,342.0,20.0
1791392734.1463482,screen,2,tum-desk,000,7,346.0,44.0
1791392735.1700802,screen,2,tum-desk,000,7,370.0,40.0
1791392736.1934297,screen,2,tum-desk,000,7,370.0,38.0
1791392737.2172623,screen,2,tum-desk,000,7,352.0,38.0
1791392738.240882,screen,2,tum-desk,000,7,372.0,1.0
1791392739.2650983,screen,2,tum-desk,000,7,410.0,51.0
1791392740.289307,screen,2,tum-desk,000,7,430.0,56.0
1791392741.3128653,screen,2,tum-desk,000,7,422.0,56.0
1791392742.3364356,screen,2,tum-desk,000,7,420.0,40.0
1791392743.359695,screen,2,tum-desk,000,7,424.0,56.0
1791392744.3825471,screen,2,tum-desk,000,7,424.0,0.0
1791392745.4066327,screen,2,tum-desk,000,7,448.0,41.0
1791392746.4301531,screen,2,tum-desk,000,7,426.0,25.0
1791392747.4540043,screen,2,tum-desk,000,7,450.0,42.0
1791392748.477784,screen,2,tum-desk,000,7,460.0,50.0
1791392749.5018988,screen,2,tum-desk,000,7,458.0,38.0
1791392750.5260804,screen,2,tum-desk,000,7,456.0,31.0
1791392751.5496297,screen,2,tum-desk,000,7,442.0,44.0
1791392752.574065,screen,2,tum-desk,000,7,460.0,53.0
1791392753.5976324,screen,2,tum-desk,000,7,460.0,1.0
1791392754.6221452,screen,2,tum-desk,000,7,530.0,56.0
1791392755.646228,screen,2,tum-desk,000,7,498.0,51.0
1791392756.6698248,screen,2,tum-desk,000,7,524.0,44.0
1791392757.6939948,screen,2,tum-desk,000,7,530.0,42.0
1791392758.7180045,screen,2,tum-desk,000,7,506.0,50.0
1791392759.7424242,screen,2,tum-desk,000,7,508.0,68.0
1791392760.7658992,screen,2,tum-desk,000,7,526.0,48.0
1791392761.7903445,screen,2,tum-desk,000,7,530.0,67.0
1791392762.8142183,screen,2,tum-desk,000,7,530.0,3.0
1791392763.8375556,screen,2,tum-desk,000,7,532.0,6.0
1791392764.862202,screen,2,tum-desk,000,7,636.0,35.0
1791392765.8878856,screen,2,tum-desk,000,7,578.0,71.0
1791392766.9118257,screen,2,tum-desk,000,7,582.0,64.0
1791392767.9360387,screen,2,tum-desk,000,7,606.0,63.0
1791392768.9620433,screen,2,tum-desk,000,7,572.0,74.0
1791392769.9865572,screen,2,tum-desk,000,7,574.0,66.0
1791392771.0109663,screen,2,tum-desk,000,7,578.0,60.0
1791392772.0343153,screen,2,tum-desk,000,7,584.0,59.0
1791392773.0591648,screen,2,tum-desk,000,7,584.0,59.0
1791392774.0817354,screen,2,tum-desk,000,7,592.0,2.0
1791392775.1046743,screen,2,tum-desk,000,7,592.0,6.0
1791392776.1280723,screen,2,tum-desk,000,7,676.0,41.0
1791392777.1518555,screen,2,tum-desk,000,7,676.0,54.0
1791392778.1776054,screen,2,tum-desk,000,7,600.0,35.0
1791392779.2007947,screen,2,tum-desk,000,7,608.0,41.0
1791392780.2259276,screen,2,tum-desk,000,7,610.0,56.0
1791392781.253323,screen,2,tum-desk,000,7,610.0,50.0
1791392782.2772112,screen,2,tum-desk,000,7,616.0,62.0
1791392783.3026774,screen,2,tum-desk,000,7,616.0,45.0
1791392784.3263714,screen,2,tum-desk,000,7,616.0,58.0
1791392785.349511,screen,2,tum-desk,000,7,620.0,2.0
1791392786.3725147,screen,2,tum-desk,000,7,620.0,13.0
1791392787.395815,screen,2,tum-desk,000,7,620.0,0.0
1791392788.4191203,screen,2,tum-desk,000,7,620.0,0.0
1791392789.4427202,screen,3,kitchen,000,7,3.0,0.0
1791392790.4676545,screen,3,kitchen,000,7,3.0,0.0
1791392791.4922876,screen,3,kitchen,000,7,3.0,0.0
1791392792.5182445,screen,3,kitchen,000,7,3.0,0.0
1791392793.5420883,screen,3,kitchen,000,7,216.0,3.0
1791392794.5656292,screen,3,kitchen,000,7,246.0,4.0
1791392795.5894585,screen,3,kitchen,000,7,322.0,16.0
1791392796.6127663,screen,3,kitchen,000,7,326.0,25.0
1791392797.6362762,screen,3,kitchen,000,7,350.0,35.0
1791392798.6599743,screen,3,kitchen,000,7,350.0,32.0
1791392799.6841714,screen,3,kitchen,000,7,352.0,27.0
1791392800.7084556,screen,3,kitchen,000,7,352.0,38.0
1791392801.7331922,screen,3,kitchen,000,7,354.0,2.0
1791392802.757589,screen,3,kitchen,000,7,392.0,16.0
1791392803.7816575,screen,3,kitchen,000,7,402.0,21.0
1791392804.8063743,screen,3,kitchen,000,7,412.0,24.0
1791392805.8311229,screen,3,kitchen,000,7,404.0,16.0
1791392806.8553994,screen,3,kitchen,000,7,418.0,25.0
1791392807.8796277,screen,3,kitchen,000,7,416.0,25.0
1791392808.9032552,screen,3,kitchen,000,7,408.0,22.0
1791392809.927386,screen,3,kitchen,000,7,408.0,22.0
1791392810.950319,screen,3,kitchen,000,7,408.0,19.0
1791392811.9741063,screen,3,kitchen,000,7,420.0,24.0
1791392812.9972754,screen,3,kitchen,000,7,426.0,7.0
1791392814.0209627,screen,3,kitchen,000,7,444.0,33.0
1791392815.0455782,screen,3,kitchen,000,7,460.0,36.0
1791392816.0696533,screen,3,kitchen,000,7,462.0,34.0
1791392817.0940473,screen,3,kitchen,000,7,462.0,22.0
1791392818.1181464,screen,3,kitchen,000,7,462.0,32.0
1791392819.142194,screen,3,kitchen,000,7,456.0,26.0
1791392820.1651971,screen,3,kitchen,000,7,458.0,33.0
1791392821.188889,screen,3,kitchen,000,7,460.0,30.0
1791392822.2128153,screen,3,kitchen,000,7,456.0,41.0
1791392823.237394,screen,3,kitchen,000,7,458.0,44.0
1791392824.264854,screen,3,kitchen,000,7,462.0,1.0
1791392825.2888505,screen,3,kitchen,000,7,462.0,1.0
1791392826.3124766,screen,3,kitchen,000,7,496.0,29.0
1791392827.336153,screen,3,kitchen,000,7,498.0,47.0
1791392828.3599107,screen,3,kitchen,000,7,506.0,31.0
1791392829.3842373,screen,3,kitchen,000,7,506.0,41.0
1791392830.4080567,screen,3,kitchen,000,7,502.0,53.0
1791392831.4313447,screen,3,kitchen,000,7,506.0,25.0
1791392832.4575324,screen,3,kitchen,000,7,504.0,35.0
1791392833.482403,screen,3,kitchen,000,7,522.0,38.0
1791392834.5056992,screen,3,kitchen,000,7,506.0,43.0
1791392835.530334,screen,3,kitchen,000,7,502.0,51.0
1791392836.5548704,screen,3,kitchen,000,7,504.0,51.0
1791392837.5820568,screen,3,kitchen,000,7,504.0,2.0
1791392838.6058283,screen,3,kitchen,000,7,504.0,3.0
1791392839.6295485,screen,3,kitchen,000,7,504.0,11.0
1791392840.6533794,screen,3,kitchen,000,7,588.0,39.0
1791392841.677433,screen,3,kitchen,000,7,588.0,37.0
1791392842.7007093,screen,3,kitchen,000,7,548.0,38.0
1791392843.7252507,screen,3,kitchen,000,7,548.0,34.0
1791392844.749763,screen,3,kitchen,000,7,578.0,40.0
1791392845.7742898,screen,3,kitchen,000,7,578.0,42.0
1791392846.7974622,screen,3,kitchen,000,7,554.0,40.0
1791392847.8211808,screen,3,kitchen,000,7,554.0,50.0
1791392848.8444247,screen,3,kitchen,000,7,548.0,41.0
1791392849.8682241,screen,3,kitchen,000,7,548.0,27.0
1791392850.8943038,screen,3,kitchen,000,7,594.0,48.0
1791392851.9173477,screen,3,kitchen,000,7,594.0,25.0
1791392852.941049,screen,3,kitchen,000,7,594.0,12.0
1791392853.9676843,screen,3,kitchen,000,7,594.0,2.0
1791392854.9906647,screen,3,kitchen,000,7,594.0,18.0
1791392856.0180063,screen,3,kitchen,000,7,594.0,4.0
1791392857.0416071,screen,3,kitchen,000,7,608.0,36.0
1791392858.065502,screen,3,kitchen,000,7,610.0,45.0
1791392859.088937,screen,3,kitchen,000,7,610.0,33.0
1791392860.1134799,screen,3,kitchen,000,7,610.0,36.0
1791392861.1366832,screen,3,kitchen,000,7,608.0,47.0
1791392862.1598127,screen,3,kitchen,000,7,642.0,40.0
1791392863.1839528,screen,3,kitchen,000,7,644.0,52.0
1791392864.2098386,screen,3,kitchen,000,7,644.0,45.0
1791392865.2333202,screen,3,kitchen,000,7,622.0,52.0
1791392866.2564056,screen,3,kitchen,000,7,622.0,42.0
1791392867.283229,screen,3,kitchen,000,7,622.0,57.0
1791392868.3092935,screen,3,kitchen,000,7,622.0,64.0
1791392869.3329067,screen,3,kitchen,000,7,622.0,28.0
1791392870.3576527,screen,3,kitchen,000,7,622.0,2.0
1791392871.3840241,screen,3,kitchen,000,7,622.0,0.0
1791392872.4105546,screen,3,kitchen,000,7,622.0,0.0
1791392873.433951,screen,3,kitchen,000,7,622.0,28.0
1791392874.4569614,screen,3,kitchen,000,7,622.0,0.0
1791392875.4800637,screen,3,kitchen,000,7,622.0,0.0
1791392876.503873,screen,4,kitchen,111,7,3.0,0.0
1791392877.5296347,screen,4,kitchen,111,7,3.0,0.0
1791392878.5545952,screen,4,kitchen,111,7,3.0,0.0
1791392879.580097,screen,4,kitchen,111,7,3.0,0.0
1791392880.6023548,screen,4,kitchen,111,7,214.0,2.0
1791392881.6259336,screen,4,kitchen,111,7,246.0,0.0
1791392882.6493528,screen,4,kitchen,111,7,320.0,16.0
1791392883.6736724,screen,4,kitchen,111,7,326.0,1.0
1791392884.6975322,screen,4,kitchen,111,7,354.0,16.0
1791392885.7204866,screen,4,kitchen,111,7,354.0,27.0
1791392886.743806,screen,4,kitchen,111,7,354.0,33.0
1791392887.7675564,screen,4,kitchen,111,7,352.0,30.0
1791392888.7911358,screen,4,kitchen,111,7,354.0,3.0
1791392889.8147073,screen,4,kitchen,111,7,392.0,26.0
1791392890.8376303,screen,4,kitchen,111,7,392.0,20.0
1791392891.8610604,screen,4,kitchen,111,7,414.0,20.0
1791392892.8844035,screen,4,kitchen,111,7,414.0,19.0
1791392893.9080596,screen,4,kitchen,111,7,406.0,28.0
1791392894.9321592,screen,4,kitchen,111,7,404.0,19.0
1791392895.9560254,screen,4,kitchen,111,7,404.0,26.0
1791392896.9792192,screen,4,kitchen,111,7,404.0,18.0
1791392898.0032432,screen,4,kitchen,111,7,404.0,28.0
1791392899.0268514,screen,4,kitchen,111,7,424.0,24.0
1791392900.0499306,screen,4,kitchen,111,7,432.0,8.0
1791392901.0731978,screen,4,kitchen,111,7,432.0,3.0
1791392902.096847,screen,4,kitchen,111,7,454.0,27.0
1791392903.1210246,screen,4,kitchen,111,7,456.0,29.0
1791392904.1445007,screen,4,kitchen,111,7,456.0,23.0
1791392905.1680286,screen,4,kitchen,111,7,460.0,22.0
1791392906.1914396,screen,4,kitchen,111,7,452.0,24.0
1791392907.2143755,screen,4,kitchen,111,7,452.0,34.0
1791392908.2390823,screen,4,kitchen,111,7,450.0,29.0
1791392909.263094,screen,4,kitchen,111,7,434.0,24.0
1791392910.2877574,screen,4,kitchen,111,7,450.0,26.0
1791392911.3109171,screen,4,kitchen,111,7,444.0,19.0
1791392912.3354836,screen,4,kitchen,111,7,462.0,24.0
1791392913.359055,screen,4,kitchen,111,7,466.0,2.0
1791392914.3826578,screen,4,kitchen,111,7,466.0,5.0
1791392915.4060178,screen,4,kitchen,111,7,466.0,0.0
1791392916.430288,screen,4,kitchen,111,7,518.0,36.0
1791392917.4544196,screen,4,kitchen,111,7,520.0,28.0
1791392918.478014,screen,4,kitchen,111,7,512.0,33.0
1791392919.5021713,screen,4,kitchen,111,7,512.0,21.0
1791392920.5277324,screen,4,kitchen,111,7,554.0,35.0
1791392921.5507658,screen,4,kitchen,111,7,554.0,24.0
1791392922.5742304,screen,4,kitchen,111,7,510.0,45.0
1791392923.5978737,screen,4,kitchen,111,7,510.0,34.0
1791392924.621982,screen,4,kitchen,111,7,528.0,28.0
1791392925.6466932,screen,4,kitchen,111,7,530.0,34.0
1791392926.6702602,screen,4,kitchen,111,7,512.0,20.0
1791392927.693959,screen,4,kitchen,111,7,512.0,25.0
1791392928.7175863,screen,4,kitchen,111,7,512.0,0.0
1791392929.7421482,screen,4,kitchen,111,7,514.0,3.0
1791392930.768787,screen,4,kitchen,111,7,514.0,2.0
1791392931.791744,screen,4,kitchen,111,7,514.0,0.0
1791392932.8154829,screen,4,kitchen,111,7,598.0,51.0
1791392933.838611,screen,4,kitchen,111,7,598.0,33.0
1791392934.8619564,screen,4,kitchen,111,7,580.0,28.0
1791392935.8855107,screen,4,kitchen,111,7,580.0,27.0
1791392936.910539,screen,4,kitchen,111,7,582.0,35.0
1791392937.9337466,screen,4,kitchen,111,7,582.0,52.0
1791392938.9577708,screen,4,kitchen,111,7,554.0,33.0
1791392939.9810464,screen,4,kitchen,111,7,556.0,37.0
1791392941.004525,screen,4,kitchen,111,7,564.0,20.0
1791392942.0288074,screen,4,kitchen,111,7,564.0,36.0
1791392943.052737,screen,4,kitchen,111,7,564.0,38.0
1791392944.0766218,screen,4,kitchen,111,7,564.0,44.0
1791392945.0997853,screen,4,kitchen,111,7,564.0,10.0
1791392946.1234303,screen,4,kitchen,111,7,564.0,17.0
1791392947.1476295,screen,4,kitchen,111,7,564.0,4.0
1791392948.17112,screen,4,kitchen,111,7,564.0,2.0
1791392949.1940167,screen,4,kitchen,111,7,564.0,0.0
1791392950.218656,screen,4,kitchen,111,7,628.0,38.0
1791392951.243052,screen,4,kitchen,111,7,628.0,41.0
1791392952.2690616,screen,4,kitchen,111,7,628.0,41.0
1791392953.2935362,screen,4,kitchen,111,7,628.0,35.0
1791392954.3169477,screen,4,kitchen,111,7,636.0,40.0
1791392955.3402374,screen,4,kitchen,111,7,640.0,44.0
1791392956.3636668,screen,4,kitchen,111,7,600.0,37.0
1791392957.3892844,screen,4,kitchen,111,7,612.0,36.0
1791392958.4124067,screen,4,kitchen,111,7,612.0,37.0
1791392959.436909,screen,4,kitchen,111,7,644.0,31.0
1791392960.4611685,screen,4,kitchen,111,7,644.0,45.0
1791392961.487246,screen,4,kitchen,111,7,644.0,36.0
1791392962.511961,screen,4,kitchen,111,7,646.0,41.0
1791392963.5354211,screen,4,kitchen,111,7,646.0,16.0
1791392964.562794,screen,4,kitchen,111,7,646.0,0.0
1791392965.5859513,screen,4,kitchen,111,7,646.0,31.0
1791392966.610294,screen,4,kitchen,111,7,646.0,2.0
1791392967.6336346,screen,4,kitchen,111,7,646.0,9.0
1791392968.6558611,screen,4,kitchen,111,7,646.0,0.0
1791392969.6799355,screen,4,kitchen,111,7,634.0,0.0
1791393065.7425315,factorial,1,tum-desk,010,7,3.0,0.0
1791393066.8045914,factorial,1,tum-desk,010,7,3.0,0.0
1791393067.8304584,factorial,1,tum-desk,010,7,3.0,0.0
1791393068.8566022,factorial,1,tum-desk,010,7,3.0,0.0
1791393069.8815768,factorial,1,tum-desk,010,7,3.0,0.0
1791393070.9072118,factorial,1,tum-desk,010,7,3.0,0.0
1791393071.9294214,factorial,1,tum-desk,010,7,216.0,0.0
1791393072.9526136,factorial,1,tum-desk,010,7,340.0,8.0
1791393073.9759552,factorial,1,tum-desk,010,7,344.0,1.0
1791393074.9995353,factorial,1,tum-desk,010,7,372.0,44.0
1791393076.0234084,factorial,1,tum-desk,010,7,372.0,43.0
1791393077.04682,factorial,1,tum-desk,010,7,372.0,49.0
1791393078.0703459,factorial,1,tum-desk,010,7,372.0,43.0
1791393079.0943954,factorial,1,tum-desk,010,7,410.0,56.0
1791393080.117787,factorial,1,tum-desk,010,7,408.0,59.0
1791393081.1420898,factorial,1,tum-desk,010,7,422.0,56.0
1791393082.166043,factorial,1,tum-desk,010,7,398.0,47.0
1791393083.1895337,factorial,1,tum-desk,010,7,410.0,55.0
1791393084.2127705,factorial,1,tum-desk,010,7,412.0,1.0
1791393085.2366261,factorial,1,tum-desk,010,7,440.0,43.0
1791393086.2594025,factorial,1,tum-desk,010,7,438.0,39.0
1791393087.2832034,factorial,1,tum-desk,010,7,458.0,42.0
1791393088.306718,factorial,1,tum-desk,010,7,452.0,39.0
1791393089.3307312,factorial,1,tum-desk,010,7,450.0,34.0
1791393090.3561616,factorial,1,tum-desk,010,7,450.0,44.0
1791393091.3799763,factorial,1,tum-desk,010,7,442.0,36.0
1791393092.4037719,factorial,1,tum-desk,010,7,458.0,6.0
1791393093.4273603,factorial,1,tum-desk,010,7,506.0,2.0
1791393094.4510937,factorial,1,tum-desk,010,7,526.0,48.0
1791393095.4758387,factorial,1,tum-desk,010,7,514.0,64.0
1791393096.500694,factorial,1,tum-desk,010,7,524.0,70.0
1791393097.524801,factorial,1,tum-desk,010,7,524.0,33.0
1791393098.5478523,factorial,1,tum-desk,010,7,522.0,48.0
1791393099.573387,factorial,1,tum-desk,010,7,526.0,44.0
1791393100.5975757,factorial,1,tum-desk,010,7,530.0,33.0
1791393101.6224275,factorial,1,tum-desk,010,7,530.0,31.0
1791393102.6463888,factorial,1,tum-desk,010,7,530.0,3.0
1791393103.6708603,factorial,1,tum-desk,010,7,578.0,43.0
1791393104.6953924,factorial,1,tum-desk,010,7,580.0,75.0
1791393105.7195258,factorial,1,tum-desk,010,7,564.0,55.0
1791393106.7434664,factorial,1,tum-desk,010,7,584.0,52.0
1791393107.7696888,factorial,1,tum-desk,010,7,588.0,54.0
1791393108.7932332,factorial,1,tum-desk,010,7,564.0,47.0
1791393109.8171334,factorial,1,tum-desk,010,7,562.0,45.0
1791393110.8423038,factorial,1,tum-desk,010,7,586.0,51.0
1791393111.8678691,factorial,1,tum-desk,010,7,584.0,49.0
1791393112.8914824,factorial,1,tum-desk,010,7,586.0,2.0
1791393113.9146867,factorial,1,tum-desk,010,7,590.0,4.0
1791393114.9389236,factorial,1,tum-desk,010,7,620.0,32.0
1791393115.963363,factorial,1,tum-desk,010,7,624.0,62.0
1791393116.9913323,factorial,1,tum-desk,010,7,610.0,53.0
1791393118.0155685,factorial,1,tum-desk,010,7,590.0,47.0
1791393119.0397081,factorial,1,tum-desk,010,7,592.0,38.0
1791393120.064362,factorial,1,tum-desk,010,7,586.0,54.0
1791393121.0903437,factorial,1,tum-desk,010,7,586.0,57.0
1791393122.1153932,factorial,1,tum-desk,010,7,586.0,37.0
1791393123.1403127,factorial,1,tum-desk,010,7,588.0,58.0
1791393124.1647031,factorial,1,tum-desk,010,7,590.0,2.0
1791393125.1884294,factorial,1,tum-desk,010,7,590.0,2.0
1791393126.212311,factorial,1,tum-desk,010,7,590.0,0.0
1791393127.2356548,factorial,2,tum-desk,001,7,3.0,0.0
1791393128.260595,factorial,2,tum-desk,001,7,3.0,0.0
1791393129.2859473,factorial,2,tum-desk,001,7,3.0,0.0
1791393130.3106568,factorial,2,tum-desk,001,7,3.0,0.0
1791393131.3352869,factorial,2,tum-desk,001,7,3.0,0.0
1791393132.3603437,factorial,2,tum-desk,001,7,3.0,0.0
1791393133.3831673,factorial,2,tum-desk,001,7,216.0,0.0
1791393134.4064822,factorial,2,tum-desk,001,7,290.0,1.0
1791393135.4298074,factorial,2,tum-desk,001,7,342.0,33.0
1791393136.453193,factorial,2,tum-desk,001,7,346.0,39.0
1791393137.4776168,factorial,2,tum-desk,001,7,370.0,39.0
1791393138.5009542,factorial,2,tum-desk,001,7,372.0,38.0
1791393139.5249908,factorial,2,tum-desk,001,7,372.0,42.0
1791393140.5483387,factorial,2,tum-desk,001,7,408.0,13.0
1791393141.5744169,factorial,2,tum-desk,001,7,406.0,46.0
1791393142.5979478,factorial,2,tum-desk,001,7,422.0,54.0
1791393143.6212227,factorial,2,tum-desk,001,7,400.0,49.0
1791393144.645127,factorial,2,tum-desk,001,7,422.0,51.0
1791393145.6686282,factorial,2,tum-desk,001,7,422.0,54.0
1791393146.6924977,factorial,2,tum-desk,001,7,424.0,1.0
1791393147.7163444,factorial,2,tum-desk,001,7,466.0,52.0
1791393148.739906,factorial,2,tum-desk,001,7,460.0,24.0
1791393149.7641106,factorial,2,tum-desk,001,7,460.0,41.0
1791393150.7875671,factorial,2,tum-desk,001,7,454.0,31.0
1791393151.811359,factorial,2,tum-desk,001,7,452.0,28.0
1791393152.8363676,factorial,2,tum-desk,001,7,450.0,35.0
1791393153.8603222,factorial,2,tum-desk,001,7,468.0,28.0
1791393154.8847568,factorial,2,tum-desk,001,7,468.0,39.0
1791393155.908754,factorial,2,tum-desk,001,7,470.0,9.0
1791393156.932986,factorial,2,tum-desk,001,7,504.0,25.0
1791393157.9574635,factorial,2,tum-desk,001,7,522.0,56.0
1791393158.9832146,factorial,2,tum-desk,001,7,510.0,33.0
1791393160.0069284,factorial,2,tum-desk,001,7,510.0,36.0
1791393161.031044,factorial,2,tum-desk,001,7,516.0,46.0
1791393162.0553987,factorial,2,tum-desk,001,7,496.0,50.0
1791393163.0802953,factorial,2,tum-desk,001,7,518.0,39.0
1791393164.103741,factorial,2,tum-desk,001,7,520.0,37.0
1791393165.1285114,factorial,2,tum-desk,001,7,510.0,55.0
1791393166.1526358,factorial,2,tum-desk,001,7,512.0,43.0
1791393167.17677,factorial,2,tum-desk,001,7,514.0,13.0
1791393168.1997406,factorial,2,tum-desk,001,7,514.0,0.0
1791393169.2228892,factorial,2,tum-desk,001,7,632.0,48.0
1791393170.2461498,factorial,2,tum-desk,001,7,572.0,29.0
1791393171.2713203,factorial,2,tum-desk,001,7,576.0,35.0
1791393172.2958362,factorial,2,tum-desk,001,7,596.0,47.0
1791393173.3210452,factorial,2,tum-desk,001,7,596.0,40.0
1791393174.3447192,factorial,2,tum-desk,001,7,572.0,38.0
1791393175.3699002,factorial,2,tum-desk,001,7,598.0,50.0
1791393176.3962445,factorial,2,tum-desk,001,7,576.0,50.0
1791393177.4198205,factorial,2,tum-desk,001,7,582.0,38.0
1791393178.4441593,factorial,2,tum-desk,001,7,590.0,28.0
1791393179.4682963,factorial,2,tum-desk,001,7,592.0,5.0
1791393180.4922507,factorial,2,tum-desk,001,7,594.0,2.0
1791393181.517211,factorial,2,tum-desk,001,7,660.0,26.0
1791393182.5429184,factorial,2,tum-desk,001,7,664.0,63.0
1791393183.566237,factorial,2,tum-desk,001,7,596.0,54.0
1791393184.5914836,factorial,2,tum-desk,001,7,598.0,32.0
1791393185.6152334,factorial,2,tum-desk,001,7,566.0,38.0
1791393186.638605,factorial,2,tum-desk,001,7,604.0,52.0
1791393187.6641638,factorial,2,tum-desk,001,7,622.0,50.0
1791393188.6887784,factorial,2,tum-desk,001,7,622.0,37.0
1791393189.7128482,factorial,2,tum-desk,001,7,628.0,40.0
1791393190.7373908,factorial,2,tum-desk,001,7,628.0,57.0
1791393191.7610574,factorial,2,tum-desk,001,7,628.0,36.0
1791393192.7852216,factorial,2,tum-desk,001,7,628.0,61.0
1791393193.8086915,factorial,2,tum-desk,001,7,632.0,3.0
1791393194.83223,factorial,2,tum-desk,001,7,632.0,2.0
1791393195.8571472,factorial,2,tum-desk,001,7,620.0,0.0
1791393196.8804147,factorial,3,tum-desk,110,7,3.0,0.0
1791393197.9052436,factorial,3,tum-desk,110,7,3.0,0.0
1791393198.9301898,factorial,3,tum-desk,110,7,3.0,0.0
1791393199.9550493,factorial,3,tum-desk,110,7,3.0,0.0
1791393200.9800415,factorial,3,tum-desk,110,7,3.0,0.0
1791393202.0052881,factorial,3,tum-desk,110,7,3.0,0.0
1791393203.0276124,factorial,3,tum-desk,110,7,216.0,0.0
1791393204.0514555,factorial,3,tum-desk,110,7,342.0,12.0
1791393205.0745416,factorial,3,tum-desk,110,7,350.0,21.0
1791393206.0970833,factorial,3,tum-desk,110,7,372.0,42.0
1791393207.1207635,factorial,3,tum-desk,110,7,372.0,40.0
1791393208.144861,factorial,3,tum-desk,110,7,374.0,45.0
1791393209.1677704,factorial,3,tum-desk,110,7,372.0,41.0
1791393210.1914473,factorial,3,tum-desk,110,7,410.0,32.0
1791393211.215109,factorial,3,tum-desk,110,7,430.0,51.0
1791393212.2388835,factorial,3,tum-desk,110,7,410.0,56.0
1791393213.2622738,factorial,3,tum-desk,110,7,422.0,51.0
1791393214.2858706,factorial,3,tum-desk,110,7,422.0,50.0
1791393215.3091536,factorial,3,tum-desk,110,7,414.0,49.0
1791393216.332504,factorial,3,tum-desk,110,7,458.0,26.0
1791393217.357133,factorial,3,tum-desk,110,7,460.0,33.0
1791393218.3819206,factorial,3,tum-desk,110,7,460.0,36.0
1791393219.4061153,factorial,3,tum-desk,110,7,454.0,56.0
1791393220.4299498,factorial,3,tum-desk,110,7,468.0,54.0
1791393221.4548693,factorial,3,tum-desk,110,7,446.0,41.0
1791393222.4788942,factorial,3,tum-desk,110,7,450.0,47.0
1791393223.503172,factorial,3,tum-desk,110,7,452.0,50.0
1791393224.526342,factorial,3,tum-desk,110,7,454.0,8.0
1791393225.549799,factorial,3,tum-desk,110,7,534.0,56.0
1791393226.5742419,factorial,3,tum-desk,110,7,536.0,52.0
1791393227.598273,factorial,3,tum-desk,110,7,522.0,52.0
1791393228.6214232,factorial,3,tum-desk,110,7,508.0,49.0
1791393229.6449175,factorial,3,tum-desk,110,7,506.0,36.0
1791393230.6687915,factorial,3,tum-desk,110,7,528.0,39.0
1791393231.6935747,factorial,3,tum-desk,110,7,514.0,52.0
1791393232.7178235,factorial,3,tum-desk,110,7,516.0,56.0
1791393233.741281,factorial,3,tum-desk,110,7,516.0,38.0
1791393234.764227,factorial,3,tum-desk,110,7,520.0,1.0
1791393235.787352,factorial,3,tum-desk,110,7,640.0,38.0
1791393236.81213,factorial,3,tum-desk,110,7,640.0,70.0
1791393237.8362954,factorial,3,tum-desk,110,7,582.0,27.0
1791393238.861887,factorial,3,tum-desk,110,7,580.0,46.0
1791393239.886526,factorial,3,tum-desk,110,7,580.0,48.0
1791393240.910748,factorial,3,tum-desk,110,7,586.0,59.0
1791393241.934169,factorial,3,tum-desk,110,7,610.0,45.0
1791393242.9586272,factorial,3,tum-desk,110,7,610.0,57.0
1791393243.982348,factorial,3,tum-desk,110,7,562.0,61.0
1791393245.0060053,factorial,3,tum-desk,110,7,590.0,8.0
1791393246.030344,factorial,3,tum-desk,110,7,594.0,2.0
1791393247.0556898,factorial,3,tum-desk,110,7,620.0,30.0
1791393248.0799782,factorial,3,tum-desk,110,7,652.0,40.0
1791393249.1062787,factorial,3,tum-desk,110,7,612.0,47.0
1791393250.1306531,factorial,3,tum-desk,110,7,584.0,41.0
1791393251.156609,factorial,3,tum-desk,110,7,616.0,54.0
1791393252.1801116,factorial,3,tum-desk,110,7,618.0,56.0
1791393253.2039373,factorial,3,tum-desk,110,7,586.0,35.0
1791393254.2277942,factorial,3,tum-desk,110,7,588.0,54.0
1791393255.2531874,factorial,3,tum-desk,110,7,588.0,63.0
1791393256.2765582,factorial,3,tum-desk,110,7,590.0,4.0
1791393257.2999182,factorial,3,tum-desk,110,7,590.0,5.0
1791393258.3234627,factorial,3,tum-desk,110,7,590.0,17.0
1791393259.3755155,factorial,4,tum-desk,100,7,3.0,0.0
1791393260.4006069,factorial,4,tum-desk,100,7,3.0,0.0
1791393261.4255412,factorial,4,tum-desk,100,7,3.0,0.0
1791393262.4505308,factorial,4,tum-desk,100,7,3.0,0.0
1791393263.475238,factorial,4,tum-desk,100,7,3.0,0.0
1791393264.500001,factorial,4,tum-desk,100,7,3.0,0.0
1791393265.523305,factorial,4,tum-desk,100,7,216.0,1.0
1791393266.5463943,factorial,4,tum-desk,100,7,246.0,4.0
1791393267.5695322,factorial,4,tum-desk,100,7,342.0,23.0
1791393268.5929117,factorial,4,tum-desk,100,7,346.0,36.0
1791393269.6164033,factorial,4,tum-desk,100,7,370.0,38.0
1791393270.6398757,factorial,4,tum-desk,100,7,372.0,42.0
1791393271.665323,factorial,4,tum-desk,100,7,354.0,34.0
1791393272.6888711,factorial,4,tum-desk,100,7,374.0,3.0
1791393273.712042,factorial,4,tum-desk,100,7,410.0,43.0
1791393274.7359388,factorial,4,tum-desk,100,7,422.0,57.0
1791393275.7600033,factorial,4,tum-desk,100,7,422.0,60.0
1791393276.7847693,factorial,4,tum-desk,100,7,420.0,46.0
1791393277.8088782,factorial,4,tum-desk,100,7,402.0,56.0
1791393278.8324513,factorial,4,tum-desk,100,7,416.0,1.0
1791393279.856284,factorial,4,tum-desk,100,7,444.0,40.0
1791393280.880694,factorial,4,tum-desk,100,7,444.0,33.0
1791393281.9045272,factorial,4,tum-desk,100,7,464.0,45.0
1791393282.927794,factorial,4,tum-desk,100,7,458.0,51.0
1791393283.9517891,factorial,4,tum-desk,100,7,450.0,44.0
1791393284.9759192,factorial,4,tum-desk,100,7,466.0,41.0
1791393286.0002558,factorial,4,tum-desk,100,7,462.0,45.0
1791393287.0240238,factorial,4,tum-desk,100,7,462.0,21.0
1791393288.048269,factorial,4,tum-desk,100,7,464.0,8.0
1791393289.0727344,factorial,4,tum-desk,100,7,516.0,40.0
1791393290.0978007,factorial,4,tum-desk,100,7,504.0,42.0
1791393291.1221752,factorial,4,tum-desk,100,7,526.0,41.0
1791393292.147923,factorial,4,tum-desk,100,7,530.0,38.0
1791393293.172325,factorial,4,tum-desk,100,7,526.0,31.0
1791393294.197019,factorial,4,tum-desk,100,7,526.0,42.0
1791393295.220795,factorial,4,tum-desk,100,7,518.0,41.0
1791393296.2442434,factorial,4,tum-desk,100,7,520.0,57.0
1791393297.2674696,factorial,4,tum-desk,100,7,530.0,0.0
1791393298.290427,factorial,4,tum-desk,100,7,530.0,14.0
1791393299.313601,factorial,4,tum-desk,100,7,622.0,51.0
1791393300.3377972,factorial,4,tum-desk,100,7,564.0,68.0
1791393301.363081,factorial,4,tum-desk,100,7,590.0,62.0
1791393302.3862524,factorial,4,tum-desk,100,7,612.0,74.0
1791393303.4111378,factorial,4,tum-desk,100,7,586.0,64.0
1791393304.4355717,factorial,4,tum-desk,100,7,592.0,47.0
1791393305.4605608,factorial,4,tum-desk,100,7,568.0,53.0
1791393306.4838572,factorial,4,tum-desk,100,7,564.0,36.0
1791393307.507631,factorial,4,tum-desk,100,7,592.0,42.0
1791393308.5312548,factorial,4,tum-desk,100,7,600.0,10.0
1791393309.554799,factorial,4,tum-desk,100,7,600.0,3.0
1791393310.5785067,factorial,4,tum-desk,100,7,634.0,29.0
1791393311.601544,factorial,4,tum-desk,100,7,634.0,55.0
1791393312.625684,factorial,4,tum-desk,100,7,614.0,58.0
1791393313.6504061,factorial,4,tum-desk,100,7,588.0,39.0
1791393314.6751575,factorial,4,tum-desk,100,7,622.0,48.0
1791393315.6998484,factorial,4,tum-desk,100,7,622.0,48.0
1791393316.7237475,factorial,4,tum-desk,100,7,624.0,69.0
1791393317.7474544,factorial,4,tum-desk,100,7,624.0,45.0
1791393318.772256,factorial,4,tum-desk,100,7,624.0,34.0
1791393319.79656,factorial,4,tum-desk,100,7,628.0,2.0
1791393320.8200152,factorial,4,tum-desk,100,7,628.0,13.0
1791393321.8435006,factorial,4,tum-desk,100,7,616.0,0.0
1791393322.8664732,factorial,5,tum-desk,101,7,3.0,0.0
1791393323.9154143,factorial,5,tum-desk,101,7,3.0,0.0
1791393324.941097,factorial,5,tum-desk,101,7,3.0,0.0
1791393325.965893,factorial,5,tum-desk,101,7,3.0,0.0
1791393326.9908473,factorial,5,tum-desk,101,7,3.0,0.0
1791393328.0161066,factorial,5,tum-desk,101,7,3.0,0.0
1791393329.038651,factorial,5,tum-desk,101,7,216.0,0.0
1791393330.0619476,factorial,5,tum-desk,101,7,340.0,9.0
1791393331.085783,factorial,5,tum-desk,101,7,342.0,26.0
1791393332.1091866,factorial,5,tum-desk,101,7,370.0,38.0
1791393333.133166,factorial,5,tum-desk,101,7,372.0,33.0
1791393334.1573908,factorial,5,tum-desk,101,7,372.0,37.0
1791393335.1807659,factorial,5,tum-desk,101,7,372.0,43.0
1791393336.204253,factorial,5,tum-desk,101,7,410.0,34.0
1791393337.2287111,factorial,5,tum-desk,101,7,430.0,48.0
1791393338.2524416,factorial,5,tum-desk,101,7,410.0,52.0
1791393339.2773397,factorial,5,tum-desk,101,7,412.0,48.0
1791393340.301989,factorial,5,tum-desk,101,7,414.0,53.0
1791393341.3261793,factorial,5,tum-desk,101,7,414.0,40.0
1791393342.3494687,factorial,5,tum-desk,101,7,418.0,5.0
1791393343.3737054,factorial,5,tum-desk,101,7,458.0,35.0
1791393344.3990054,factorial,5,tum-desk,101,7,444.0,37.0
1791393345.4235227,factorial,5,tum-desk,101,7,444.0,30.0
1791393346.4467902,factorial,5,tum-desk,101,7,460.0,49.0
1791393347.4696589,factorial,5,tum-desk,101,7,458.0,46.0
1791393348.4936976,factorial,5,tum-desk,101,7,442.0,25.0
1791393349.5179954,factorial,5,tum-desk,101,7,462.0,36.0
1791393350.5422213,factorial,5,tum-desk,101,7,470.0,47.0
1791393351.5655737,factorial,5,tum-desk,101,7,472.0,3.0
1791393352.5907414,factorial,5,tum-desk,101,7,520.0,31.0
1791393353.6147618,factorial,5,tum-desk,101,7,522.0,39.0
1791393354.6388092,factorial,5,tum-desk,101,7,512.0,41.0
1791393355.662517,factorial,5,tum-desk,101,7,536.0,46.0
1791393356.686249,factorial,5,tum-desk,101,7,558.0,45.0
1791393357.709555,factorial,5,tum-desk,101,7,514.0,45.0
1791393358.7338872,factorial,5,tum-desk,101,7,520.0,45.0
1791393359.7590957,factorial,5,tum-desk,101,7,540.0,34.0
1791393360.7820368,factorial,5,tum-desk,101,7,540.0,39.0
1791393361.8061697,factorial,5,tum-desk,101,7,528.0,50.0
1791393362.829826,factorial,5,tum-desk,101,7,528.0,56.0
1791393363.8532634,factorial,5,tum-desk,101,7,536.0,1.0
1791393364.8775911,factorial,5,tum-desk,101,7,652.0,39.0
1791393365.9019687,factorial,5,tum-desk,101,7,652.0,59.0
1791393366.9249418,factorial,5,tum-desk,101,7,574.0,40.0
1791393367.9481912,factorial,5,tum-desk,101,7,574.0,50.0
1791393368.9734342,factorial,5,tum-desk,101,7,596.0,56.0
1791393369.9971821,factorial,5,tum-desk,101,7,598.0,36.0
1791393371.0208595,factorial,5,tum-desk,101,7,570.0,41.0
1791393372.0446928,factorial,5,tum-desk,101,7,570.0,23.0
1791393373.0687225,factorial,5,tum-desk,101,7,580.0,33.0
1791393374.092295,factorial,5,tum-desk,101,7,580.0,49.0
1791393375.115615,factorial,5,tum-desk,101,7,580.0,57.0
1791393376.1395636,factorial,5,tum-desk,101,7,580.0,7.0
1791393377.163435,factorial,5,tum-desk,101,7,584.0,2.0
1791393378.1869967,factorial,5,tum-desk,101,7,640.0,29.0
1791393379.2111762,factorial,5,tum-desk,101,7,644.0,48.0
1791393380.2343547,factorial,5,tum-desk,101,7,602.0,46.0
1791393381.2582405,factorial,5,tum-desk,101,7,604.0,48.0
1791393382.2830126,factorial,5,tum-desk,101,7,594.0,46.0
1791393383.3066864,factorial,5,tum-desk,101,7,598.0,58.0
1791393384.3333383,factorial,5,tum-desk,101,7,598.0,33.0
1791393385.356787,factorial,5,tum-desk,101,7,632.0,47.0
1791393386.3809764,factorial,5,tum-desk,101,7,688.0,57.0
1791393387.4046612,factorial,5,tum-desk,101,7,688.0,45.0
1791393388.4290385,factorial,5,tum-desk,101,7,688.0,38.0
1791393389.453989,factorial,5,tum-desk,101,7,688.0,36.0
1791393390.4777079,factorial,5,tum-desk,101,7,694.0,21.0
1791393391.5013933,factorial,5,tum-desk,101,7,694.0,10.0
1791393392.5248566,factorial,5,tum-desk,101,7,682.0,0.0
1791393393.548091,factorial,6,tum-desk,011,7,3.0,0.0
1791393394.5728986,factorial,6,tum-desk,011,7,3.0,0.0
1791393395.5978227,factorial,6,tum-desk,011,7,3.0,0.0
1791393396.6227076,factorial,6,tum-desk,011,7,3.0,0.0
1791393397.647616,factorial,6,tum-desk,011,7,3.0,0.0
1791393398.6731226,factorial,6,tum-desk,011,7,3.0,0.0
1791393399.6954446,factorial,6,tum-desk,011,7,216.0,0.0
1791393400.7188928,factorial,6,tum-desk,011,7,340.0,10.0
1791393401.74232,factorial,6,tum-desk,011,7,348.0,11.0
1791393402.7655509,factorial,6,tum-desk,011,7,372.0,44.0
1791393403.788984,factorial,6,tum-desk,011,7,372.0,44.0
1791393404.8126166,factorial,6,tum-desk,011,7,372.0,45.0
1791393405.8366358,factorial,6,tum-desk,011,7,372.0,30.0
1791393406.8599534,factorial,6,tum-desk,011,7,410.0,33.0
1791393407.8828657,factorial,6,tum-desk,011,7,430.0,60.0
1791393408.906972,factorial,6,tum-desk,011,7,416.0,56.0
1791393409.930482,factorial,6,tum-desk,011,7,422.0,34.0
1791393410.954155,factorial,6,tum-desk,011,7,412.0,47.0
1791393411.977902,factorial,6,tum-desk,011,7,414.0,5.0
1791393413.0022678,factorial,6,tum-desk,011,7,458.0,40.0
1791393414.0262072,factorial,6,tum-desk,011,7,458.0,39.0
1791393415.0497813,factorial,6,tum-desk,011,7,458.0,29.0
1791393416.0729828,factorial,6,tum-desk,011,7,456.0,57.0
1791393417.0974622,factorial,6,tum-desk,011,7,450.0,30.0
1791393418.1216273,factorial,6,tum-desk,011,7,468.0,45.0
1791393419.1463673,factorial,6,tum-desk,011,7,456.0,40.0
1791393420.1704605,factorial,6,tum-desk,011,7,456.0,33.0
1791393421.1944544,factorial,6,tum-desk,011,7,458.0,39.0
1791393422.2183313,factorial,6,tum-desk,011,7,460.0,2.0
1791393423.2414258,factorial,6,tum-desk,011,7,524.0,48.0
1791393424.264899,factorial,6,tum-desk,011,7,524.0,38.0
1791393425.2886293,factorial,6,tum-desk,011,7,520.0,43.0
1791393426.3127117,factorial,6,tum-desk,011,7,502.0,40.0
1791393427.3364618,factorial,6,tum-desk,011,7,524.0,36.0
1791393428.36041,factorial,6,tum-desk,011,7,512.0,48.0
1791393429.3844116,factorial,6,tum-desk,011,7,532.0,34.0
1791393430.4084058,factorial,6,tum-desk,011,7,516.0,38.0
1791393431.432298,factorial,6,tum-desk,011,7,496.0,32.0
1791393432.4566147,factorial,6,tum-desk,011,7,538.0,41.0
1791393433.4792466,factorial,6,tum-desk,011,7,540.0,7.0
1791393434.5048413,factorial,6,tum-desk,011,7,640.0,1.0
1791393435.5282545,factorial,6,tum-desk,011,7,642.0,48.0
1791393436.551408,factorial,6,tum-desk,011,7,562.0,29.0
1791393437.5746396,factorial,6,tum-desk,011,7,562.0,35.0
1791393438.599133,factorial,6,tum-desk,011,7,588.0,54.0
1791393439.6231782,factorial,6,tum-desk,011,7,588.0,43.0
1791393440.647184,factorial,6,tum-desk,011,7,566.0,34.0
1791393441.6707883,factorial,6,tum-desk,011,7,566.0,45.0
1791393442.6954699,factorial,6,tum-desk,011,7,592.0,53.0
1791393443.7209315,factorial,6,tum-desk,011,7,568.0,42.0
1791393444.7469106,factorial,6,tum-desk,011,7,594.0,35.0
1791393445.7704172,factorial,6,tum-desk,011,7,594.0,0.0
1791393446.7939415,factorial,6,tum-desk,011,7,600.0,17.0
1791393447.8174298,factorial,6,tum-desk,011,7,656.0,40.0
1791393448.8410082,factorial,6,tum-desk,011,7,660.0,44.0
1791393449.8654385,factorial,6,tum-desk,011,7,614.0,41.0
1791393450.8888361,factorial,6,tum-desk,011,7,614.0,51.0
1791393451.9142334,factorial,6,tum-desk,011,7,626.0,51.0
1791393452.9377341,factorial,6,tum-desk,011,7,626.0,48.0
1791393453.9618669,factorial,6,tum-desk,011,7,620.0,37.0
1791393454.9850776,factorial,6,tum-desk,011,7,622.0,35.0
1791393456.0094872,factorial,6,tum-desk,011,7,682.0,38.0
1791393457.0346408,factorial,6,tum-desk,011,7,682.0,39.0
1791393458.0585954,factorial,6,tum-desk,011,7,682.0,46.0
1791393459.082413,factorial,6,tum-desk,011,7,686.0,17.0
1791393460.1062262,factorial,6,tum-desk,011,7,686.0,16.0
1791393461.1301467,factorial,6,tum-desk,011,7,686.0,17.0
1791393462.1542864,factorial,9,kitchen,101,7,3.0,0.0
1791393463.1766407,factorial,9,kitchen,101,7,3.0,0.0
1791393464.201443,factorial,9,kitchen,101,7,3.0,0.0
1791393465.2263217,factorial,9,kitchen,101,7,3.0,0.0
1791393466.2555778,factorial,9,kitchen,101,7,3.0,0.0
1791393467.2787933,factorial,9,kitchen,101,7,216.0,0.0
1791393468.3018138,factorial,9,kitchen,101,7,320.0,9.0
1791393469.32599,factorial,9,kitchen,101,7,322.0,35.0
1791393470.3495839,factorial,9,kitchen,101,7,348.0,31.0
1791393471.3728776,factorial,9,kitchen,101,7,352.0,38.0
1791393472.3964443,factorial,9,kitchen,101,7,350.0,33.0
1791393473.419749,factorial,9,kitchen,101,7,352.0,33.0
1791393474.4434993,factorial,9,kitchen,101,7,354.0,31.0
1791393475.4678283,factorial,9,kitchen,101,7,412.0,30.0
1791393476.4914522,factorial,9,kitchen,101,7,414.0,21.0
1791393477.5149581,factorial,9,kitchen,101,7,412.0,20.0
1791393478.539726,factorial,9,kitchen,101,7,412.0,18.0
1791393479.563674,factorial,9,kitchen,101,7,414.0,30.0
1791393480.5871952,factorial,9,kitchen,101,7,412.0,20.0
1791393481.6114054,factorial,9,kitchen,101,7,412.0,20.0
1791393482.6352024,factorial,9,kitchen,101,7,414.0,20.0
1791393483.659107,factorial,9,kitchen,101,7,414.0,21.0
1791393484.6831863,factorial,9,kitchen,101,7,412.0,26.0
1791393485.7093346,factorial,9,kitchen,101,7,414.0,0.0
1791393486.73311,factorial,9,kitchen,101,7,420.0,1.0
1791393487.7566314,factorial,9,kitchen,101,7,470.0,33.0
1791393488.780025,factorial,9,kitchen,101,7,470.0,26.0
1791393489.8037186,factorial,9,kitchen,101,7,444.0,22.0
1791393490.8271713,factorial,9,kitchen,101,7,446.0,19.0
1791393491.851117,factorial,9,kitchen,101,7,444.0,22.0
1791393492.874813,factorial,9,kitchen,101,7,446.0,30.0
1791393493.8982303,factorial,9,kitchen,101,7,456.0,26.0
1791393494.9217677,factorial,9,kitchen,101,7,456.0,19.0
1791393495.945467,factorial,9,kitchen,101,7,438.0,26.0
1791393496.9692376,factorial,9,kitchen,101,7,464.0,21.0
1791393497.9925318,factorial,9,kitchen,101,7,468.0,36.0
1791393499.0164387,factorial,9,kitchen,101,7,472.0,12.0
1791393500.0405788,factorial,9,kitchen,101,7,472.0,5.0
1791393501.0642464,factorial,9,kitchen,101,7,472.0,1.0
1791393502.0888212,factorial,9,kitchen,101,7,522.0,29.0
1791393503.112947,factorial,9,kitchen,101,7,528.0,36.0
1791393504.1372242,factorial,9,kitchen,101,7,496.0,26.0
1791393505.161367,factorial,9,kitchen,101,7,516.0,46.0
1791393506.1852102,factorial,9,kitchen,101,7,498.0,35.0
1791393507.2085247,factorial,9,kitchen,101,7,502.0,31.0
1791393508.2334657,factorial,9,kitchen,101,7,506.0,26.0
1791393509.2573593,factorial,9,kitchen,101,7,510.0,37.0
1791393510.2822518,factorial,9,kitchen,101,7,510.0,32.0
1791393511.3058224,factorial,9,kitchen,101,7,510.0,33.0
1791393512.3302515,factorial,9,kitchen,101,7,508.0,37.0
1791393513.3546834,factorial,9,kitchen,101,7,512.0,38.0
1791393514.3824,factorial,9,kitchen,101,7,512.0,2.0
1791393515.406073,factorial,9,kitchen,101,7,512.0,16.0
1791393516.4299362,factorial,9,kitchen,101,7,512.0,2.0
1791393517.4525485,factorial,9,kitchen,101,7,512.0,0.0
1791393518.4761634,factorial,9,kitchen,101,7,632.0,29.0
1791393519.4994748,factorial,9,kitchen,101,7,634.0,39.0
1791393520.523768,factorial,9,kitchen,101,7,574.0,46.0
1791393521.5497115,factorial,9,kitchen,101,7,574.0,44.0
1791393522.5749578,factorial,9,kitchen,101,7,572.0,26.0
1791393523.5987828,factorial,9,kitchen,101,7,572.0,37.0
1791393524.623129,factorial,9,kitchen,101,7,556.0,39.0
1791393525.6472814,factorial,9,kitchen,101,7,558.0,49.0
1791393526.673574,factorial,9,kitchen,101,7,560.0,47.0
1791393527.6978204,factorial,9,kitchen,101,7,560.0,25.0
1791393528.7226915,factorial,9,kitchen,101,7,560.0,23.0
1791393529.7479944,factorial,9,kitchen,101,7,560.0,33.0
1791393530.7716362,factorial,9,kitchen,101,7,560.0,2.0
1791393531.7953176,factorial,9,kitchen,101,7,560.0,12.0
1791393532.822238,factorial,9,kitchen,101,7,560.0,2.0
1791393533.8455298,factorial,9,kitchen,101,7,560.0,2.0
1791393534.868722,factorial,9,kitchen,101,7,560.0,0.0
1791393535.8923995,factorial,9,kitchen,101,7,628.0,38.0
1791393536.9174252,factorial,9,kitchen,101,7,628.0,47.0
1791393537.941615,factorial,9,kitchen,101,7,612.0,25.0
1791393538.9654303,factorial,9,kitchen,101,7,612.0,40.0
1791393539.9915166,factorial,9,kitchen,101,7,640.0,41.0
1791393541.0162852,factorial,9,kitchen,101,7,642.0,52.0
1791393542.0407238,factorial,9,kitchen,101,7,600.0,46.0
1791393543.0663533,factorial,9,kitchen,101,7,614.0,27.0
1791393544.0921319,factorial,9,kitchen,101,7,614.0,36.0
1791393545.1186063,factorial,9,kitchen,101,7,632.0,53.0
1791393546.1429765,factorial,9,kitchen,101,7,632.0,40.0
1791393547.1697583,factorial,9,kitchen,101,7,632.0,50.0
1791393548.1939595,factorial,9,kitchen,101,7,632.0,49.0
1791393549.2176545,factorial,9,kitchen,101,7,632.0,5.0
1791393550.2445872,factorial,9,kitchen,101,7,632.0,0.0
1791393551.267253,factorial,9,kitchen,101,7,632.0,30.0
1791393552.291146,factorial,9,kitchen,101,7,632.0,7.0
1791393553.3182037,factorial,9,kitchen,101,7,632.0,0.0
1791393554.3634186,factorial,9,kitchen,101,7,3.0,0.0
1791393555.3861773,factorial,10,kitchen,010,7,3.0,0.0
1791393556.410841,factorial,10,kitchen,010,7,3.0,0.0
1791393557.437537,factorial,10,kitchen,010,7,3.0,0.0
1791393558.4631083,factorial,10,kitchen,010,7,3.0,0.0
1791393559.4858537,factorial,10,kitchen,010,7,216.0,0.0
1791393560.5089138,factorial,10,kitchen,010,7,320.0,7.0
1791393561.5334666,factorial,10,kitchen,010,7,320.0,21.0
1791393562.557187,factorial,10,kitchen,010,7,330.0,38.0
1791393563.5813324,factorial,10,kitchen,010,7,354.0,31.0
1791393564.6051528,factorial,10,kitchen,010,7,354.0,49.0
1791393565.6286476,factorial,10,kitchen,010,7,334.0,36.0
1791393566.652257,factorial,10,kitchen,010,7,356.0,2.0
1791393567.6767356,factorial,10,kitchen,010,7,392.0,30.0
1791393568.7004316,factorial,10,kitchen,010,7,392.0,22.0
1791393569.7239456,factorial,10,kitchen,010,7,412.0,31.0
1791393570.748458,factorial,10,kitchen,010,7,402.0,22.0
1791393571.7726815,factorial,10,kitchen,010,7,404.0,22.0
1791393572.7962408,factorial,10,kitchen,010,7,406.0,18.0
1791393573.819941,factorial,10,kitchen,010,7,402.0,25.0
1791393574.8433359,factorial,10,kitchen,010,7,404.0,18.0
1791393575.8667607,factorial,10,kitchen,010,7,404.0,27.0
1791393576.8903499,factorial,10,kitchen,010,7,404.0,34.0
1791393577.9167175,factorial,10,kitchen,010,7,412.0,7.0
1791393578.9403448,factorial,10,kitchen,010,7,450.0,20.0
1791393579.9641871,factorial,10,kitchen,010,7,466.0,24.0
1791393580.9874775,factorial,10,kitchen,010,7,468.0,23.0
1791393582.0108752,factorial,10,kitchen,010,7,468.0,38.0
1791393583.0346396,factorial,10,kitchen,010,7,450.0,35.0
1791393584.0580842,factorial,10,kitchen,010,7,464.0,39.0
1791393585.0818276,factorial,10,kitchen,010,7,464.0,32.0
1791393586.1050649,factorial,10,kitchen,010,7,452.0,31.0
1791393587.1300337,factorial,10,kitchen,010,7,452.0,43.0
1791393588.1533475,factorial,10,kitchen,010,7,462.0,35.0
1791393589.1807485,factorial,10,kitchen,010,7,462.0,5.0
1791393590.207255,factorial,10,kitchen,010,7,466.0,1.0
1791393591.2311175,factorial,10,kitchen,010,7,466.0,1.0
1791393592.2559628,factorial,10,kitchen,010,7,512.0,48.0
1791393593.2795415,factorial,10,kitchen,010,7,512.0,36.0
1791393594.304162,factorial,10,kitchen,010,7,518.0,33.0
1791393595.3274782,factorial,10,kitchen,010,7,506.0,41.0
1791393596.3515162,factorial,10,kitchen,010,7,542.0,43.0
1791393597.3773713,factorial,10,kitchen,010,7,522.0,37.0
1791393598.401948,factorial,10,kitchen,010,7,522.0,29.0
1791393599.4281197,factorial,10,kitchen,010,7,526.0,39.0
1791393600.4533014,factorial,10,kitchen,010,7,526.0,37.0
1791393601.4766605,factorial,10,kitchen,010,7,528.0,25.0
1791393602.5046403,factorial,10,kitchen,010,7,528.0,19.0
1791393603.5311024,factorial,10,kitchen,010,7,528.0,2.0
1791393604.5545185,factorial,10,kitchen,010,7,530.0,5.0
1791393605.5776181,factorial,10,kitchen,010,7,530.0,2.0
1791393606.6011207,factorial,10,kitchen,010,7,610.0,37.0
1791393607.6241705,factorial,10,kitchen,010,7,610.0,49.0
1791393608.6496842,factorial,10,kitchen,010,7,568.0,41.0
1791393609.6740026,factorial,10,kitchen,010,7,568.0,33.0
1791393610.697913,factorial,10,kitchen,010,7,592.0,31.0
1791393611.7229118,factorial,10,kitchen,010,7,546.0,56.0
1791393612.7470686,factorial,10,kitchen,010,7,578.0,30.0
1791393613.7712266,factorial,10,kitchen,010,7,556.0,34.0
1791393614.7962646,factorial,10,kitchen,010,7,558.0,30.0
1791393615.8217406,factorial,10,kitchen,010,7,578.0,36.0
1791393616.8449852,factorial,10,kitchen,010,7,580.0,42.0
1791393617.8683538,factorial,10,kitchen,010,7,580.0,2.0
1791393618.892524,factorial,10,kitchen,010,7,580.0,13.0
1791393619.92302,factorial,10,kitchen,010,7,580.0,4.0
1791393620.9465425,factorial,10,kitchen,010,7,580.0,3.0
1791393621.9710472,factorial,10,kitchen,010,7,646.0,31.0
1791393622.9950054,factorial,10,kitchen,010,7,648.0,37.0
1791393624.0199213,factorial,10,kitchen,010,7,600.0,38.0
1791393625.0443673,factorial,10,kitchen,010,7,600.0,46.0
1791393626.068256,factorial,10,kitchen,010,7,630.0,45.0
1791393627.095035,factorial,10,kitchen,010,7,632.0,40.0
1791393628.1196778,factorial,10,kitchen,010,7,634.0,32.0
1791393629.1469994,factorial,10,kitchen,010,7,630.0,32.0
1791393630.171374,factorial,10,kitchen,010,7,630.0,47.0
1791393631.195338,factorial,10,kitchen,010,7,630.0,31.0
1791393632.2191296,factorial,10,kitchen,010,7,630.0,43.0
1791393633.2418456,factorial,10,kitchen,010,7,632.0,13.0
1791393634.269109,factorial,10,kitchen,010,7,632.0,2.0
1791393635.2926438,factorial,10,kitchen,010,7,632.0,17.0
1791393636.3194366,factorial,10,kitchen,010,7,632.0,0.0
1791393637.3427925,factorial,10,kitchen,010,7,632.0,5.0
1791393638.3781133,factorial,10,kitchen,010,7,620.0,0.0
1791393639.401233,factorial,11,kitchen,001,7,3.0,0.0
1791393640.426171,factorial,11,kitchen,001,7,3.0,0.0
1791393641.4510508,factorial,11,kitchen,001,7,3.0,0.0
1791393642.4769275,factorial,11,kitchen,001,7,3.0,0.0
1791393643.4994512,factorial,11,kitchen,001,7,216.0,0.0
1791393644.523286,factorial,11,kitchen,001,7,316.0,3.0
1791393645.5463614,factorial,11,kitchen,001,7,322.0,20.0
1791393646.5694807,factorial,11,kitchen,001,7,326.0,40.0
1791393647.5932472,factorial,11,kitchen,001,7,350.0,24.0
1791393648.616864,factorial,11,kitchen,001,7,352.0,28.0
1791393649.640296,factorial,11,kitchen,001,7,352.0,24.0
1791393650.664057,factorial,11,kitchen,001,7,354.0,40.0
1791393651.6877415,factorial,11,kitchen,001,7,394.0,20.0
1791393652.7117722,factorial,11,kitchen,001,7,394.0,19.0
1791393653.7356944,factorial,11,kitchen,001,7,404.0,25.0
1791393654.7592177,factorial,11,kitchen,001,7,404.0,21.0
1791393655.7829952,factorial,11,kitchen,001,7,406.0,38.0
1791393656.8071463,factorial,11,kitchen,001,7,394.0,30.0
1791393657.830912,factorial,11,kitchen,001,7,408.0,23.0
1791393658.8549104,factorial,11,kitchen,001,7,396.0,21.0
1791393659.878633,factorial,11,kitchen,001,7,408.0,27.0
1791393660.9026718,factorial,11,kitchen,001,7,414.0,24.0
1791393661.9290779,factorial,11,kitchen,001,7,414.0,0.0
1791393662.9527082,factorial,11,kitchen,001,7,418.0,2.0
1791393663.9775276,factorial,11,kitchen,001,7,450.0,28.0
1791393665.001709,factorial,11,kitchen,001,7,450.0,28.0
1791393666.02567,factorial,11,kitchen,001,7,454.0,27.0
1791393667.0497715,factorial,11,kitchen,001,7,470.0,25.0
1791393668.0731292,factorial,11,kitchen,001,7,448.0,47.0
1791393669.0970209,factorial,11,kitchen,001,7,464.0,24.0
1791393670.1207516,factorial,11,kitchen,001,7,448.0,23.0
1791393671.144566,factorial,11,kitchen,001,7,440.0,31.0
1791393672.1693282,factorial,11,kitchen,001,7,460.0,33.0
1791393673.1932175,factorial,11,kitchen,001,7,474.0,35.0
1791393674.2169955,factorial,11,kitchen,001,7,474.0,24.0
1791393675.2413237,factorial,11,kitchen,001,7,478.0,3.0
1791393676.2646058,factorial,11,kitchen,001,7,478.0,12.0
1791393677.2874691,factorial,11,kitchen,001,7,478.0,2.0
1791393678.310803,factorial,11,kitchen,001,7,516.0,33.0
1791393679.3357804,factorial,11,kitchen,001,7,518.0,34.0
1791393680.3597353,factorial,11,kitchen,001,7,506.0,30.0
1791393681.382873,factorial,11,kitchen,001,7,526.0,30.0
1791393682.408417,factorial,11,kitchen,001,7,528.0,39.0
1791393683.4316835,factorial,11,kitchen,001,7,494.0,26.0
1791393684.457702,factorial,11,kitchen,001,7,518.0,29.0
1791393685.4810884,factorial,11,kitchen,001,7,538.0,39.0
1791393686.5042398,factorial,11,kitchen,001,7,538.0,27.0
1791393687.5282972,factorial,11,kitchen,001,7,498.0,33.0
1791393688.5518334,factorial,11,kitchen,001,7,500.0,37.0
1791393689.5785594,factorial,11,kitchen,001,7,500.0,2.0
1791393690.6020906,factorial,11,kitchen,001,7,500.0,3.0
1791393691.6286104,factorial,11,kitchen,001,7,502.0,0.0
1791393692.6514826,factorial,11,kitchen,001,7,502.0,0.0
1791393693.6750717,factorial,11,kitchen,001,7,626.0,38.0
1791393694.6991024,factorial,11,kitchen,001,7,626.0,35.0
1791393695.7227669,factorial,11,kitchen,001,7,566.0,46.0
1791393696.748333,factorial,11,kitchen,001,7,566.0,29.0
1791393697.7719266,factorial,11,kitchen,001,7,592.0,41.0
1791393698.7963285,factorial,11,kitchen,001,7,592.0,39.0
1791393699.8194582,factorial,11,kitchen,001,7,544.0,43.0
1791393700.8435383,factorial,11,kitchen,001,7,546.0,31.0
1791393701.867382,factorial,11,kitchen,001,7,568.0,38.0
1791393702.8907697,factorial,11,kitchen,001,7,570.0,37.0
1791393703.9139078,factorial,11,kitchen,001,7,568.0,37.0
1791393704.9390664,factorial,11,kitchen,001,7,568.0,45.0
1791393705.966278,factorial,11,kitchen,001,7,568.0,2.0
1791393706.990982,factorial,11,kitchen,001,7,568.0,2.0
1791393708.0146167,factorial,11,kitchen,001,7,568.0,10.0
1791393709.0374467,factorial,11,kitchen,001,7,568.0,0.0
1791393710.0608838,factorial,11,kitchen,001,7,638.0,40.0
1791393711.0848172,factorial,11,kitchen,001,7,638.0,30.0
1791393712.1114602,factorial,11,kitchen,001,7,618.0,40.0
1791393713.1353405,factorial,11,kitchen,001,7,620.0,35.0
1791393714.1585293,factorial,11,kitchen,001,7,622.0,55.0
1791393715.1843343,factorial,11,kitchen,001,7,622.0,42.0
1791393716.207513,factorial,11,kitchen,001,7,608.0,41.0
1791393717.232342,factorial,11,kitchen,001,7,624.0,39.0
1791393718.2557967,factorial,11,kitchen,001,7,624.0,29.0
1791393719.2798054,factorial,11,kitchen,001,7,630.0,65.0
1791393720.3062935,factorial,11,kitchen,001,7,630.0,32.0
1791393721.3333583,factorial,11,kitchen,001,7,630.0,43.0
1791393722.357355,factorial,11,kitchen,001,7,630.0,43.0
1791393723.380633,factorial,11,kitchen,001,7,630.0,3.0
1791393724.4047582,factorial,11,kitchen,001,7,630.0,15.0
1791393725.4286208,factorial,11,kitchen,001,7,630.0,3.0
1791393726.4524136,factorial,11,kitchen,001,7,630.0,12.0
1791393727.476282,factorial,11,kitchen,001,7,630.0,0.0
1791393728.499242,factorial,12,kitchen,100,7,3.0,0.0
1791393729.5567567,factorial,12,kitchen,100,7,3.0,0.0
1791393730.5813787,factorial,12,kitchen,100,7,3.0,0.0
1791393731.606795,factorial,12,kitchen,100,7,3.0,0.0
1791393732.629323,factorial,12,kitchen,100,7,216.0,0.0
1791393733.6529608,factorial,12,kitchen,100,7,314.0,3.0
1791393734.6760876,factorial,12,kitchen,100,7,322.0,22.0
1791393735.6995451,factorial,12,kitchen,100,7,346.0,33.0
1791393736.7229533,factorial,12,kitchen,100,7,352.0,30.0
1791393737.7466435,factorial,12,kitchen,100,7,352.0,29.0
1791393738.7705314,factorial,12,kitchen,100,7,352.0,28.0
1791393739.7939577,factorial,12,kitchen,100,7,352.0,41.0
1791393740.817367,factorial,12,kitchen,100,7,356.0,2.0
1791393741.8407314,factorial,12,kitchen,100,7,392.0,29.0
1791393742.8644023,factorial,12,kitchen,100,7,412.0,27.0
1791393743.887864,factorial,12,kitchen,100,7,414.0,38.0
1791393744.9117265,factorial,12,kitchen,100,7,408.0,29.0
1791393745.9358845,factorial,12,kitchen,100,7,408.0,20.0
1791393746.9592319,factorial,12,kitchen,100,7,420.0,38.0
1791393747.9828665,factorial,12,kitchen,100,7,388.0,36.0
1791393749.006746,factorial,12,kitchen,100,7,402.0,24.0
1791393750.0305805,factorial,12,kitchen,100,7,400.0,26.0
1791393751.0586822,factorial,12,kitchen,100,7,400.0,0.0
1791393752.086223,factorial,12,kitchen,100,7,408.0,1.0
1791393753.1096485,factorial,12,kitchen,100,7,454.0,27.0
1791393754.1344104,factorial,12,kitchen,100,7,454.0,22.0
1791393755.157314,factorial,12,kitchen,100,7,446.0,35.0
1791393756.1806662,factorial,12,kitchen,100,7,446.0,30.0
1791393757.2047768,factorial,12,kitchen,100,7,448.0,34.0
1791393758.2285953,factorial,12,kitchen,100,7,446.0,32.0
1791393759.2525198,factorial,12,kitchen,100,7,448.0,30.0
1791393760.2757888,factorial,12,kitchen,100,7,444.0,26.0
1791393761.3009782,factorial,12,kitchen,100,7,446.0,32.0
1791393762.3249545,factorial,12,kitchen,100,7,442.0,38.0
1791393763.3493466,factorial,12,kitchen,100,7,474.0,27.0
1791393764.377246,factorial,12,kitchen,100,7,476.0,0.0
1791393765.4012167,factorial,12,kitchen,100,7,476.0,3.0
1791393766.4257708,factorial,12,kitchen,100,7,510.0,25.0
1791393767.4495971,factorial,12,kitchen,100,7,510.0,34.0
1791393768.4739218,factorial,12,kitchen,100,7,504.0,32.0
1791393769.4975708,factorial,12,kitchen,100,7,524.0,35.0
1791393770.52126,factorial,12,kitchen,100,7,528.0,36.0
1791393771.5447795,factorial,12,kitchen,100,7,528.0,29.0
1791393772.5681643,factorial,12,kitchen,100,7,512.0,29.0
1791393773.5926,factorial,12,kitchen,100,7,514.0,28.0
1791393774.6158035,factorial,12,kitchen,100,7,512.0,21.0
1791393775.6394675,factorial,12,kitchen,100,7,514.0,27.0
1791393776.663111,factorial,12,kitchen,100,7,518.0,24.0
1791393777.6863525,factorial,12,kitchen,100,7,518.0,28.0
1791393778.7129517,factorial,12,kitchen,100,7,518.0,0.0
1791393779.7362635,factorial,12,kitchen,100,7,518.0,11.0
1791393780.7601106,factorial,12,kitchen,100,7,518.0,2.0
1791393781.783179,factorial,12,kitchen,100,7,616.0,36.0
1791393782.8083,factorial,12,kitchen,100,7,618.0,38.0
1791393783.8313236,factorial,12,kitchen,100,7,600.0,40.0
1791393784.8562722,factorial,12,kitchen,100,7,600.0,51.0
1791393785.8823624,factorial,12,kitchen,100,7,604.0,40.0
1791393786.9052408,factorial,12,kitchen,100,7,604.0,40.0
1791393787.9290156,factorial,12,kitchen,100,7,554.0,36.0
1791393788.954044,factorial,12,kitchen,100,7,558.0,49.0
1791393789.9781005,factorial,12,kitchen,100,7,564.0,36.0
1791393791.003356,factorial,12,kitchen,100,7,564.0,40.0
1791393792.0267031,factorial,12,kitchen,100,7,562.0,44.0
1791393793.0502753,factorial,12,kitchen,100,7,564.0,44.0
1791393794.0765095,factorial,12,kitchen,100,7,564.0,0.0
1791393795.1002448,factorial,12,kitchen,100,7,564.0,7.0
1791393796.1241663,factorial,12,kitchen,100,7,564.0,2.0
1791393797.1506684,factorial,12,kitchen,100,7,564.0,0.0
1791393798.17395,factorial,12,kitchen,100,7,632.0,31.0
1791393799.1975963,factorial,12,kitchen,100,7,634.0,46.0
1791393800.223521,factorial,12,kitchen,100,7,636.0,41.0
1791393801.2471452,factorial,12,kitchen,100,7,604.0,51.0
1791393802.27029,factorial,12,kitchen,100,7,604.0,51.0
1791393803.2940352,factorial,12,kitchen,100,7,610.0,38.0
1791393804.3183618,factorial,12,kitchen,100,7,610.0,38.0
1791393805.34331,factorial,12,kitchen,100,7,640.0,31.0
1791393806.3678093,factorial,12,kitchen,100,7,640.0,49.0
1791393807.3925574,factorial,12,kitchen,100,7,618.0,35.0
1791393808.4170206,factorial,12,kitchen,100,7,618.0,42.0
1791393809.4439187,factorial,12,kitchen,100,7,620.0,35.0
1791393810.4687996,factorial,12,kitchen,100,7,620.0,33.0
1791393811.4939928,factorial,12,kitchen,100,7,620.0,7.0
1791393812.5213625,factorial,12,kitchen,100,7,620.0,2.0
1791393813.5451784,factorial,12,kitchen,100,7,620.0,18.0
1791393814.5715723,factorial,12,kitchen,100,7,644.0,2.0
1791393815.595837,factorial,12,kitchen,100,7,644.0,2.0
1791393816.6324534,factorial,15,kitchen,110,7,3.0,4.0
1791393817.6549647,factorial,15,kitchen,110,7,3.0,0.0
1791393818.6801553,factorial,15,kitchen,110,7,3.0,0.0
1791393819.7050567,factorial,15,kitchen,110,7,3.0,0.0
1791393820.7321384,factorial,15,kitchen,110,7,18.0,0.0
1791393821.755205,factorial,15,kitchen,110,7,216.0,0.0
1791393822.7786827,factorial,15,kitchen,110,7,320.0,9.0
1791393823.8028433,factorial,15,kitchen,110,7,320.0,30.0
1791393824.8260353,factorial,15,kitchen,110,7,328.0,30.0
1791393825.8502307,factorial,15,kitchen,110,7,332.0,35.0
1791393826.874163,factorial,15,kitchen,110,7,332.0,28.0
1791393827.898325,factorial,15,kitchen,110,7,354.0,26.0
1791393828.9218886,factorial,15,kitchen,110,7,354.0,31.0
1791393829.9458828,factorial,15,kitchen,110,7,392.0,22.0
1791393830.9690108,factorial,15,kitchen,110,7,392.0,28.0
1791393831.992658,factorial,15,kitchen,110,7,414.0,16.0
1791393833.0164347,factorial,15,kitchen,110,7,414.0,33.0
1791393834.039624,factorial,15,kitchen,110,7,404.0,25.0
1791393835.0639253,factorial,15,kitchen,110,7,404.0,15.0
1791393836.0876765,factorial,15,kitchen,110,7,404.0,25.0
1791393837.111059,factorial,15,kitchen,110,7,416.0,21.0
1791393838.1351748,factorial,15,kitchen,110,7,416.0,23.0
1791393839.1586401,factorial,15,kitchen,110,7,418.0,30.0
1791393840.1824355,factorial,15,kitchen,110,7,422.0,7.0
1791393841.2065809,factorial,15,kitchen,110,7,448.0,1.0
1791393842.230112,factorial,15,kitchen,110,7,450.0,28.0
1791393843.2543008,factorial,15,kitchen,110,7,450.0,29.0
1791393844.2786884,factorial,15,kitchen,110,7,450.0,35.0
1791393845.3033276,factorial,15,kitchen,110,7,446.0,26.0
1791393846.3274288,factorial,15,kitchen,110,7,448.0,35.0
1791393847.3516595,factorial,15,kitchen,110,7,456.0,24.0
1791393848.3755774,factorial,15,kitchen,110,7,458.0,27.0
1791393849.3995423,factorial,15,kitchen,110,7,456.0,22.0
1791393850.4252794,factorial,15,kitchen,110,7,456.0,31.0
1791393851.4496758,factorial,15,kitchen,110,7,470.0,40.0
1791393852.473338,factorial,15,kitchen,110,7,470.0,26.0
1791393853.4970055,factorial,15,kitchen,110,7,472.0,1.0
1791393854.5209014,factorial,15,kitchen,110,7,472.0,13.0
1791393855.544059,factorial,15,kitchen,110,7,524.0,48.0
1791393856.567335,factorial,15,kitchen,110,7,526.0,22.0
1791393857.5910816,factorial,15,kitchen,110,7,510.0,41.0
1791393858.6144605,factorial,15,kitchen,110,7,510.0,28.0
1791393859.6383,factorial,15,kitchen,110,7,548.0,35.0
1791393860.6622515,factorial,15,kitchen,110,7,550.0,26.0
1791393861.685808,factorial,15,kitchen,110,7,516.0,38.0
1791393862.7120197,factorial,15,kitchen,110,7,498.0,48.0
1791393863.7379217,factorial,15,kitchen,110,7,498.0,32.0
1791393864.7630887,factorial,15,kitchen,110,7,518.0,39.0
1791393865.7881916,factorial,15,kitchen,110,7,520.0,44.0
1791393866.8117554,factorial,15,kitchen,110,7,520.0,4.0
1791393867.8348432,factorial,15,kitchen,110,7,520.0,16.0
1791393868.8583457,factorial,15,kitchen,110,7,520.0,2.0
1791393869.8822334,factorial,15,kitchen,110,7,520.0,2.0
1791393870.906307,factorial,15,kitchen,110,7,602.0,45.0
1791393871.9310048,factorial,15,kitchen,110,7,602.0,32.0
1791393872.9564872,factorial,15,kitchen,110,7,564.0,38.0
1791393873.9799144,factorial,15,kitchen,110,7,564.0,31.0
1791393875.0060217,factorial,15,kitchen,110,7,584.0,37.0
1791393876.0301476,factorial,15,kitchen,110,7,586.0,36.0
1791393877.0541713,factorial,15,kitchen,110,7,562.0,46.0
1791393878.0773377,factorial,15,kitchen,110,7,568.0,44.0
1791393879.1009555,factorial,15,kitchen,110,7,568.0,50.0
1791393880.1244392,factorial,15,kitchen,110,7,568.0,26.0
1791393881.1477425,factorial,15,kitchen,110,7,568.0,46.0
1791393882.1724577,factorial,15,kitchen,110,7,568.0,21.0
1791393883.199067,factorial,15,kitchen,110,7,568.0,0.0
1791393884.222706,factorial,15,kitchen,110,7,568.0,2.0
1791393885.2464063,factorial,15,kitchen,110,7,568.0,4.0
1791393886.2724433,factorial,15,kitchen,110,7,568.0,0.0
1791393887.2968545,factorial,15,kitchen,110,7,636.0,54.0
1791393888.3205972,factorial,15,kitchen,110,7,636.0,35.0
1791393889.3468716,factorial,15,kitchen,110,7,610.0,43.0
1791393890.3715122,factorial,15,kitchen,110,7,612.0,36.0
1791393891.3946047,factorial,15,kitchen,110,7,602.0,40.0
1791393892.420466,factorial,15,kitchen,110,7,602.0,50.0
1791393893.443782,factorial,15,kitchen,110,7,626.0,46.0
1791393894.4677467,factorial,15,kitchen,110,7,628.0,41.0
1791393895.491771,factorial,15,kitchen,110,7,614.0,35.0
1791393896.5163965,factorial,15,kitchen,110,7,626.0,49.0
1791393897.5407295,factorial,15,kitchen,110,7,628.0,31.0
1791393898.5653234,factorial,15,kitchen,110,7,628.0,32.0
1791393899.5904615,factorial,15,kitchen,110,7,628.0,35.0
1791393900.6139307,factorial,15,kitchen,110,7,628.0,15.0
1791393901.6384666,factorial,15,kitchen,110,7,628.0,2.0
1791393902.665451,factorial,15,kitchen,110,7,628.0,0.0
1791393903.6895099,factorial,15,kitchen,110,7,628.0,0.0
1791393904.7131207,factorial,15,kitchen,110,7,628.0,4.0
1791393905.7368987,factorial,15,kitchen,110,7,628.0,0.0
1791393906.760194,factorial,16,kitchen,011,7,3.0,0.0
1791393907.7888246,factorial,16,kitchen,011,7,3.0,0.0
1791393908.8136432,factorial,16,kitchen,011,7,3.0,0.0
1791393909.8398988,factorial,16,kitchen,011,7,3.0,0.0
1791393910.8631654,factorial,16,kitchen,011,7,216.0,0.0
1791393911.8887014,factorial,16,kitchen,011,7,292.0,1.0
1791393912.9129977,factorial,16,kitchen,011,7,320.0,26.0
1791393913.93647,factorial,16,kitchen,011,7,328.0,17.0
1791393914.9608276,factorial,16,kitchen,011,7,354.0,28.0
1791393915.9851391,factorial,16,kitchen,011,7,352.0,21.0
1791393917.0087705,factorial,16,kitchen,011,7,356.0,42.0
1791393918.03303,factorial,16,kitchen,011,7,354.0,50.0
1791393919.059552,factorial,16,kitchen,011,7,356.0,0.0
1791393920.0830076,factorial,16,kitchen,011,7,392.0,24.0
1791393921.10755,factorial,16,kitchen,011,7,392.0,27.0
1791393922.1314251,factorial,16,kitchen,011,7,412.0,24.0
1791393923.1557627,factorial,16,kitchen,011,7,412.0,22.0
1791393924.1791072,factorial,16,kitchen,011,7,412.0,25.0
1791393925.2029579,factorial,16,kitchen,011,7,412.0,27.0
1791393926.2265332,factorial,16,kitchen,011,7,412.0,28.0
1791393927.2500715,factorial,16,kitchen,011,7,412.0,20.0
1791393928.273973,factorial,16,kitchen,011,7,392.0,21.0
1791393929.2971535,factorial,16,kitchen,011,7,406.0,30.0
1791393930.324524,factorial,16,kitchen,011,7,412.0,0.0
1791393931.3473039,factorial,16,kitchen,011,7,412.0,1.0
1791393932.3707705,factorial,16,kitchen,011,7,446.0,33.0
1791393933.3942835,factorial,16,kitchen,011,7,446.0,21.0
1791393934.417887,factorial,16,kitchen,011,7,458.0,33.0
1791393935.4420466,factorial,16,kitchen,011,7,458.0,27.0
1791393936.465962,factorial,16,kitchen,011,7,448.0,30.0
1791393937.4900327,factorial,16,kitchen,011,7,462.0,42.0
1791393938.514278,factorial,16,kitchen,011,7,464.0,23.0
1791393939.5390909,factorial,16,kitchen,011,7,448.0,25.0
1791393940.5643847,factorial,16,kitchen,011,7,448.0,23.0
1791393941.5890262,factorial,16,kitchen,011,7,462.0,23.0
1791393942.6137986,factorial,16,kitchen,011,7,462.0,25.0
1791393943.6410902,factorial,16,kitchen,011,7,464.0,0.0
1791393944.6646152,factorial,16,kitchen,011,7,466.0,7.0
1791393945.6881607,factorial,16,kitchen,011,7,466.0,2.0
1791393946.7114103,factorial,16,kitchen,011,7,514.0,31.0
1791393947.7352357,factorial,16,kitchen,011,7,516.0,30.0
1791393948.7594187,factorial,16,kitchen,011,7,502.0,26.0
1791393949.7838485,factorial,16,kitchen,011,7,524.0,23.0
1791393950.8081105,factorial,16,kitchen,011,7,520.0,54.0
1791393951.8315108,factorial,16,kitchen,011,7,500.0,50.0
1791393952.8556788,factorial,16,kitchen,011,7,502.0,31.0
1791393953.8793643,factorial,16,kitchen,011,7,502.0,40.0
1791393954.903552,factorial,16,kitchen,011,7,502.0,32.0
1791393955.9272056,factorial,16,kitchen,011,7,502.0,38.0
1791393956.9514663,factorial,16,kitchen,011,7,506.0,28.0
1791393957.9753385,factorial,16,kitchen,011,7,508.0,38.0
1791393958.9993696,factorial,16,kitchen,011,7,508.0,14.0
1791393960.0227244,factorial,16,kitchen,011,7,508.0,2.0
1791393961.051563,factorial,16,kitchen,011,7,526.0,1.0
1791393962.076542,factorial,16,kitchen,011,7,600.0,2.0
1791393963.1007197,factorial,16,kitchen,011,7,604.0,32.0
1791393964.1258245,factorial,16,kitchen,011,7,604.0,60.0
1791393965.149607,factorial,16,kitchen,011,7,556.0,39.0
1791393966.1731231,factorial,16,kitchen,011,7,556.0,51.0
1791393967.1965618,factorial,16,kitchen,011,7,560.0,39.0
1791393968.2210655,factorial,16,kitchen,011,7,560.0,31.0
1791393969.2462633,factorial,16,kitchen,011,7,558.0,26.0
1791393970.2706392,factorial,16,kitchen,011,7,558.0,40.0
1791393971.2945929,factorial,16,kitchen,011,7,554.0,40.0
1791393972.3180563,factorial,16,kitchen,011,7,578.0,37.0
1791393973.3442037,factorial,16,kitchen,011,7,556.0,47.0
1791393974.3684294,factorial,16,kitchen,011,7,582.0,51.0
1791393975.391841,factorial,16,kitchen,011,7,582.0,18.0
1791393976.4222033,factorial,16,kitchen,011,7,582.0,0.0
1791393977.4458494,factorial,16,kitchen,011,7,582.0,22.0
1791393978.468331,factorial,16,kitchen,011,7,582.0,0.0
1791393979.4919186,factorial,16,kitchen,011,7,646.0,32.0
1791393980.5153887,factorial,16,kitchen,011,7,648.0,39.0
1791393981.5395772,factorial,16,kitchen,011,7,636.0,46.0
1791393982.5636923,factorial,16,kitchen,011,7,638.0,41.0
1791393983.5874498,factorial,16,kitchen,011,7,638.0,50.0
1791393984.6119723,factorial,16,kitchen,011,7,644.0,41.0
1791393985.6385074,factorial,16,kitchen,011,7,644.0,41.0
1791393986.6643698,factorial,16,kitchen,011,7,620.0,25.0
1791393987.687948,factorial,16,kitchen,011,7,620.0,50.0
1791393988.7125776,factorial,16,kitchen,011,7,642.0,46.0
1791393989.736556,factorial,16,kitchen,011,7,642.0,54.0
1791393990.760216,factorial,16,kitchen,011,7,642.0,45.0
1791393991.7845354,factorial,16,kitchen,011,7,642.0,28.0
1791393992.8081717,factorial,16,kitchen,011,7,642.0,2.0
1791393993.8344278,factorial,16,kitchen,011,7,642.0,0.0
1791393994.8577828,factorial,16,kitchen,011,7,642.0,13.0
1791393995.8814595,factorial,16,kitchen,011,7,642.0,2.0
1791393996.9076524,factorial,16,kitchen,011,7,642.0,0.0
1791393997.932558,factorial,16,kitchen,011,7,630.0,0.0
1791393998.9562757,confirmation,1,tum-desk,010,17,3.0,0.0
1791394000.0053313,confirmation,1,tum-desk,010,17,3.0,0.0
1791394001.0306451,confirmation,1,tum-desk,010,17,3.0,0.0
1791394002.0565565,confirmation,1,tum-desk,010,17,3.0,0.0
1791394003.0820796,confirmation,1,tum-desk,010,17,3.0,0.0
1791394004.1074057,confirmation,1,tum-desk,010,17,3.0,0.0
1791394005.1306062,confirmation,1,tum-desk,010,17,216.0,0.0
1791394006.1546187,confirmation,1,tum-desk,010,17,342.0,5.0
1791394007.1788058,confirmation,1,tum-desk,010,17,344.0,16.0
1791394008.2026534,confirmation,1,tum-desk,010,17,350.0,40.0
1791394009.2261722,confirmation,1,tum-desk,010,17,374.0,43.0
1791394010.249746,confirmation,1,tum-desk,010,17,372.0,43.0
1791394011.2725124,confirmation,1,tum-desk,010,17,352.0,30.0
1791394012.2960079,confirmation,1,tum-desk,010,17,410.0,51.0
1791394013.3199356,confirmation,1,tum-desk,010,17,410.0,44.0
1791394014.3435338,confirmation,1,tum-desk,010,17,410.0,57.0
1791394015.3663092,confirmation,1,tum-desk,010,17,410.0,38.0
1791394016.3897474,confirmation,1,tum-desk,010,17,412.0,50.0
1791394017.4129033,confirmation,1,tum-desk,010,17,414.0,5.0
1791394018.4368799,confirmation,1,tum-desk,010,17,460.0,47.0
1791394019.4604375,confirmation,1,tum-desk,010,17,460.0,41.0
1791394020.4839048,confirmation,1,tum-desk,010,17,460.0,41.0
1791394021.5077446,confirmation,1,tum-desk,010,17,462.0,41.0
1791394022.532627,confirmation,1,tum-desk,010,17,450.0,44.0
1791394023.5560255,confirmation,1,tum-desk,010,17,476.0,46.0
1791394024.5802522,confirmation,1,tum-desk,010,17,482.0,37.0
1791394025.6050804,confirmation,1,tum-desk,010,17,462.0,56.0
1791394026.6287181,confirmation,1,tum-desk,010,17,470.0,3.0
1791394027.6523993,confirmation,1,tum-desk,010,17,522.0,35.0
1791394028.676937,confirmation,1,tum-desk,010,17,506.0,67.0
1791394029.7012236,confirmation,1,tum-desk,010,17,528.0,58.0
1791394030.725563,confirmation,1,tum-desk,010,17,536.0,41.0
1791394031.7501023,confirmation,1,tum-desk,010,17,518.0,55.0
1791394032.7742712,confirmation,1,tum-desk,010,17,518.0,52.0
1791394033.7992795,confirmation,1,tum-desk,010,17,520.0,68.0
1791394034.825226,confirmation,1,tum-desk,010,17,542.0,47.0
1791394035.8485165,confirmation,1,tum-desk,010,17,546.0,2.0
1791394036.8712857,confirmation,1,tum-desk,010,17,546.0,8.0
1791394037.894281,confirmation,1,tum-desk,010,17,582.0,42.0
1791394038.9198442,confirmation,1,tum-desk,010,17,560.0,37.0
1791394039.9435842,confirmation,1,tum-desk,010,17,586.0,32.0
1791394040.9685636,confirmation,1,tum-desk,010,17,590.0,48.0
1791394041.9922287,confirmation,1,tum-desk,010,17,614.0,69.0
1791394043.0162928,confirmation,1,tum-desk,010,17,582.0,76.0
1791394044.0400822,confirmation,1,tum-desk,010,17,578.0,39.0
1791394045.0637891,confirmation,1,tum-desk,010,17,550.0,48.0
1791394046.0872936,confirmation,1,tum-desk,010,17,578.0,62.0
1791394047.111028,confirmation,1,tum-desk,010,17,584.0,2.0
1791394048.1341696,confirmation,1,tum-desk,010,17,586.0,2.0
1791394049.1584187,confirmation,1,tum-desk,010,17,640.0,34.0
1791394050.1841938,confirmation,1,tum-desk,010,17,622.0,50.0
1791394051.2097988,confirmation,1,tum-desk,010,17,628.0,53.0
1791394052.2338579,confirmation,1,tum-desk,010,17,604.0,49.0
1791394053.257885,confirmation,1,tum-desk,010,17,602.0,58.0
1791394054.2822917,confirmation,1,tum-desk,010,17,604.0,30.0
1791394055.3069527,confirmation,1,tum-desk,010,17,630.0,54.0
1791394056.3322628,confirmation,1,tum-desk,010,17,630.0,58.0
1791394057.3555593,confirmation,1,tum-desk,010,17,630.0,52.0
1791394058.379029,confirmation,1,tum-desk,010,17,636.0,2.0
1791394059.4027777,confirmation,1,tum-desk,010,17,636.0,2.0
1791394060.4305158,confirmation,1,tum-desk,010,17,3.0,0.0
1791394061.453404,confirmation,2,tum-desk,001,17,3.0,0.0
1791394062.4782543,confirmation,2,tum-desk,001,17,3.0,0.0
1791394063.5036461,confirmation,2,tum-desk,001,17,3.0,0.0
1791394064.5293286,confirmation,2,tum-desk,001,17,3.0,0.0
1791394065.5546634,confirmation,2,tum-desk,001,17,3.0,0.0
1791394066.5842924,confirmation,2,tum-desk,001,17,3.0,0.0
1791394067.6070418,confirmation,2,tum-desk,001,17,216.0,0.0
1791394068.6311023,confirmation,2,tum-desk,001,17,340.0,18.0
1791394069.654569,confirmation,2,tum-desk,001,17,346.0,41.0
1791394070.6787176,confirmation,2,tum-desk,001,17,370.0,46.0
1791394071.7023416,confirmation,2,tum-desk,001,17,374.0,46.0
1791394072.7258964,confirmation,2,tum-desk,001,17,352.0,37.0
1791394073.7496376,confirmation,2,tum-desk,001,17,352.0,3.0
1791394074.7732146,confirmation,2,tum-desk,001,17,408.0,48.0
1791394075.79662,confirmation,2,tum-desk,001,17,430.0,57.0
1791394076.8200684,confirmation,2,tum-desk,001,17,408.0,46.0
1791394077.8438146,confirmation,2,tum-desk,001,17,402.0,47.0
1791394078.8670256,confirmation,2,tum-desk,001,17,422.0,52.0
1791394079.8907983,confirmation,2,tum-desk,001,17,422.0,1.0
1791394080.9150655,confirmation,2,tum-desk,001,17,454.0,26.0
1791394081.9391685,confirmation,2,tum-desk,001,17,454.0,42.0
1791394082.963672,confirmation,2,tum-desk,001,17,460.0,21.0
1791394083.9873574,confirmation,2,tum-desk,001,17,458.0,32.0
1791394085.0114837,confirmation,2,tum-desk,001,17,456.0,45.0
1791394086.0361965,confirmation,2,tum-desk,001,17,458.0,34.0
1791394087.0602329,confirmation,2,tum-desk,001,17,472.0,31.0
1791394088.0839667,confirmation,2,tum-desk,001,17,460.0,47.0
1791394089.1077015,confirmation,2,tum-desk,001,17,460.0,24.0
1791394090.1310742,confirmation,2,tum-desk,001,17,462.0,8.0
1791394091.1546853,confirmation,2,tum-desk,001,17,506.0,26.0
1791394092.17892,confirmation,2,tum-desk,001,17,502.0,32.0
1791394093.2031534,confirmation,2,tum-desk,001,17,526.0,45.0
1791394094.2269092,confirmation,2,tum-desk,001,17,520.0,47.0
1791394095.252514,confirmation,2,tum-desk,001,17,540.0,48.0
1791394096.2773027,confirmation,2,tum-desk,001,17,522.0,44.0
1791394097.3012688,confirmation,2,tum-desk,001,17,510.0,37.0
1791394098.325999,confirmation,2,tum-desk,001,17,512.0,34.0
1791394099.3505492,confirmation,2,tum-desk,001,17,512.0,44.0
1791394100.3746865,confirmation,2,tum-desk,001,17,532.0,13.0
1791394101.3981743,confirmation,2,tum-desk,001,17,536.0,10.0
1791394102.4215245,confirmation,2,tum-desk,001,17,570.0,42.0
1791394103.4466534,confirmation,2,tum-desk,001,17,572.0,58.0
1791394104.4708755,confirmation,2,tum-desk,001,17,574.0,54.0
1791394105.494992,confirmation,2,tum-desk,001,17,574.0,40.0
1791394106.518937,confirmation,2,tum-desk,001,17,600.0,34.0
1791394107.5434055,confirmation,2,tum-desk,001,17,602.0,63.0
1791394108.567238,confirmation,2,tum-desk,001,17,578.0,29.0
1791394109.5912836,confirmation,2,tum-desk,001,17,582.0,45.0
1791394110.6147523,confirmation,2,tum-desk,001,17,584.0,72.0
1791394111.640375,confirmation,2,tum-desk,001,17,588.0,40.0
1791394112.6642997,confirmation,2,tum-desk,001,17,590.0,55.0
1791394113.6884363,confirmation,2,tum-desk,001,17,592.0,4.0
1791394114.7124023,confirmation,2,tum-desk,001,17,592.0,2.0
1791394115.7361913,confirmation,2,tum-desk,001,17,628.0,38.0
1791394116.7607994,confirmation,2,tum-desk,001,17,628.0,30.0
1791394117.784276,confirmation,2,tum-desk,001,17,634.0,50.0
1791394118.8105347,confirmation,2,tum-desk,001,17,634.0,49.0
1791394119.8342881,confirmation,2,tum-desk,001,17,610.0,28.0
1791394120.8594189,confirmation,2,tum-desk,001,17,612.0,52.0
1791394121.8856013,confirmation,2,tum-desk,001,17,614.0,43.0
1791394122.9109788,confirmation,2,tum-desk,001,17,614.0,45.0
1791394123.936063,confirmation,2,tum-desk,001,17,640.0,47.0
1791394124.9596543,confirmation,2,tum-desk,001,17,642.0,50.0
1791394125.9832447,confirmation,2,tum-desk,001,17,642.0,51.0
1791394127.0071762,confirmation,2,tum-desk,001,17,644.0,17.0
1791394128.0310047,confirmation,2,tum-desk,001,17,644.0,9.0
1791394129.0553112,confirmation,2,tum-desk,001,17,644.0,4.0
1791394130.0801733,confirmation,3,tum-desk,110,17,3.0,0.0
1791394131.1029782,confirmation,3,tum-desk,110,17,3.0,0.0
1791394132.1285605,confirmation,3,tum-desk,110,17,3.0,0.0
1791394133.1541762,confirmation,3,tum-desk,110,17,3.0,0.0
1791394134.1792681,confirmation,3,tum-desk,110,17,3.0,0.0
1791394135.2049897,confirmation,3,tum-desk,110,17,3.0,0.0
1791394136.2277133,confirmation,3,tum-desk,110,17,30.0,0.0
1791394137.250462,confirmation,3,tum-desk,110,17,216.0,0.0
1791394138.274629,confirmation,3,tum-desk,110,17,342.0,13.0
1791394139.2982066,confirmation,3,tum-desk,110,17,348.0,43.0
1791394140.3221078,confirmation,3,tum-desk,110,17,372.0,42.0
1791394141.3455732,confirmation,3,tum-desk,110,17,372.0,41.0
1791394142.3690066,confirmation,3,tum-desk,110,17,372.0,42.0
1791394143.3922853,confirmation,3,tum-desk,110,17,372.0,7.0
1791394144.4157546,confirmation,3,tum-desk,110,17,408.0,48.0
1791394145.4395177,confirmation,3,tum-desk,110,17,430.0,47.0
1791394146.463236,confirmation,3,tum-desk,110,17,410.0,52.0
1791394147.4869678,confirmation,3,tum-desk,110,17,410.0,40.0
1791394148.511299,confirmation,3,tum-desk,110,17,410.0,50.0
1791394149.5348783,confirmation,3,tum-desk,110,17,402.0,5.0
1791394150.5590658,confirmation,3,tum-desk,110,17,450.0,35.0
1791394151.5831556,confirmation,3,tum-desk,110,17,450.0,41.0
1791394152.6068347,confirmation,3,tum-desk,110,17,466.0,40.0
1791394153.630694,confirmation,3,tum-desk,110,17,448.0,46.0
1791394154.654979,confirmation,3,tum-desk,110,17,456.0,39.0
1791394155.6788483,confirmation,3,tum-desk,110,17,452.0,40.0
1791394156.703206,confirmation,3,tum-desk,110,17,460.0,40.0
1791394157.7279289,confirmation,3,tum-desk,110,17,458.0,25.0
1791394158.7524142,confirmation,3,tum-desk,110,17,462.0,8.0
1791394159.7772582,confirmation,3,tum-desk,110,17,508.0,51.0
1791394160.8000536,confirmation,3,tum-desk,110,17,446.0,34.0
1791394161.823883,confirmation,3,tum-desk,110,17,516.0,53.0
1791394162.8475559,confirmation,3,tum-desk,110,17,522.0,32.0
1791394163.8706374,confirmation,3,tum-desk,110,17,518.0,53.0
1791394164.894321,confirmation,3,tum-desk,110,17,520.0,55.0
1791394165.9183571,confirmation,3,tum-desk,110,17,524.0,45.0
1791394166.9419982,confirmation,3,tum-desk,110,17,526.0,55.0
1791394167.9659326,confirmation,3,tum-desk,110,17,526.0,12.0
1791394168.9901755,confirmation,3,tum-desk,110,17,530.0,2.0
1791394170.0154305,confirmation,3,tum-desk,110,17,590.0,68.0
1791394171.0394657,confirmation,3,tum-desk,110,17,590.0,68.0
1791394172.0634632,confirmation,3,tum-desk,110,17,594.0,63.0
1791394173.0864007,confirmation,3,tum-desk,110,17,570.0,56.0
1791394174.111091,confirmation,3,tum-desk,110,17,596.0,60.0
1791394175.1364784,confirmation,3,tum-desk,110,17,574.0,43.0
1791394176.1606562,confirmation,3,tum-desk,110,17,578.0,57.0
1791394177.1850777,confirmation,3,tum-desk,110,17,582.0,46.0
1791394178.211449,confirmation,3,tum-desk,110,17,610.0,59.0
1791394179.2355275,confirmation,3,tum-desk,110,17,610.0,15.0
1791394180.2592285,confirmation,3,tum-desk,110,17,612.0,4.0
1791394181.2833602,confirmation,3,tum-desk,110,17,594.0,29.0
1791394182.3076024,confirmation,3,tum-desk,110,17,598.0,59.0
1791394183.3328288,confirmation,3,tum-desk,110,17,598.0,48.0
1791394184.3575795,confirmation,3,tum-desk,110,17,548.0,56.0
1791394185.3823938,confirmation,3,tum-desk,110,17,608.0,58.0
1791394186.4055564,confirmation,3,tum-desk,110,17,576.0,44.0
1791394187.4300325,confirmation,3,tum-desk,110,17,608.0,44.0
1791394188.4541814,confirmation,3,tum-desk,110,17,610.0,59.0
1791394189.4800434,confirmation,3,tum-desk,110,17,610.0,41.0
1791394190.5035617,confirmation,3,tum-desk,110,17,614.0,2.0
1791394191.5272954,confirmation,3,tum-desk,110,17,614.0,22.0
1791394192.5513434,confirmation,3,tum-desk,110,17,614.0,0.0
1791394193.5751958,confirmation,4,tum-desk,100,17,3.0,0.0
1791394194.600693,confirmation,4,tum-desk,100,17,3.0,0.0
1791394195.625769,confirmation,4,tum-desk,100,17,3.0,0.0
1791394196.6509964,confirmation,4,tum-desk,100,17,3.0,0.0
1791394197.6761246,confirmation,4,tum-desk,100,17,3.0,0.0
1791394198.7012167,confirmation,4,tum-desk,100,17,3.0,0.0
1791394199.724284,confirmation,4,tum-desk,100,17,216.0,0.0
1791394200.7481825,confirmation,4,tum-desk,100,17,292.0,1.0
1791394201.7727818,confirmation,4,tum-desk,100,17,342.0,35.0
1791394202.7960584,confirmation,4,tum-desk,100,17,346.0,38.0
1791394203.8197634,confirmation,4,tum-desk,100,17,370.0,39.0
1791394204.843669,confirmation,4,tum-desk,100,17,372.0,40.0
1791394205.8672554,confirmation,4,tum-desk,100,17,372.0,39.0
1791394206.8910043,confirmation,4,tum-desk,100,17,384.0,1.0
1791394207.915269,confirmation,4,tum-desk,100,17,408.0,53.0
1791394208.9386578,confirmation,4,tum-desk,100,17,394.0,49.0
1791394209.961472,confirmation,4,tum-desk,100,17,414.0,49.0
1791394210.9849207,confirmation,4,tum-desk,100,17,422.0,49.0
1791394212.0083864,confirmation,4,tum-desk,100,17,414.0,45.0
1791394213.0309482,confirmation,4,tum-desk,100,17,418.0,3.0
1791394214.054615,confirmation,4,tum-desk,100,17,460.0,36.0
1791394215.0779178,confirmation,4,tum-desk,100,17,460.0,36.0
1791394216.1043117,confirmation,4,tum-desk,100,17,460.0,24.0
1791394217.1277397,confirmation,4,tum-desk,100,17,462.0,34.0
1791394218.1516178,confirmation,4,tum-desk,100,17,468.0,42.0
1791394219.1764493,confirmation,4,tum-desk,100,17,484.0,41.0
1791394220.2004306,confirmation,4,tum-desk,100,17,468.0,36.0
1791394221.223599,confirmation,4,tum-desk,100,17,468.0,15.0
1791394222.2466252,confirmation,4,tum-desk,100,17,472.0,8.0
1791394223.2694118,confirmation,4,tum-desk,100,17,528.0,44.0
1791394224.293343,confirmation,4,tum-desk,100,17,508.0,42.0
1791394225.3179753,confirmation,4,tum-desk,100,17,528.0,45.0
1791394226.3423674,confirmation,4,tum-desk,100,17,534.0,47.0
1791394227.3659048,confirmation,4,tum-desk,100,17,516.0,67.0
1791394228.3899767,confirmation,4,tum-desk,100,17,518.0,51.0
1791394229.4161294,confirmation,4,tum-desk,100,17,520.0,42.0
1791394230.439875,confirmation,4,tum-desk,100,17,524.0,68.0
1791394231.4636729,confirmation,4,tum-desk,100,17,524.0,3.0
1791394232.4879022,confirmation,4,tum-desk,100,17,576.0,17.0
1791394233.5119345,confirmation,4,tum-desk,100,17,576.0,45.0
1791394234.535054,confirmation,4,tum-desk,100,17,576.0,43.0
1791394235.5584602,confirmation,4,tum-desk,100,17,580.0,40.0
1791394236.5827868,confirmation,4,tum-desk,100,17,598.0,38.0
1791394237.6079593,confirmation,4,tum-desk,100,17,570.0,32.0
1791394238.6321394,confirmation,4,tum-desk,100,17,572.0,40.0
1791394239.6557913,confirmation,4,tum-desk,100,17,598.0,54.0
1791394240.6799073,confirmation,4,tum-desk,100,17,598.0,49.0
1791394241.7029,confirmation,4,tum-desk,100,17,598.0,70.0
1791394242.7262213,confirmation,4,tum-desk,100,17,602.0,4.0
1791394243.749893,confirmation,4,tum-desk,100,17,602.0,2.0
1791394244.7740388,confirmation,4,tum-desk,100,17,616.0,40.0
1791394245.8005555,confirmation,4,tum-desk,100,17,618.0,58.0
1791394246.824865,confirmation,4,tum-desk,100,17,620.0,30.0
1791394247.8496468,confirmation,4,tum-desk,100,17,598.0,38.0
1791394248.8754838,confirmation,4,tum-desk,100,17,598.0,57.0
1791394249.9019701,confirmation,4,tum-desk,100,17,602.0,47.0
1791394250.925827,confirmation,4,tum-desk,100,17,608.0,50.0
1791394251.9498436,confirmation,4,tum-desk,100,17,608.0,68.0
1791394252.9761214,confirmation,4,tum-desk,100,17,608.0,62.0
1791394253.999088,confirmation,4,tum-desk,100,17,614.0,12.0
1791394255.022392,confirmation,4,tum-desk,100,17,614.0,22.0
1791394256.04622,confirmation,4,tum-desk,100,17,602.0,0.0
1791394257.0701876,confirmation,5,tum-desk,101,17,3.0,0.0
1791394258.1231275,confirmation,5,tum-desk,101,17,3.0,0.0
1791394259.1486416,confirmation,5,tum-desk,101,17,3.0,0.0
1791394260.1740046,confirmation,5,tum-desk,101,17,3.0,0.0
1791394261.1999917,confirmation,5,tum-desk,101,17,3.0,0.0
1791394262.225548,confirmation,5,tum-desk,101,17,3.0,0.0
1791394263.2482312,confirmation,5,tum-desk,101,17,216.0,0.0
1791394264.271866,confirmation,5,tum-desk,101,17,340.0,4.0
1791394265.295091,confirmation,5,tum-desk,101,17,342.0,40.0
1791394266.3189917,confirmation,5,tum-desk,101,17,368.0,38.0
1791394267.3422775,confirmation,5,tum-desk,101,17,352.0,43.0
1791394268.365959,confirmation,5,tum-desk,101,17,374.0,40.0
1791394269.3899436,confirmation,5,tum-desk,101,17,372.0,41.0
1791394270.4128258,confirmation,5,tum-desk,101,17,408.0,36.0
1791394271.436843,confirmation,5,tum-desk,101,17,410.0,49.0
1791394272.460621,confirmation,5,tum-desk,101,17,410.0,58.0
1791394273.4838946,confirmation,5,tum-desk,101,17,402.0,49.0
1791394274.5079648,confirmation,5,tum-desk,101,17,422.0,48.0
1791394275.5336142,confirmation,5,tum-desk,101,17,422.0,42.0
1791394276.5584345,confirmation,5,tum-desk,101,17,438.0,4.0
1791394277.582483,confirmation,5,tum-desk,101,17,466.0,51.0
1791394278.6074762,confirmation,5,tum-desk,101,17,460.0,34.0
1791394279.6304593,confirmation,5,tum-desk,101,17,458.0,58.0
1791394280.6545548,confirmation,5,tum-desk,101,17,458.0,21.0
1791394281.6778986,confirmation,5,tum-desk,101,17,458.0,54.0
1791394282.7012143,confirmation,5,tum-desk,101,17,454.0,40.0
1791394283.7245114,confirmation,5,tum-desk,101,17,454.0,40.0
1791394284.7480402,confirmation,5,tum-desk,101,17,468.0,37.0
1791394285.772458,confirmation,5,tum-desk,101,17,472.0,1.0
1791394286.795482,confirmation,5,tum-desk,101,17,504.0,33.0
1791394287.8185248,confirmation,5,tum-desk,101,17,510.0,33.0
1791394288.842377,confirmation,5,tum-desk,101,17,506.0,31.0
1791394289.8661833,confirmation,5,tum-desk,101,17,506.0,42.0
1791394290.8892574,confirmation,5,tum-desk,101,17,530.0,55.0
1791394291.9126074,confirmation,5,tum-desk,101,17,520.0,36.0
1791394292.9377527,confirmation,5,tum-desk,101,17,520.0,24.0
1791394293.9613385,confirmation,5,tum-desk,101,17,520.0,43.0
1791394294.9857314,confirmation,5,tum-desk,101,17,520.0,44.0
1791394296.0102384,confirmation,5,tum-desk,101,17,522.0,29.0
1791394297.03406,confirmation,5,tum-desk,101,17,522.0,41.0
1791394298.0577416,confirmation,5,tum-desk,101,17,528.0,3.0
1791394299.0809338,confirmation,5,tum-desk,101,17,586.0,55.0
1791394300.1049292,confirmation,5,tum-desk,101,17,588.0,48.0
1791394301.1304867,confirmation,5,tum-desk,101,17,564.0,35.0
1791394302.1554713,confirmation,5,tum-desk,101,17,564.0,46.0
1791394303.1789954,confirmation,5,tum-desk,101,17,566.0,34.0
1791394304.2036982,confirmation,5,tum-desk,101,17,592.0,40.0
1791394305.2278047,confirmation,5,tum-desk,101,17,572.0,48.0
1791394306.2538335,confirmation,5,tum-desk,101,17,570.0,48.0
1791394307.2789679,confirmation,5,tum-desk,101,17,570.0,35.0
1791394308.303111,confirmation,5,tum-desk,101,17,568.0,34.0
1791394309.3285985,confirmation,5,tum-desk,101,17,570.0,45.0
1791394310.3525162,confirmation,5,tum-desk,101,17,574.0,2.0
1791394311.376721,confirmation,5,tum-desk,101,17,574.0,8.0
1791394312.4006388,confirmation,5,tum-desk,101,17,654.0,49.0
1791394313.425975,confirmation,5,tum-desk,101,17,660.0,47.0
1791394314.4507265,confirmation,5,tum-desk,101,17,616.0,55.0
1791394315.4765797,confirmation,5,tum-desk,101,17,616.0,35.0
1791394316.5020533,confirmation,5,tum-desk,101,17,624.0,44.0
1791394317.527327,confirmation,5,tum-desk,101,17,624.0,36.0
1791394318.551196,confirmation,5,tum-desk,101,17,598.0,34.0
1791394319.5753088,confirmation,5,tum-desk,101,17,632.0,26.0
1791394320.599328,confirmation,5,tum-desk,101,17,614.0,35.0
1791394321.623615,confirmation,5,tum-desk,101,17,614.0,35.0
1791394322.647396,confirmation,5,tum-desk,101,17,614.0,38.0
1791394323.6720378,confirmation,5,tum-desk,101,17,614.0,35.0
1791394324.6958978,confirmation,5,tum-desk,101,17,620.0,1.0
1791394325.7192717,confirmation,5,tum-desk,101,17,620.0,14.0
1791394326.7427602,confirmation,5,tum-desk,101,17,608.0,0.0
1791394327.7658496,confirmation,6,tum-desk,011,17,3.0,0.0
1791394328.810345,confirmation,6,tum-desk,011,17,3.0,0.0
1791394329.8349903,confirmation,6,tum-desk,011,17,3.0,0.0
1791394330.86056,confirmation,6,tum-desk,011,17,3.0,0.0
1791394331.8858414,confirmation,6,tum-desk,011,17,3.0,0.0
1791394332.9112303,confirmation,6,tum-desk,011,17,3.0,0.0
1791394333.933084,confirmation,6,tum-desk,011,17,216.0,0.0
1791394334.9568436,confirmation,6,tum-desk,011,17,342.0,1.0
1791394335.9807029,confirmation,6,tum-desk,011,17,344.0,31.0
1791394337.0048122,confirmation,6,tum-desk,011,17,350.0,40.0
1791394338.0287364,confirmation,6,tum-desk,011,17,372.0,46.0
1791394339.052422,confirmation,6,tum-desk,011,17,372.0,41.0
1791394340.0757384,confirmation,6,tum-desk,011,17,372.0,40.0
1791394341.099516,confirmation,6,tum-desk,011,17,410.0,38.0
1791394342.1251252,confirmation,6,tum-desk,011,17,430.0,55.0
1791394343.1489882,confirmation,6,tum-desk,011,17,402.0,58.0
1791394344.1727676,confirmation,6,tum-desk,011,17,422.0,40.0
1791394345.1963606,confirmation,6,tum-desk,011,17,434.0,43.0
1791394346.2195632,confirmation,6,tum-desk,011,17,414.0,4.0
1791394347.2430072,confirmation,6,tum-desk,011,17,466.0,40.0
1791394348.2666225,confirmation,6,tum-desk,011,17,466.0,45.0
1791394349.2900944,confirmation,6,tum-desk,011,17,454.0,43.0
1791394350.3135788,confirmation,6,tum-desk,011,17,454.0,30.0
1791394351.3382123,confirmation,6,tum-desk,011,17,454.0,46.0
1791394352.3619492,confirmation,6,tum-desk,011,17,446.0,38.0
1791394353.385956,confirmation,6,tum-desk,011,17,462.0,41.0
1791394354.4096234,confirmation,6,tum-desk,011,17,452.0,32.0
1791394355.433465,confirmation,6,tum-desk,011,17,452.0,41.0
1791394356.4558241,confirmation,6,tum-desk,011,17,454.0,1.0
1791394357.4802842,confirmation,6,tum-desk,011,17,510.0,36.0
1791394358.5041804,confirmation,6,tum-desk,011,17,528.0,35.0
1791394359.5278249,confirmation,6,tum-desk,011,17,512.0,44.0
1791394360.5511887,confirmation,6,tum-desk,011,17,518.0,47.0
1791394361.5745897,confirmation,6,tum-desk,011,17,524.0,46.0
1791394362.5977476,confirmation,6,tum-desk,011,17,522.0,32.0
1791394363.6236951,confirmation,6,tum-desk,011,17,522.0,25.0
1791394364.6469803,confirmation,6,tum-desk,011,17,526.0,23.0
1791394365.6717694,confirmation,6,tum-desk,011,17,502.0,32.0
1791394366.6943033,confirmation,6,tum-desk,011,17,528.0,55.0
1791394367.7181978,confirmation,6,tum-desk,011,17,532.0,6.0
1791394368.741076,confirmation,6,tum-desk,011,17,532.0,8.0
1791394369.7647665,confirmation,6,tum-desk,011,17,588.0,40.0
1791394370.7877822,confirmation,6,tum-desk,011,17,564.0,34.0
1791394371.8112755,confirmation,6,tum-desk,011,17,566.0,49.0
1791394372.8343325,confirmation,6,tum-desk,011,17,556.0,49.0
1791394373.8604102,confirmation,6,tum-desk,011,17,586.0,30.0
1791394374.8848321,confirmation,6,tum-desk,011,17,558.0,45.0
1791394375.9081037,confirmation,6,tum-desk,011,17,558.0,36.0
1791394376.9340563,confirmation,6,tum-desk,011,17,634.0,48.0
1791394377.957897,confirmation,6,tum-desk,011,17,634.0,53.0
1791394378.981671,confirmation,6,tum-desk,011,17,634.0,34.0
1791394380.006591,confirmation,6,tum-desk,011,17,636.0,39.0
1791394381.0302706,confirmation,6,tum-desk,011,17,640.0,2.0
1791394382.0530224,confirmation,6,tum-desk,011,17,640.0,0.0
1791394383.0793006,confirmation,6,tum-desk,011,17,624.0,63.0
1791394384.1056654,confirmation,6,tum-desk,011,17,624.0,49.0
1791394385.1344504,confirmation,6,tum-desk,011,17,600.0,39.0
1791394386.159258,confirmation,6,tum-desk,011,17,628.0,30.0
1791394387.1825414,confirmation,6,tum-desk,011,17,632.0,51.0
1791394388.206244,confirmation,6,tum-desk,011,17,574.0,46.0
1791394389.2301548,confirmation,6,tum-desk,011,17,636.0,31.0
1791394390.2559302,confirmation,6,tum-desk,011,17,664.0,47.0
1791394391.2796068,confirmation,6,tum-desk,011,17,664.0,50.0
1791394392.3053024,confirmation,6,tum-desk,011,17,664.0,45.0
1791394393.3314288,confirmation,6,tum-desk,011,17,664.0,48.0
1791394394.3551009,confirmation,6,tum-desk,011,17,668.0,2.0
1791394395.3786712,confirmation,6,tum-desk,011,17,668.0,3.0
1791394396.4251444,confirmation,6,tum-desk,011,17,3.0,0.0
1791394397.44833,confirmation,7,tum-desk,111,17,3.0,0.0
1791394398.4734485,confirmation,7,tum-desk,111,17,3.0,0.0
1791394399.4985664,confirmation,7,tum-desk,111,17,3.0,0.0
1791394400.5246756,confirmation,7,tum-desk,111,17,3.0,0.0
1791394401.5497162,confirmation,7,tum-desk,111,17,3.0,0.0
1791394402.5828912,confirmation,7,tum-desk,111,17,3.0,0.0
1791394403.6059449,confirmation,7,tum-desk,111,17,216.0,0.0
1791394404.629574,confirmation,7,tum-desk,111,17,342.0,21.0
1791394405.6534753,confirmation,7,tum-desk,111,17,348.0,42.0
1791394406.6770911,confirmation,7,tum-desk,111,17,372.0,43.0
1791394407.700413,confirmation,7,tum-desk,111,17,372.0,42.0
1791394408.7238967,confirmation,7,tum-desk,111,17,374.0,44.0
1791394409.747283,confirmation,7,tum-desk,111,17,372.0,1.0
1791394410.770904,confirmation,7,tum-desk,111,17,408.0,55.0
1791394411.794591,confirmation,7,tum-desk,111,17,432.0,55.0
1791394412.818335,confirmation,7,tum-desk,111,17,410.0,48.0
1791394413.84203,confirmation,7,tum-desk,111,17,402.0,44.0
1791394414.8662276,confirmation,7,tum-desk,111,17,416.0,43.0
1791394415.889398,confirmation,7,tum-desk,111,17,414.0,19.0
1791394416.9128575,confirmation,7,tum-desk,111,17,454.0,36.0
1791394417.936967,confirmation,7,tum-desk,111,17,454.0,36.0
1791394418.9619455,confirmation,7,tum-desk,111,17,460.0,35.0
1791394419.9862309,confirmation,7,tum-desk,111,17,466.0,41.0
1791394421.0098605,confirmation,7,tum-desk,111,17,466.0,39.0
1791394422.033857,confirmation,7,tum-desk,111,17,448.0,38.0
1791394423.0588813,confirmation,7,tum-desk,111,17,462.0,40.0
1791394424.0835655,confirmation,7,tum-desk,111,17,462.0,25.0
1791394425.1079125,confirmation,7,tum-desk,111,17,462.0,28.0
1791394426.1320674,confirmation,7,tum-desk,111,17,466.0,1.0
1791394427.1560376,confirmation,7,tum-desk,111,17,518.0,39.0
1791394428.1797125,confirmation,7,tum-desk,111,17,520.0,55.0
1791394429.2034755,confirmation,7,tum-desk,111,17,524.0,44.0
1791394430.226873,confirmation,7,tum-desk,111,17,524.0,40.0
1791394431.2522163,confirmation,7,tum-desk,111,17,530.0,32.0
1791394432.2761648,confirmation,7,tum-desk,111,17,520.0,44.0
1791394433.29921,confirmation,7,tum-desk,111,17,522.0,45.0
1791394434.3233662,confirmation,7,tum-desk,111,17,526.0,35.0
1791394435.3473053,confirmation,7,tum-desk,111,17,530.0,37.0
1791394436.371092,confirmation,7,tum-desk,111,17,530.0,41.0
1791394437.3953803,confirmation,7,tum-desk,111,17,530.0,2.0
1791394438.4194376,confirmation,7,tum-desk,111,17,532.0,5.0
1791394439.4444563,confirmation,7,tum-desk,111,17,570.0,35.0
1791394440.468733,confirmation,7,tum-desk,111,17,596.0,60.0
1791394441.4930449,confirmation,7,tum-desk,111,17,576.0,38.0
1791394442.5186486,confirmation,7,tum-desk,111,17,576.0,38.0
1791394443.5423486,confirmation,7,tum-desk,111,17,600.0,48.0
1791394444.5663662,confirmation,7,tum-desk,111,17,600.0,52.0
1791394445.5897849,confirmation,7,tum-desk,111,17,576.0,41.0
1791394446.6129098,confirmation,7,tum-desk,111,17,598.0,37.0
1791394447.6376112,confirmation,7,tum-desk,111,17,600.0,30.0
1791394448.6613681,confirmation,7,tum-desk,111,17,574.0,33.0
1791394449.6851513,confirmation,7,tum-desk,111,17,578.0,46.0
1791394450.7093568,confirmation,7,tum-desk,111,17,578.0,2.0
1791394451.732724,confirmation,7,tum-desk,111,17,580.0,11.0
1791394452.755557,confirmation,7,tum-desk,111,17,592.0,33.0
1791394453.7798846,confirmation,7,tum-desk,111,17,624.0,47.0
1791394454.8040054,confirmation,7,tum-desk,111,17,568.0,44.0
1791394455.827597,confirmation,7,tum-desk,111,17,630.0,34.0
1791394456.8519216,confirmation,7,tum-desk,111,17,644.0,46.0
1791394457.87793,confirmation,7,tum-desk,111,17,644.0,36.0
1791394458.9012477,confirmation,7,tum-desk,111,17,578.0,40.0
1791394459.924453,confirmation,7,tum-desk,111,17,610.0,39.0
1791394460.95107,confirmation,7,tum-desk,111,17,592.0,43.0
1791394461.9757607,confirmation,7,tum-desk,111,17,592.0,38.0
1791394462.9995718,confirmation,7,tum-desk,111,17,624.0,49.0
1791394464.0234814,confirmation,7,tum-desk,111,17,626.0,48.0
1791394465.0480037,confirmation,7,tum-desk,111,17,632.0,3.0
1791394466.0705352,confirmation,7,tum-desk,111,17,632.0,1.0
1791394467.1256697,confirmation,8,tum-desk,000,17,3.0,13.0
1791394468.1485448,confirmation,8,tum-desk,000,17,3.0,0.0
1791394469.1739914,confirmation,8,tum-desk,000,17,3.0,0.0
1791394470.1989267,confirmation,8,tum-desk,000,17,3.0,0.0
1791394471.2247045,confirmation,8,tum-desk,000,17,3.0,0.0
1791394472.2498887,confirmation,8,tum-desk,000,17,3.0,0.0
1791394473.272551,confirmation,8,tum-desk,000,17,216.0,4.0
1791394474.295496,confirmation,8,tum-desk,000,17,246.0,0.0
1791394475.3188777,confirmation,8,tum-desk,000,17,342.0,26.0
1791394476.3423896,confirmation,8,tum-desk,000,17,366.0,45.0
1791394477.365995,confirmation,8,tum-desk,000,17,370.0,41.0
1791394478.3896437,confirmation,8,tum-desk,000,17,372.0,44.0
1791394479.4132192,confirmation,8,tum-desk,000,17,370.0,40.0
1791394480.4370534,confirmation,8,tum-desk,000,17,374.0,2.0
1791394481.4608624,confirmation,8,tum-desk,000,17,408.0,39.0
1791394482.484331,confirmation,8,tum-desk,000,17,394.0,58.0
1791394483.5081537,confirmation,8,tum-desk,000,17,400.0,52.0
1791394484.5318682,confirmation,8,tum-desk,000,17,414.0,46.0
1791394485.5556757,confirmation,8,tum-desk,000,17,414.0,52.0
1791394486.5789125,confirmation,8,tum-desk,000,17,416.0,1.0
1791394487.602717,confirmation,8,tum-desk,000,17,444.0,33.0
1791394488.6268435,confirmation,8,tum-desk,000,17,462.0,36.0
1791394489.650587,confirmation,8,tum-desk,000,17,438.0,40.0
1791394490.6743486,confirmation,8,tum-desk,000,17,456.0,43.0
1791394491.697955,confirmation,8,tum-desk,000,17,452.0,34.0
1791394492.7225165,confirmation,8,tum-desk,000,17,466.0,50.0
1791394493.7461884,confirmation,8,tum-desk,000,17,466.0,38.0
1791394494.7701612,confirmation,8,tum-desk,000,17,470.0,1.0
1791394495.7943351,confirmation,8,tum-desk,000,17,502.0,31.0
1791394496.8182423,confirmation,8,tum-desk,000,17,524.0,58.0
1791394497.842796,confirmation,8,tum-desk,000,17,524.0,36.0
1791394498.8677883,confirmation,8,tum-desk,000,17,534.0,52.0
1791394499.8919566,confirmation,8,tum-desk,000,17,534.0,47.0
1791394500.9165442,confirmation,8,tum-desk,000,17,530.0,47.0
1791394501.9410038,confirmation,8,tum-desk,000,17,514.0,42.0
1791394502.9659965,confirmation,8,tum-desk,000,17,538.0,49.0
1791394503.990498,confirmation,8,tum-desk,000,17,538.0,47.0
1791394505.0143702,confirmation,8,tum-desk,000,17,542.0,2.0
1791394506.0400326,confirmation,8,tum-desk,000,17,572.0,30.0
1791394507.063788,confirmation,8,tum-desk,000,17,574.0,62.0
1791394508.0882044,confirmation,8,tum-desk,000,17,584.0,37.0
1791394509.1116269,confirmation,8,tum-desk,000,17,586.0,48.0
1791394510.1358461,confirmation,8,tum-desk,000,17,572.0,29.0
1791394511.1590886,confirmation,8,tum-desk,000,17,570.0,46.0
1791394512.1849,confirmation,8,tum-desk,000,17,570.0,40.0
1791394513.2105927,confirmation,8,tum-desk,000,17,584.0,35.0
1791394514.2357593,confirmation,8,tum-desk,000,17,584.0,62.0
1791394515.2589867,confirmation,8,tum-desk,000,17,584.0,47.0
1791394516.282663,confirmation,8,tum-desk,000,17,588.0,8.0
1791394517.3053088,confirmation,8,tum-desk,000,17,588.0,3.0
1791394518.3313122,confirmation,8,tum-desk,000,17,622.0,34.0
1791394519.3581524,confirmation,8,tum-desk,000,17,630.0,59.0
1791394520.3832135,confirmation,8,tum-desk,000,17,630.0,63.0
1791394521.4093697,confirmation,8,tum-desk,000,17,616.0,66.0
1791394522.4333494,confirmation,8,tum-desk,000,17,582.0,59.0
1791394523.4574971,confirmation,8,tum-desk,000,17,626.0,50.0
1791394524.483146,confirmation,8,tum-desk,000,17,626.0,59.0
1791394525.509134,confirmation,8,tum-desk,000,17,626.0,57.0
1791394526.5332217,confirmation,8,tum-desk,000,17,630.0,20.0
1791394527.5566533,confirmation,8,tum-desk,000,17,630.0,10.0
1791394528.5798273,confirmation,8,tum-desk,000,17,630.0,0.0
1791394529.603869,confirmation,9,kitchen,101,17,3.0,0.0
1791394530.6294098,confirmation,9,kitchen,101,17,3.0,0.0
1791394531.6538322,confirmation,9,kitchen,101,17,3.0,0.0
1791394532.6785545,confirmation,9,kitchen,101,17,3.0,0.0
1791394533.7011924,confirmation,9,kitchen,101,17,216.0,0.0
1791394534.724993,confirmation,9,kitchen,101,17,248.0,0.0
1791394535.7488997,confirmation,9,kitchen,101,17,320.0,12.0
1791394536.7721431,confirmation,9,kitchen,101,17,326.0,29.0
1791394537.7954168,confirmation,9,kitchen,101,17,350.0,37.0
1791394538.8190858,confirmation,9,kitchen,101,17,352.0,32.0
1791394539.8428288,confirmation,9,kitchen,101,17,354.0,46.0
1791394540.8668091,confirmation,9,kitchen,101,17,352.0,21.0
1791394541.891344,confirmation,9,kitchen,101,17,356.0,0.0
1791394542.9145367,confirmation,9,kitchen,101,17,392.0,29.0
1791394543.9382012,confirmation,9,kitchen,101,17,406.0,20.0
1791394544.9617548,confirmation,9,kitchen,101,17,406.0,19.0
1791394545.985516,confirmation,9,kitchen,101,17,402.0,23.0
1791394547.0093002,confirmation,9,kitchen,101,17,404.0,31.0
1791394548.032563,confirmation,9,kitchen,101,17,406.0,34.0
1791394549.056252,confirmation,9,kitchen,101,17,406.0,25.0
1791394550.0804853,confirmation,9,kitchen,101,17,416.0,20.0
1791394551.1040533,confirmation,9,kitchen,101,17,424.0,25.0
1791394552.127915,confirmation,9,kitchen,101,17,426.0,20.0
1791394553.1516926,confirmation,9,kitchen,101,17,430.0,2.0
1791394554.174588,confirmation,9,kitchen,101,17,430.0,0.0
1791394555.1984801,confirmation,9,kitchen,101,17,468.0,32.0
1791394556.2222269,confirmation,9,kitchen,101,17,470.0,30.0
1791394557.2476633,confirmation,9,kitchen,101,17,454.0,32.0
1791394558.2723105,confirmation,9,kitchen,101,17,454.0,41.0
1791394559.296258,confirmation,9,kitchen,101,17,456.0,22.0
1791394560.3204086,confirmation,9,kitchen,101,17,456.0,31.0
1791394561.344779,confirmation,9,kitchen,101,17,450.0,20.0
1791394562.3692667,confirmation,9,kitchen,101,17,452.0,28.0
1791394563.394535,confirmation,9,kitchen,101,17,454.0,30.0
1791394564.4183426,confirmation,9,kitchen,101,17,474.0,24.0
1791394565.4422326,confirmation,9,kitchen,101,17,478.0,24.0
1791394566.4693341,confirmation,9,kitchen,101,17,480.0,0.0
1791394567.492983,confirmation,9,kitchen,101,17,480.0,1.0
1791394568.516497,confirmation,9,kitchen,101,17,480.0,6.0
1791394569.5408027,confirmation,9,kitchen,101,17,496.0,34.0
1791394570.5640566,confirmation,9,kitchen,101,17,498.0,28.0
1791394571.5893424,confirmation,9,kitchen,101,17,504.0,37.0
1791394572.6130228,confirmation,9,kitchen,101,17,504.0,29.0
1791394573.6362743,confirmation,9,kitchen,101,17,504.0,33.0
1791394574.6594715,confirmation,9,kitchen,101,17,524.0,23.0
1791394575.6830583,confirmation,9,kitchen,101,17,510.0,23.0
1791394576.706385,confirmation,9,kitchen,101,17,510.0,22.0
1791394577.7313428,confirmation,9,kitchen,101,17,508.0,24.0
1791394578.7549322,confirmation,9,kitchen,101,17,510.0,39.0
1791394579.7781758,confirmation,9,kitchen,101,17,532.0,33.0
1791394580.8018582,confirmation,9,kitchen,101,17,532.0,22.0
1791394581.8253448,confirmation,9,kitchen,101,17,532.0,2.0
1791394582.8486185,confirmation,9,kitchen,101,17,532.0,3.0
1791394583.8715591,confirmation,9,kitchen,101,17,538.0,8.0
1791394584.8945587,confirmation,9,kitchen,101,17,538.0,0.0
1791394585.918637,confirmation,9,kitchen,101,17,570.0,29.0
1791394586.943916,confirmation,9,kitchen,101,17,572.0,31.0
1791394587.9695857,confirmation,9,kitchen,101,17,576.0,35.0
1791394588.9937837,confirmation,9,kitchen,101,17,576.0,37.0
1791394590.017555,confirmation,9,kitchen,101,17,562.0,37.0
1791394591.0410378,confirmation,9,kitchen,101,17,562.0,50.0
1791394592.0653882,confirmation,9,kitchen,101,17,564.0,35.0
1791394593.089688,confirmation,9,kitchen,101,17,564.0,38.0
1791394594.1134636,confirmation,9,kitchen,101,17,562.0,25.0
1791394595.1387653,confirmation,9,kitchen,101,17,562.0,40.0
1791394596.163434,confirmation,9,kitchen,101,17,562.0,37.0
1791394597.1880963,confirmation,9,kitchen,101,17,564.0,33.0
1791394598.211456,confirmation,9,kitchen,101,17,564.0,2.0
1791394599.2350852,confirmation,9,kitchen,101,17,564.0,15.0
1791394600.258164,confirmation,9,kitchen,101,17,564.0,2.0
1791394601.291053,confirmation,9,kitchen,101,17,564.0,0.0
1791394602.313791,confirmation,9,kitchen,101,17,564.0,0.0
1791394603.3370557,confirmation,9,kitchen,101,17,634.0,38.0
1791394604.3602667,confirmation,9,kitchen,101,17,634.0,35.0
1791394605.383436,confirmation,9,kitchen,101,17,608.0,45.0
1791394606.4080248,confirmation,9,kitchen,101,17,610.0,39.0
1791394607.4309132,confirmation,9,kitchen,101,17,586.0,58.0
1791394608.457471,confirmation,9,kitchen,101,17,622.0,34.0
1791394609.483171,confirmation,9,kitchen,101,17,646.0,49.0
1791394610.5066435,confirmation,9,kitchen,101,17,648.0,54.0
1791394611.5303674,confirmation,9,kitchen,101,17,650.0,32.0
1791394612.5536,confirmation,9,kitchen,101,17,656.0,45.0
1791394613.57805,confirmation,9,kitchen,101,17,656.0,35.0
1791394614.6018875,confirmation,9,kitchen,101,17,658.0,36.0
1791394615.626189,confirmation,9,kitchen,101,17,658.0,52.0
1791394616.6495256,confirmation,9,kitchen,101,17,658.0,0.0
1791394617.6732883,confirmation,9,kitchen,101,17,658.0,8.0
1791394618.7001429,confirmation,9,kitchen,101,17,658.0,2.0
1791394619.7275472,confirmation,9,kitchen,101,17,658.0,0.0
1791394620.7508895,confirmation,9,kitchen,101,17,658.0,14.0
1791394621.7743793,confirmation,9,kitchen,101,17,646.0,0.0
1791394622.7988422,confirmation,10,kitchen,010,17,3.0,0.0
1791394623.8456059,confirmation,10,kitchen,010,17,3.0,0.0
1791394624.870445,confirmation,10,kitchen,010,17,3.0,0.0
1791394625.8979707,confirmation,10,kitchen,010,17,3.0,0.0
1791394626.9206254,confirmation,10,kitchen,010,17,216.0,0.0
1791394627.9445984,confirmation,10,kitchen,010,17,314.0,3.0
1791394628.9678483,confirmation,10,kitchen,010,17,322.0,15.0
1791394629.9916182,confirmation,10,kitchen,010,17,330.0,31.0
1791394631.0146308,confirmation,10,kitchen,010,17,354.0,34.0
1791394632.0391204,confirmation,10,kitchen,010,17,354.0,32.0
1791394633.0624719,confirmation,10,kitchen,010,17,354.0,37.0
1791394634.0869129,confirmation,10,kitchen,010,17,356.0,33.0
1791394635.113451,confirmation,10,kitchen,010,17,356.0,1.0
1791394636.1371958,confirmation,10,kitchen,010,17,412.0,20.0
1791394637.1609201,confirmation,10,kitchen,010,17,414.0,20.0
1791394638.1855898,confirmation,10,kitchen,010,17,414.0,18.0
1791394639.2100976,confirmation,10,kitchen,010,17,404.0,30.0
1791394640.234465,confirmation,10,kitchen,010,17,406.0,25.0
1791394641.2588909,confirmation,10,kitchen,010,17,404.0,20.0
1791394642.2822814,confirmation,10,kitchen,010,17,404.0,28.0
1791394643.306623,confirmation,10,kitchen,010,17,404.0,16.0
1791394644.33,confirmation,10,kitchen,010,17,412.0,21.0
1791394645.3545485,confirmation,10,kitchen,010,17,412.0,17.0
1791394646.381606,confirmation,10,kitchen,010,17,420.0,0.0
1791394647.4044504,confirmation,10,kitchen,010,17,472.0,25.0
1791394648.4281514,confirmation,10,kitchen,010,17,474.0,39.0
1791394649.4530122,confirmation,10,kitchen,010,17,458.0,23.0
1791394650.4770806,confirmation,10,kitchen,010,17,474.0,28.0
1791394651.5007641,confirmation,10,kitchen,010,17,450.0,36.0
1791394652.5244565,confirmation,10,kitchen,010,17,484.0,34.0
1791394653.5475523,confirmation,10,kitchen,010,17,468.0,26.0
1791394654.5716746,confirmation,10,kitchen,010,17,466.0,20.0
1791394655.5952635,confirmation,10,kitchen,010,17,468.0,31.0
1791394656.6196434,confirmation,10,kitchen,010,17,462.0,26.0
1791394657.6433635,confirmation,10,kitchen,010,17,464.0,22.0
1791394658.6665027,confirmation,10,kitchen,010,17,470.0,1.0
1791394659.6901047,confirmation,10,kitchen,010,17,470.0,6.0
1791394660.714013,confirmation,10,kitchen,010,17,496.0,31.0
1791394661.7388072,confirmation,10,kitchen,010,17,522.0,42.0
1791394662.7645848,confirmation,10,kitchen,010,17,512.0,37.0
1791394663.7895358,confirmation,10,kitchen,010,17,532.0,38.0
1791394664.8146763,confirmation,10,kitchen,010,17,536.0,34.0
1791394665.839819,confirmation,10,kitchen,010,17,536.0,32.0
1791394666.8658104,confirmation,10,kitchen,010,17,518.0,36.0
1791394667.8894436,confirmation,10,kitchen,010,17,488.0,39.0
1791394668.913527,confirmation,10,kitchen,010,17,498.0,52.0
1791394669.9368498,confirmation,10,kitchen,010,17,498.0,37.0
1791394670.9613025,confirmation,10,kitchen,010,17,520.0,24.0
1791394671.9851198,confirmation,10,kitchen,010,17,520.0,3.0
1791394673.0087793,confirmation,10,kitchen,010,17,520.0,16.0
1791394674.0327132,confirmation,10,kitchen,010,17,526.0,3.0
1791394675.0554326,confirmation,10,kitchen,010,17,526.0,4.0
1791394676.0791717,confirmation,10,kitchen,010,17,558.0,42.0
1791394677.1032674,confirmation,10,kitchen,010,17,560.0,47.0
1791394678.1271498,confirmation,10,kitchen,010,17,562.0,47.0
1791394679.1506636,confirmation,10,kitchen,010,17,552.0,43.0
1791394680.1746888,confirmation,10,kitchen,010,17,560.0,37.0
1791394681.197512,confirmation,10,kitchen,010,17,582.0,26.0
1791394682.2215676,confirmation,10,kitchen,010,17,582.0,32.0
1791394683.2457461,confirmation,10,kitchen,010,17,580.0,35.0
1791394684.270321,confirmation,10,kitchen,010,17,582.0,29.0
1791394685.2942145,confirmation,10,kitchen,010,17,580.0,43.0
1791394686.3182013,confirmation,10,kitchen,010,17,582.0,29.0
1791394687.3449104,confirmation,10,kitchen,010,17,582.0,2.0
1791394688.371632,confirmation,10,kitchen,010,17,582.0,0.0
1791394689.3955836,confirmation,10,kitchen,010,17,582.0,13.0
1791394690.4259214,confirmation,10,kitchen,010,17,582.0,2.0
1791394691.4504862,confirmation,10,kitchen,010,17,622.0,39.0
1791394692.4782643,confirmation,10,kitchen,010,17,622.0,53.0
1791394693.5021882,confirmation,10,kitchen,010,17,632.0,42.0
1791394694.5297525,confirmation,10,kitchen,010,17,632.0,57.0
1791394695.5557306,confirmation,10,kitchen,010,17,598.0,40.0
1791394696.580264,confirmation,10,kitchen,010,17,626.0,41.0
1791394697.6045172,confirmation,10,kitchen,010,17,624.0,33.0
1791394698.6295252,confirmation,10,kitchen,010,17,624.0,34.0
1791394699.6554687,confirmation,10,kitchen,010,17,654.0,54.0
1791394700.6784325,confirmation,10,kitchen,010,17,656.0,44.0
1791394701.7035575,confirmation,10,kitchen,010,17,656.0,34.0
1791394702.7272906,confirmation,10,kitchen,010,17,656.0,41.0
1791394703.7512193,confirmation,10,kitchen,010,17,656.0,17.0
1791394704.7750502,confirmation,10,kitchen,010,17,656.0,2.0
1791394705.8016405,confirmation,10,kitchen,010,17,656.0,0.0
1791394706.8256407,confirmation,10,kitchen,010,17,656.0,0.0
1791394707.8487158,confirmation,10,kitchen,010,17,656.0,5.0
1791394708.8726754,confirmation,10,kitchen,010,17,656.0,0.0
1791394709.8967168,confirmation,11,kitchen,001,17,3.0,0.0
1791394710.9226313,confirmation,11,kitchen,001,17,3.0,0.0
1791394711.9485576,confirmation,11,kitchen,001,17,3.0,0.0
1791394712.9740124,confirmation,11,kitchen,001,17,3.0,0.0
1791394713.997314,confirmation,11,kitchen,001,17,216.0,0.0
1791394715.0208852,confirmation,11,kitchen,001,17,292.0,0.0
1791394716.0446937,confirmation,11,kitchen,001,17,320.0,17.0
1791394717.0682948,confirmation,11,kitchen,001,17,326.0,23.0
1791394718.091975,confirmation,11,kitchen,001,17,350.0,34.0
1791394719.1161854,confirmation,11,kitchen,001,17,350.0,30.0
1791394720.1400354,confirmation,11,kitchen,001,17,354.0,37.0
1791394721.1637492,confirmation,11,kitchen,001,17,354.0,38.0
1791394722.190853,confirmation,11,kitchen,001,17,356.0,1.0
1791394723.2149203,confirmation,11,kitchen,001,17,392.0,19.0
1791394724.2388058,confirmation,11,kitchen,001,17,404.0,27.0
1791394725.2627332,confirmation,11,kitchen,001,17,404.0,31.0
1791394726.2869847,confirmation,11,kitchen,001,17,404.0,21.0
1791394727.3111966,confirmation,11,kitchen,001,17,404.0,20.0
1791394728.3356504,confirmation,11,kitchen,001,17,396.0,20.0
1791394729.3595376,confirmation,11,kitchen,001,17,396.0,30.0
1791394730.383925,confirmation,11,kitchen,001,17,410.0,32.0
1791394731.4096804,confirmation,11,kitchen,001,17,404.0,32.0
1791394732.4342275,confirmation,11,kitchen,001,17,404.0,18.0
1791394733.4577847,confirmation,11,kitchen,001,17,412.0,1.0
1791394734.4805918,confirmation,11,kitchen,001,17,412.0,0.0
1791394735.5043063,confirmation,11,kitchen,001,17,452.0,25.0
1791394736.5290837,confirmation,11,kitchen,001,17,452.0,20.0
1791394737.553047,confirmation,11,kitchen,001,17,470.0,27.0
1791394738.5769296,confirmation,11,kitchen,001,17,448.0,21.0
1791394739.6011138,confirmation,11,kitchen,001,17,450.0,26.0
1791394740.625907,confirmation,11,kitchen,001,17,464.0,24.0
1791394741.6499045,confirmation,11,kitchen,001,17,464.0,30.0
1791394742.67328,confirmation,11,kitchen,001,17,446.0,29.0
1791394743.6968179,confirmation,11,kitchen,001,17,462.0,30.0
1791394744.7213871,confirmation,11,kitchen,001,17,476.0,26.0
1791394745.748681,confirmation,11,kitchen,001,17,480.0,6.0
1791394746.7756715,confirmation,11,kitchen,001,17,482.0,0.0
1791394747.7992604,confirmation,11,kitchen,001,17,482.0,1.0
1791394748.822831,confirmation,11,kitchen,001,17,510.0,27.0
1791394749.8462057,confirmation,11,kitchen,001,17,512.0,52.0
1791394750.8695564,confirmation,11,kitchen,001,17,498.0,34.0
1791394751.8939888,confirmation,11,kitchen,001,17,500.0,26.0
1791394752.9174204,confirmation,11,kitchen,001,17,516.0,39.0
1791394753.9412596,confirmation,11,kitchen,001,17,516.0,28.0
1791394754.965637,confirmation,11,kitchen,001,17,496.0,35.0
1791394755.9890373,confirmation,11,kitchen,001,17,518.0,23.0
1791394757.0127177,confirmation,11,kitchen,001,17,520.0,23.0
1791394758.0359101,confirmation,11,kitchen,001,17,520.0,36.0
1791394759.0600438,confirmation,11,kitchen,001,17,522.0,26.0
1791394760.0834692,confirmation,11,kitchen,001,17,522.0,42.0
1791394761.1071124,confirmation,11,kitchen,001,17,522.0,13.0
1791394762.1342595,confirmation,11,kitchen,001,17,522.0,9.0
1791394763.1582353,confirmation,11,kitchen,001,17,522.0,4.0
1791394764.1816716,confirmation,11,kitchen,001,17,546.0,35.0
1791394765.205465,confirmation,11,kitchen,001,17,572.0,44.0
1791394766.22932,confirmation,11,kitchen,001,17,594.0,32.0
1791394767.253899,confirmation,11,kitchen,001,17,596.0,39.0
1791394768.2786903,confirmation,11,kitchen,001,17,546.0,45.0
1791394769.3030517,confirmation,11,kitchen,001,17,576.0,27.0
1791394770.326733,confirmation,11,kitchen,001,17,572.0,53.0
1791394771.3520005,confirmation,11,kitchen,001,17,576.0,48.0
1791394772.3768532,confirmation,11,kitchen,001,17,556.0,37.0
1791394773.400967,confirmation,11,kitchen,001,17,558.0,41.0
1791394774.4245598,confirmation,11,kitchen,001,17,556.0,31.0
1791394775.4498565,confirmation,11,kitchen,001,17,556.0,40.0
1791394776.4764154,confirmation,11,kitchen,001,17,558.0,12.0
1791394777.4998474,confirmation,11,kitchen,001,17,558.0,2.0
1791394778.52446,confirmation,11,kitchen,001,17,558.0,12.0
1791394779.5478866,confirmation,11,kitchen,001,17,558.0,4.0
1791394780.5712876,confirmation,11,kitchen,001,17,558.0,0.0
1791394781.5945272,confirmation,11,kitchen,001,17,598.0,53.0
1791394782.6186347,confirmation,11,kitchen,001,17,628.0,33.0
1791394783.6425192,confirmation,11,kitchen,001,17,628.0,40.0
1791394784.6688945,confirmation,11,kitchen,001,17,630.0,33.0
1791394785.6920383,confirmation,11,kitchen,001,17,588.0,53.0
1791394786.7194216,confirmation,11,kitchen,001,17,618.0,36.0
1791394787.743388,confirmation,11,kitchen,001,17,618.0,41.0
1791394788.766782,confirmation,11,kitchen,001,17,624.0,53.0
1791394789.7925453,confirmation,11,kitchen,001,17,624.0,42.0
1791394790.8165383,confirmation,11,kitchen,001,17,620.0,40.0
1791394791.8425756,confirmation,11,kitchen,001,17,620.0,38.0
1791394792.8669682,confirmation,11,kitchen,001,17,620.0,44.0
1791394793.892027,confirmation,11,kitchen,001,17,620.0,26.0
1791394794.9161892,confirmation,11,kitchen,001,17,620.0,2.0
1791394795.939917,confirmation,11,kitchen,001,17,620.0,2.0
1791394796.9677742,confirmation,11,kitchen,001,17,620.0,2.0
1791394797.9923272,confirmation,11,kitchen,001,17,620.0,1.0
1791394799.0166953,confirmation,11,kitchen,001,17,620.0,11.0
1791394800.071788,confirmation,12,kitchen,100,17,3.0,0.0
1791394801.0953772,confirmation,12,kitchen,100,17,3.0,0.0
1791394802.1214428,confirmation,12,kitchen,100,17,3.0,0.0
1791394803.1468298,confirmation,12,kitchen,100,17,3.0,0.0
1791394804.173006,confirmation,12,kitchen,100,17,3.0,0.0
1791394805.1957433,confirmation,12,kitchen,100,17,216.0,0.0
1791394806.2195864,confirmation,12,kitchen,100,17,318.0,9.0
1791394807.2431502,confirmation,12,kitchen,100,17,320.0,30.0
1791394808.2673767,confirmation,12,kitchen,100,17,326.0,41.0
1791394809.291564,confirmation,12,kitchen,100,17,352.0,32.0
1791394810.315048,confirmation,12,kitchen,100,17,352.0,30.0
1791394811.3389692,confirmation,12,kitchen,100,17,354.0,34.0
1791394812.3627937,confirmation,12,kitchen,100,17,352.0,29.0
1791394813.3864388,confirmation,12,kitchen,100,17,392.0,2.0
1791394814.4102926,confirmation,12,kitchen,100,17,392.0,25.0
1791394815.4344752,confirmation,12,kitchen,100,17,404.0,20.0
1791394816.4587562,confirmation,12,kitchen,100,17,404.0,30.0
1791394817.482333,confirmation,12,kitchen,100,17,396.0,18.0
1791394818.5063217,confirmation,12,kitchen,100,17,394.0,19.0
1791394819.5302367,confirmation,12,kitchen,100,17,408.0,29.0
1791394820.5539498,confirmation,12,kitchen,100,17,408.0,24.0
1791394821.577458,confirmation,12,kitchen,100,17,410.0,17.0
1791394822.6011293,confirmation,12,kitchen,100,17,422.0,29.0
1791394823.6263876,confirmation,12,kitchen,100,17,426.0,8.0
1791394824.6495926,confirmation,12,kitchen,100,17,428.0,7.0
1791394825.673029,confirmation,12,kitchen,100,17,454.0,29.0
1791394826.6966307,confirmation,12,kitchen,100,17,456.0,21.0
1791394827.7227645,confirmation,12,kitchen,100,17,448.0,33.0
1791394828.7460375,confirmation,12,kitchen,100,17,448.0,25.0
1791394829.7702174,confirmation,12,kitchen,100,17,464.0,33.0
1791394830.7951074,confirmation,12,kitchen,100,17,446.0,30.0
1791394831.8182101,confirmation,12,kitchen,100,17,448.0,27.0
1791394832.8424053,confirmation,12,kitchen,100,17,456.0,35.0
1791394833.866675,confirmation,12,kitchen,100,17,456.0,26.0
1791394834.8917556,confirmation,12,kitchen,100,17,456.0,31.0
1791394835.9190052,confirmation,12,kitchen,100,17,460.0,0.0
1791394836.9422078,confirmation,12,kitchen,100,17,460.0,3.0
1791394837.9649463,confirmation,12,kitchen,100,17,460.0,0.0
1791394838.9891207,confirmation,12,kitchen,100,17,500.0,34.0
1791394840.0142636,confirmation,12,kitchen,100,17,500.0,29.0
1791394841.0375957,confirmation,12,kitchen,100,17,506.0,39.0
1791394842.061888,confirmation,12,kitchen,100,17,508.0,29.0
1791394843.0850677,confirmation,12,kitchen,100,17,512.0,38.0
1791394844.1094205,confirmation,12,kitchen,100,17,514.0,27.0
1791394845.1351333,confirmation,12,kitchen,100,17,528.0,35.0
1791394846.158774,confirmation,12,kitchen,100,17,486.0,36.0
1791394847.1820383,confirmation,12,kitchen,100,17,514.0,39.0
1791394848.205528,confirmation,12,kitchen,100,17,514.0,47.0
1791394849.2294242,confirmation,12,kitchen,100,17,514.0,32.0
1791394850.2526875,confirmation,12,kitchen,100,17,516.0,13.0
1791394851.2821393,confirmation,12,kitchen,100,17,516.0,2.0
1791394852.3067942,confirmation,12,kitchen,100,17,522.0,9.0
1791394853.330684,confirmation,12,kitchen,100,17,522.0,4.0
1791394854.3555079,confirmation,12,kitchen,100,17,578.0,35.0
1791394855.3797736,confirmation,12,kitchen,100,17,578.0,36.0
1791394856.403857,confirmation,12,kitchen,100,17,580.0,37.0
1791394857.4269428,confirmation,12,kitchen,100,17,580.0,44.0
1791394858.4498398,confirmation,12,kitchen,100,17,606.0,35.0
1791394859.473419,confirmation,12,kitchen,100,17,606.0,41.0
1791394860.4965909,confirmation,12,kitchen,100,17,594.0,33.0
1791394861.5199158,confirmation,12,kitchen,100,17,596.0,26.0
1791394862.543723,confirmation,12,kitchen,100,17,608.0,37.0
1791394863.567842,confirmation,12,kitchen,100,17,608.0,31.0
1791394864.5919662,confirmation,12,kitchen,100,17,582.0,46.0
1791394865.6156387,confirmation,12,kitchen,100,17,584.0,25.0
1791394866.6420302,confirmation,12,kitchen,100,17,584.0,0.0
1791394867.6655567,confirmation,12,kitchen,100,17,584.0,18.0
1791394868.6887317,confirmation,12,kitchen,100,17,584.0,4.0
1791394869.7156155,confirmation,12,kitchen,100,17,584.0,0.0
1791394870.7383242,confirmation,12,kitchen,100,17,608.0,31.0
1791394871.7612772,confirmation,12,kitchen,100,17,608.0,38.0
1791394872.7870634,confirmation,12,kitchen,100,17,640.0,34.0
1791394873.8105555,confirmation,12,kitchen,100,17,642.0,29.0
1791394874.8336687,confirmation,12,kitchen,100,17,638.0,48.0
1791394875.8570328,confirmation,12,kitchen,100,17,638.0,38.0
1791394876.8808587,confirmation,12,kitchen,100,17,612.0,34.0
1791394877.9047177,confirmation,12,kitchen,100,17,612.0,37.0
1791394878.9278235,confirmation,12,kitchen,100,17,614.0,38.0
1791394879.9528756,confirmation,12,kitchen,100,17,616.0,32.0
1791394880.9768815,confirmation,12,kitchen,100,17,618.0,33.0
1791394882.001356,confirmation,12,kitchen,100,17,620.0,36.0
1791394883.027338,confirmation,12,kitchen,100,17,620.0,0.0
1791394884.0509543,confirmation,12,kitchen,100,17,620.0,17.0
1791394885.0748084,confirmation,12,kitchen,100,17,620.0,5.0
1791394886.1018267,confirmation,12,kitchen,100,17,620.0,0.0
1791394887.1256545,confirmation,12,kitchen,100,17,620.0,27.0
1791394888.1497073,confirmation,12,kitchen,100,17,620.0,0.0
1791394889.1737144,confirmation,13,kitchen,111,17,3.0,0.0
1791394890.1970851,confirmation,13,kitchen,111,17,3.0,0.0
1791394891.2219217,confirmation,13,kitchen,111,17,3.0,0.0
1791394892.2473907,confirmation,13,kitchen,111,17,3.0,0.0
1791394893.2701309,confirmation,13,kitchen,111,17,216.0,0.0
1791394894.2941294,confirmation,13,kitchen,111,17,314.0,2.0
1791394895.318226,confirmation,13,kitchen,111,17,320.0,12.0
1791394896.342193,confirmation,13,kitchen,111,17,330.0,38.0
1791394897.3657246,confirmation,13,kitchen,111,17,352.0,22.0
1791394898.389223,confirmation,13,kitchen,111,17,354.0,24.0
1791394899.4128952,confirmation,13,kitchen,111,17,354.0,27.0
1791394900.4365609,confirmation,13,kitchen,111,17,356.0,31.0
1791394901.4602191,confirmation,13,kitchen,111,17,356.0,1.0
1791394902.4842632,confirmation,13,kitchen,111,17,392.0,26.0
1791394903.507773,confirmation,13,kitchen,111,17,406.0,24.0
1791394904.531672,confirmation,13,kitchen,111,17,412.0,19.0
1791394905.5551848,confirmation,13,kitchen,111,17,412.0,20.0
1791394906.5783165,confirmation,13,kitchen,111,17,414.0,28.0
1791394907.6024117,confirmation,13,kitchen,111,17,414.0,30.0
1791394908.6266022,confirmation,13,kitchen,111,17,402.0,22.0
1791394909.6503143,confirmation,13,kitchen,111,17,404.0,27.0
1791394910.6743832,confirmation,13,kitchen,111,17,404.0,25.0
1791394911.6980312,confirmation,13,kitchen,111,17,404.0,24.0
1791394912.7214084,confirmation,13,kitchen,111,17,412.0,1.0
1791394913.7452426,confirmation,13,kitchen,111,17,448.0,34.0
1791394914.7684126,confirmation,13,kitchen,111,17,466.0,28.0
1791394915.7921143,confirmation,13,kitchen,111,17,450.0,21.0
1791394916.8168068,confirmation,13,kitchen,111,17,452.0,30.0
1791394917.8407838,confirmation,13,kitchen,111,17,450.0,23.0
1791394918.8652918,confirmation,13,kitchen,111,17,450.0,20.0
1791394919.893375,confirmation,13,kitchen,111,17,444.0,31.0
1791394920.9174972,confirmation,13,kitchen,111,17,446.0,33.0
1791394921.9410274,confirmation,13,kitchen,111,17,446.0,18.0
1791394922.9644647,confirmation,13,kitchen,111,17,476.0,28.0
1791394923.9878848,confirmation,13,kitchen,111,17,456.0,18.0
1791394925.0111952,confirmation,13,kitchen,111,17,462.0,9.0
1791394926.0349138,confirmation,13,kitchen,111,17,462.0,12.0
1791394927.0583005,confirmation,13,kitchen,111,17,464.0,0.0
1791394928.0818944,confirmation,13,kitchen,111,17,490.0,35.0
1791394929.1057045,confirmation,13,kitchen,111,17,516.0,37.0
1791394930.1298985,confirmation,13,kitchen,111,17,520.0,36.0
1791394931.1542544,confirmation,13,kitchen,111,17,520.0,48.0
1791394932.177655,confirmation,13,kitchen,111,17,522.0,36.0
1791394933.2018137,confirmation,13,kitchen,111,17,494.0,41.0
1791394934.2254293,confirmation,13,kitchen,111,17,502.0,36.0
1791394935.2503994,confirmation,13,kitchen,111,17,506.0,29.0
1791394936.2741382,confirmation,13,kitchen,111,17,506.0,27.0
1791394937.2976875,confirmation,13,kitchen,111,17,502.0,28.0
1791394938.3216093,confirmation,13,kitchen,111,17,524.0,33.0
1791394939.3453526,confirmation,13,kitchen,111,17,524.0,2.0
1791394940.368513,confirmation,13,kitchen,111,17,524.0,2.0
1791394941.3910558,confirmation,13,kitchen,111,17,530.0,18.0
1791394942.4137092,confirmation,13,kitchen,111,17,530.0,0.0
1791394943.4374595,confirmation,13,kitchen,111,17,586.0,40.0
1791394944.4606915,confirmation,13,kitchen,111,17,586.0,35.0
1791394945.4851463,confirmation,13,kitchen,111,17,568.0,44.0
1791394946.509543,confirmation,13,kitchen,111,17,568.0,58.0
1791394947.5345278,confirmation,13,kitchen,111,17,568.0,28.0
1791394948.559511,confirmation,13,kitchen,111,17,572.0,40.0
1791394949.5832143,confirmation,13,kitchen,111,17,572.0,24.0
1791394950.6065578,confirmation,13,kitchen,111,17,572.0,30.0
1791394951.6323357,confirmation,13,kitchen,111,17,592.0,47.0
1791394952.657629,confirmation,13,kitchen,111,17,596.0,41.0
1791394953.6836724,confirmation,13,kitchen,111,17,574.0,23.0
1791394954.7084239,confirmation,13,kitchen,111,17,574.0,50.0
1791394955.734547,confirmation,13,kitchen,111,17,574.0,0.0
1791394956.7629464,confirmation,13,kitchen,111,17,574.0,2.0
1791394957.7865891,confirmation,13,kitchen,111,17,574.0,13.0
1791394958.8128715,confirmation,13,kitchen,111,17,574.0,2.0
1791394959.835733,confirmation,13,kitchen,111,17,574.0,0.0
1791394960.862282,confirmation,13,kitchen,111,17,640.0,38.0
1791394961.887951,confirmation,13,kitchen,111,17,640.0,42.0
1791394962.911464,confirmation,13,kitchen,111,17,648.0,35.0
1791394963.935443,confirmation,13,kitchen,111,17,650.0,39.0
1791394964.9616559,confirmation,13,kitchen,111,17,618.0,49.0
1791394965.984757,confirmation,13,kitchen,111,17,620.0,27.0
1791394967.0084262,confirmation,13,kitchen,111,17,588.0,39.0
1791394968.0317435,confirmation,13,kitchen,111,17,588.0,37.0
1791394969.0584068,confirmation,13,kitchen,111,17,646.0,54.0
1791394970.0828073,confirmation,13,kitchen,111,17,650.0,36.0
1791394971.106671,confirmation,13,kitchen,111,17,650.0,30.0
1791394972.1313565,confirmation,13,kitchen,111,17,650.0,39.0
1791394973.155507,confirmation,13,kitchen,111,17,650.0,19.0
1791394974.1784096,confirmation,13,kitchen,111,17,650.0,17.0
1791394975.202859,confirmation,13,kitchen,111,17,650.0,2.0
1791394976.2263048,confirmation,13,kitchen,111,17,650.0,15.0
1791394977.252539,confirmation,13,kitchen,111,17,650.0,2.0
1791394978.2763877,confirmation,13,kitchen,111,17,3.0,8.0
1791394979.299447,confirmation,14,kitchen,000,17,3.0,0.0
1791394980.3243175,confirmation,14,kitchen,000,17,3.0,0.0
1791394981.3495455,confirmation,14,kitchen,000,17,3.0,0.0
1791394982.3754144,confirmation,14,kitchen,000,17,3.0,0.0
1791394983.3976302,confirmation,14,kitchen,000,17,216.0,0.0
1791394984.4209652,confirmation,14,kitchen,000,17,320.0,4.0
1791394985.4444003,confirmation,14,kitchen,000,17,320.0,13.0
1791394986.4677413,confirmation,14,kitchen,000,17,326.0,29.0
1791394987.4918802,confirmation,14,kitchen,000,17,352.0,25.0
1791394988.5160046,confirmation,14,kitchen,000,17,352.0,40.0
1791394989.5398972,confirmation,14,kitchen,000,17,354.0,32.0
1791394990.564427,confirmation,14,kitchen,000,17,354.0,22.0
1791394991.5878065,confirmation,14,kitchen,000,17,356.0,1.0
1791394992.6116726,confirmation,14,kitchen,000,17,394.0,25.0
1791394993.63523,confirmation,14,kitchen,000,17,416.0,29.0
1791394994.6589925,confirmation,14,kitchen,000,17,416.0,29.0
1791394995.683147,confirmation,14,kitchen,000,17,404.0,22.0
1791394996.7067578,confirmation,14,kitchen,000,17,404.0,18.0
1791394997.7308028,confirmation,14,kitchen,000,17,398.0,18.0
1791394998.754414,confirmation,14,kitchen,000,17,394.0,27.0
1791394999.7780428,confirmation,14,kitchen,000,17,406.0,22.0
1791395000.8020868,confirmation,14,kitchen,000,17,426.0,29.0
1791395001.8255868,confirmation,14,kitchen,000,17,430.0,5.0
1791395002.8488245,confirmation,14,kitchen,000,17,432.0,3.0
1791395003.8732235,confirmation,14,kitchen,000,17,486.0,23.0
1791395004.8971083,confirmation,14,kitchen,000,17,488.0,34.0
1791395005.9216921,confirmation,14,kitchen,000,17,460.0,27.0
1791395006.9460266,confirmation,14,kitchen,000,17,460.0,34.0
1791395007.970634,confirmation,14,kitchen,000,17,460.0,25.0
1791395008.9948995,confirmation,14,kitchen,000,17,442.0,40.0
1791395010.0199342,confirmation,14,kitchen,000,17,470.0,31.0
1791395011.0436432,confirmation,14,kitchen,000,17,456.0,48.0
1791395012.0678456,confirmation,14,kitchen,000,17,456.0,38.0
1791395013.092458,confirmation,14,kitchen,000,17,458.0,29.0
1791395014.1159449,confirmation,14,kitchen,000,17,462.0,2.0
1791395015.1397278,confirmation,14,kitchen,000,17,462.0,11.0
1791395016.1630778,confirmation,14,kitchen,000,17,516.0,38.0
1791395017.1873415,confirmation,14,kitchen,000,17,516.0,38.0
1791395018.212227,confirmation,14,kitchen,000,17,522.0,39.0
1791395019.2361748,confirmation,14,kitchen,000,17,522.0,39.0
1791395020.2617495,confirmation,14,kitchen,000,17,526.0,43.0
1791395021.2867296,confirmation,14,kitchen,000,17,504.0,44.0
1791395022.31092,confirmation,14,kitchen,000,17,506.0,37.0
1791395023.3344786,confirmation,14,kitchen,000,17,524.0,40.0
1791395024.359751,confirmation,14,kitchen,000,17,524.0,47.0
1791395025.3847811,confirmation,14,kitchen,000,17,546.0,42.0
1791395026.4086537,confirmation,14,kitchen,000,17,548.0,41.0
1791395027.435293,confirmation,14,kitchen,000,17,548.0,1.0
1791395028.462642,confirmation,14,kitchen,000,17,548.0,2.0
1791395029.4864554,confirmation,14,kitchen,000,17,548.0,12.0
1791395030.510442,confirmation,14,kitchen,000,17,554.0,31.0
1791395031.5351746,confirmation,14,kitchen,000,17,554.0,45.0
1791395032.5591269,confirmation,14,kitchen,000,17,582.0,37.0
1791395033.5821264,confirmation,14,kitchen,000,17,582.0,43.0
1791395034.6081061,confirmation,14,kitchen,000,17,546.0,33.0
1791395035.6335,confirmation,14,kitchen,000,17,546.0,46.0
1791395036.6575575,confirmation,14,kitchen,000,17,574.0,39.0
1791395037.6830351,confirmation,14,kitchen,000,17,574.0,33.0
1791395038.7088377,confirmation,14,kitchen,000,17,598.0,28.0
1791395039.7332041,confirmation,14,kitchen,000,17,598.0,32.0
1791395040.7586567,confirmation,14,kitchen,000,17,566.0,43.0
1791395041.7852352,confirmation,14,kitchen,000,17,590.0,12.0
1791395042.808416,confirmation,14,kitchen,000,17,590.0,19.0
1791395043.8344018,confirmation,14,kitchen,000,17,590.0,2.0
1791395044.8578498,confirmation,14,kitchen,000,17,590.0,4.0
1791395045.8824382,confirmation,14,kitchen,000,17,646.0,22.0
1791395046.9052079,confirmation,14,kitchen,000,17,654.0,42.0
1791395047.929326,confirmation,14,kitchen,000,17,654.0,32.0
1791395048.9534204,confirmation,14,kitchen,000,17,636.0,37.0
1791395049.9774113,confirmation,14,kitchen,000,17,636.0,27.0
1791395051.0001988,confirmation,14,kitchen,000,17,618.0,44.0
1791395052.0237315,confirmation,14,kitchen,000,17,620.0,38.0
1791395053.0501177,confirmation,14,kitchen,000,17,620.0,25.0
1791395054.0749466,confirmation,14,kitchen,000,17,646.0,68.0
1791395055.0983741,confirmation,14,kitchen,000,17,652.0,35.0
1791395056.123068,confirmation,14,kitchen,000,17,652.0,36.0
1791395057.1483772,confirmation,14,kitchen,000,17,652.0,43.0
1791395058.1712492,confirmation,14,kitchen,000,17,652.0,3.0
1791395059.194703,confirmation,14,kitchen,000,17,652.0,2.0
1791395060.2212644,confirmation,14,kitchen,000,17,652.0,2.0
1791395061.2440157,confirmation,14,kitchen,000,17,652.0,14.0
1791395062.267258,confirmation,14,kitchen,000,17,652.0,4.0
1791395063.2907531,confirmation,14,kitchen,000,17,652.0,0.0
1791395064.3141243,confirmation,15,kitchen,110,17,3.0,0.0
1791395065.3392231,confirmation,15,kitchen,110,17,3.0,0.0
1791395066.3640366,confirmation,15,kitchen,110,17,3.0,0.0
1791395067.389528,confirmation,15,kitchen,110,17,3.0,0.0
1791395068.4134736,confirmation,15,kitchen,110,17,214.0,0.0
1791395069.4364378,confirmation,15,kitchen,110,17,216.0,0.0
1791395070.4598231,confirmation,15,kitchen,110,17,320.0,15.0
1791395071.4834435,confirmation,15,kitchen,110,17,322.0,5.0
1791395072.506988,confirmation,15,kitchen,110,17,330.0,29.0
1791395073.5310268,confirmation,15,kitchen,110,17,352.0,38.0
1791395074.5543866,confirmation,15,kitchen,110,17,354.0,31.0
1791395075.578013,confirmation,15,kitchen,110,17,354.0,34.0
1791395076.6011817,confirmation,15,kitchen,110,17,354.0,24.0
1791395077.6252084,confirmation,15,kitchen,110,17,390.0,6.0
1791395078.6490064,confirmation,15,kitchen,110,17,394.0,38.0
1791395079.6729493,confirmation,15,kitchen,110,17,412.0,38.0
1791395080.6972747,confirmation,15,kitchen,110,17,412.0,30.0
1791395081.7204647,confirmation,15,kitchen,110,17,412.0,27.0
1791395082.7445207,confirmation,15,kitchen,110,17,410.0,27.0
1791395083.7680235,confirmation,15,kitchen,110,17,412.0,21.0
1791395084.7914717,confirmation,15,kitchen,110,17,412.0,28.0
1791395085.815307,confirmation,15,kitchen,110,17,412.0,27.0
1791395086.8390515,confirmation,15,kitchen,110,17,434.0,17.0
1791395087.8624008,confirmation,15,kitchen,110,17,440.0,8.0
1791395088.8884037,confirmation,15,kitchen,110,17,440.0,0.0
1791395089.911323,confirmation,15,kitchen,110,17,458.0,33.0
1791395090.9348695,confirmation,15,kitchen,110,17,460.0,26.0
1791395091.9590125,confirmation,15,kitchen,110,17,444.0,21.0
1791395092.9825199,confirmation,15,kitchen,110,17,458.0,33.0
1791395094.0062897,confirmation,15,kitchen,110,17,454.0,33.0
1791395095.0301747,confirmation,15,kitchen,110,17,438.0,27.0
1791395096.054515,confirmation,15,kitchen,110,17,438.0,39.0
1791395097.0783007,confirmation,15,kitchen,110,17,440.0,33.0
1791395098.101758,confirmation,15,kitchen,110,17,456.0,24.0
1791395099.1263967,confirmation,15,kitchen,110,17,466.0,30.0
1791395100.1530452,confirmation,15,kitchen,110,17,466.0,0.0
1791395101.17615,confirmation,15,kitchen,110,17,470.0,1.0
1791395102.202447,confirmation,15,kitchen,110,17,470.0,0.0
1791395103.225203,confirmation,15,kitchen,110,17,510.0,24.0
1791395104.2489405,confirmation,15,kitchen,110,17,512.0,32.0
1791395105.272554,confirmation,15,kitchen,110,17,520.0,27.0
1791395106.2958314,confirmation,15,kitchen,110,17,520.0,24.0
1791395107.3191805,confirmation,15,kitchen,110,17,520.0,26.0
1791395108.3429625,confirmation,15,kitchen,110,17,520.0,33.0
1791395109.3677258,confirmation,15,kitchen,110,17,522.0,33.0
1791395110.3923442,confirmation,15,kitchen,110,17,522.0,26.0
1791395111.415189,confirmation,15,kitchen,110,17,504.0,33.0
1791395112.4394217,confirmation,15,kitchen,110,17,522.0,26.0
1791395113.4628286,confirmation,15,kitchen,110,17,524.0,25.0
1791395114.486509,confirmation,15,kitchen,110,17,524.0,20.0
1791395115.5134175,confirmation,15,kitchen,110,17,524.0,1.0
1791395116.5367668,confirmation,15,kitchen,110,17,532.0,12.0
1791395117.5602875,confirmation,15,kitchen,110,17,532.0,2.0
1791395118.5833416,confirmation,15,kitchen,110,17,568.0,36.0
1791395119.6072881,confirmation,15,kitchen,110,17,568.0,43.0
1791395120.6317954,confirmation,15,kitchen,110,17,574.0,29.0
1791395121.6561244,confirmation,15,kitchen,110,17,574.0,34.0
1791395122.6794283,confirmation,15,kitchen,110,17,550.0,34.0
1791395123.702838,confirmation,15,kitchen,110,17,552.0,37.0
1791395124.7258554,confirmation,15,kitchen,110,17,552.0,37.0
1791395125.7493134,confirmation,15,kitchen,110,17,576.0,36.0
1791395126.7729032,confirmation,15,kitchen,110,17,576.0,32.0
1791395127.7966263,confirmation,15,kitchen,110,17,576.0,37.0
1791395128.8197203,confirmation,15,kitchen,110,17,576.0,28.0
1791395129.844707,confirmation,15,kitchen,110,17,576.0,37.0
1791395130.8677006,confirmation,15,kitchen,110,17,576.0,20.0
1791395131.892849,confirmation,15,kitchen,110,17,576.0,0.0
1791395132.9166718,confirmation,15,kitchen,110,17,576.0,2.0
1791395133.9404578,confirmation,15,kitchen,110,17,614.0,32.0
1791395134.9667277,confirmation,15,kitchen,110,17,620.0,41.0
1791395135.9907854,confirmation,15,kitchen,110,17,620.0,49.0
1791395137.015722,confirmation,15,kitchen,110,17,654.0,51.0
1791395138.039213,confirmation,15,kitchen,110,17,558.0,29.0
1791395139.0629416,confirmation,15,kitchen,110,17,622.0,45.0
1791395140.0858388,confirmation,15,kitchen,110,17,622.0,34.0
1791395141.1120236,confirmation,15,kitchen,110,17,616.0,50.0
1791395142.1370218,confirmation,15,kitchen,110,17,640.0,50.0
1791395143.1603372,confirmation,15,kitchen,110,17,648.0,33.0
1791395144.183468,confirmation,15,kitchen,110,17,648.0,38.0
1791395145.2076092,confirmation,15,kitchen,110,17,650.0,47.0
1791395146.231717,confirmation,15,kitchen,110,17,650.0,12.0
1791395147.2547703,confirmation,15,kitchen,110,17,650.0,17.0
1791395148.2773836,confirmation,15,kitchen,110,17,650.0,4.0
1791395149.30112,confirmation,15,kitchen,110,17,650.0,2.0
1791395150.3296263,confirmation,15,kitchen,110,17,650.0,25.0
1791395151.352971,confirmation,15,kitchen,110,17,650.0,1.0
1791395152.3766575,confirmation,16,kitchen,011,17,3.0,0.0
1791395153.4017234,confirmation,16,kitchen,011,17,3.0,0.0
1791395154.426664,confirmation,16,kitchen,011,17,3.0,0.0
1791395155.4519765,confirmation,16,kitchen,011,17,3.0,0.0
1791395156.474296,confirmation,16,kitchen,011,17,214.0,2.0
1791395157.4981186,confirmation,16,kitchen,011,17,246.0,0.0
1791395158.5227604,confirmation,16,kitchen,011,17,322.0,17.0
1791395159.546686,confirmation,16,kitchen,011,17,326.0,1.0
1791395160.5700443,confirmation,16,kitchen,011,17,352.0,35.0
1791395161.5932305,confirmation,16,kitchen,011,17,354.0,23.0
1791395162.6171808,confirmation,16,kitchen,011,17,354.0,38.0
1791395163.640416,confirmation,16,kitchen,011,17,354.0,31.0
1791395164.6636746,confirmation,16,kitchen,011,17,354.0,3.0
1791395165.6867585,confirmation,16,kitchen,011,17,392.0,18.0
1791395166.7101893,confirmation,16,kitchen,011,17,392.0,22.0
1791395167.7335153,confirmation,16,kitchen,011,17,414.0,21.0
1791395168.7569747,confirmation,16,kitchen,011,17,392.0,20.0
1791395169.780559,confirmation,16,kitchen,011,17,404.0,21.0
1791395170.80462,confirmation,16,kitchen,011,17,406.0,18.0
1791395171.829774,confirmation,16,kitchen,011,17,402.0,16.0
1791395172.8546588,confirmation,16,kitchen,011,17,406.0,28.0
1791395173.8787417,confirmation,16,kitchen,011,17,404.0,24.0
1791395174.9025924,confirmation,16,kitchen,011,17,406.0,18.0
1791395175.9265845,confirmation,16,kitchen,011,17,412.0,1.0
1791395176.9502623,confirmation,16,kitchen,011,17,446.0,10.0
1791395177.9737852,confirmation,16,kitchen,011,17,450.0,37.0
1791395178.9977193,confirmation,16,kitchen,011,17,448.0,24.0
1791395180.0217535,confirmation,16,kitchen,011,17,450.0,25.0
1791395181.0453122,confirmation,16,kitchen,011,17,460.0,21.0
1791395182.070227,confirmation,16,kitchen,011,17,478.0,31.0
1791395183.0942566,confirmation,16,kitchen,011,17,444.0,24.0
1791395184.11789,confirmation,16,kitchen,011,17,444.0,27.0
1791395185.1418748,confirmation,16,kitchen,011,17,458.0,42.0
1791395186.164932,confirmation,16,kitchen,011,17,458.0,33.0
1791395187.1898358,confirmation,16,kitchen,011,17,470.0,25.0
1791395188.216153,confirmation,16,kitchen,011,17,470.0,0.0
1791395189.2439585,confirmation,16,kitchen,011,17,472.0,1.0
1791395190.2677512,confirmation,16,kitchen,011,17,472.0,10.0
1791395191.2925324,confirmation,16,kitchen,011,17,516.0,28.0
1791395192.3163342,confirmation,16,kitchen,011,17,516.0,33.0
1791395193.3397467,confirmation,16,kitchen,011,17,500.0,30.0
1791395194.3643024,confirmation,16,kitchen,011,17,502.0,39.0
1791395195.3882387,confirmation,16,kitchen,011,17,504.0,37.0
1791395196.4122689,confirmation,16,kitchen,011,17,508.0,28.0
1791395197.435896,confirmation,16,kitchen,011,17,502.0,22.0
1791395198.4602857,confirmation,16,kitchen,011,17,502.0,26.0
1791395199.485261,confirmation,16,kitchen,011,17,526.0,30.0
1791395200.5104663,confirmation,16,kitchen,011,17,526.0,26.0
1791395201.533548,confirmation,16,kitchen,011,17,568.0,29.0
1791395202.5571864,confirmation,16,kitchen,011,17,568.0,29.0
1791395203.5808125,confirmation,16,kitchen,011,17,568.0,14.0
1791395204.6076658,confirmation,16,kitchen,011,17,568.0,0.0
1791395205.6310027,confirmation,16,kitchen,011,17,572.0,9.0
1791395206.6536555,confirmation,16,kitchen,011,17,572.0,0.0
1791395207.6786094,confirmation,16,kitchen,011,17,610.0,39.0
1791395208.7012422,confirmation,16,kitchen,011,17,610.0,31.0
1791395209.7260885,confirmation,16,kitchen,011,17,592.0,27.0
1791395210.7495306,confirmation,16,kitchen,011,17,592.0,51.0
1791395211.7737854,confirmation,16,kitchen,011,17,552.0,34.0
1791395212.7971945,confirmation,16,kitchen,011,17,554.0,41.0
1791395213.8212836,confirmation,16,kitchen,011,17,574.0,38.0
1791395214.8453698,confirmation,16,kitchen,011,17,576.0,40.0
1791395215.8704712,confirmation,16,kitchen,011,17,576.0,39.0
1791395216.894589,confirmation,16,kitchen,011,17,578.0,39.0
1791395217.9185364,confirmation,16,kitchen,011,17,578.0,37.0
1791395218.9411168,confirmation,16,kitchen,011,17,578.0,27.0
1791395219.9673927,confirmation,16,kitchen,011,17,578.0,2.0
1791395220.9906325,confirmation,16,kitchen,011,17,578.0,9.0
1791395222.013424,confirmation,16,kitchen,011,17,578.0,2.0
1791395223.0397015,confirmation,16,kitchen,011,17,578.0,0.0
1791395224.0626824,confirmation,16,kitchen,011,17,578.0,0.0
1791395225.0872002,confirmation,16,kitchen,011,17,618.0,35.0
1791395226.1128237,confirmation,16,kitchen,011,17,620.0,31.0
1791395227.1385884,confirmation,16,kitchen,011,17,628.0,54.0
1791395228.1630177,confirmation,16,kitchen,011,17,628.0,43.0
1791395229.1883392,confirmation,16,kitchen,011,17,604.0,30.0
1791395230.2113435,confirmation,16,kitchen,011,17,604.0,55.0
1791395231.2388039,confirmation,16,kitchen,011,17,636.0,39.0
1791395232.2619092,confirmation,16,kitchen,011,17,636.0,50.0
1791395233.2862506,confirmation,16,kitchen,011,17,666.0,34.0
1791395234.3131876,confirmation,16,kitchen,011,17,668.0,40.0
1791395235.3364499,confirmation,16,kitchen,011,17,668.0,40.0
1791395236.359334,confirmation,16,kitchen,011,17,668.0,36.0
1791395237.386329,confirmation,16,kitchen,011,17,668.0,0.0
1791395238.4097135,confirmation,16,kitchen,011,17,668.0,4.0
1791395239.4343517,confirmation,16,kitchen,011,17,668.0,5.0
1791395240.4607408,confirmation,16,kitchen,011,17,668.0,2.0
1791395241.4845593,confirmation,16,kitchen,011,17,668.0,4.0
1791395242.5074282,confirmation,16,kitchen,011,17,668.0,0.0
1791395359.588716,verification,1,tum-desk2,111,7,3.0,0.0
1791395360.6150997,verification,1,tum-desk2,111,7,3.0,0.0
1791395361.6408522,verification,1,tum-desk2,111,7,3.0,0.0
1791395362.6661162,verification,1,tum-desk2,111,7,3.0,0.0
1791395363.6934485,verification,1,tum-desk2,111,7,3.0,0.0
1791395364.7193177,verification,1,tum-desk2,111,7,3.0,0.0
1791395365.7448528,verification,1,tum-desk2,111,7,3.0,0.0
1791395366.7673118,verification,1,tum-desk2,111,7,216.0,0.0
1791395367.7906864,verification,1,tum-desk2,111,7,336.0,4.0
1791395368.8133347,verification,1,tum-desk2,111,7,342.0,37.0
1791395369.8362079,verification,1,tum-desk2,111,7,368.0,36.0
1791395370.8591533,verification,1,tum-desk2,111,7,370.0,41.0
1791395371.882457,verification,1,tum-desk2,111,7,370.0,42.0
1791395372.9055326,verification,1,tum-desk2,111,7,372.0,42.0
1791395373.9288578,verification,1,tum-desk2,111,7,408.0,37.0
1791395374.9520996,verification,1,tum-desk2,111,7,404.0,48.0
1791395375.9750164,verification,1,tum-desk2,111,7,406.0,50.0
1791395376.9980903,verification,1,tum-desk2,111,7,400.0,49.0
1791395378.0213087,verification,1,tum-desk2,111,7,420.0,36.0
1791395379.0449538,verification,1,tum-desk2,111,7,414.0,45.0
1791395380.0673935,verification,1,tum-desk2,111,7,422.0,1.0
1791395381.0922928,verification,1,tum-desk2,111,7,442.0,36.0
1791395382.1160128,verification,1,tum-desk2,111,7,460.0,45.0
1791395383.1407611,verification,1,tum-desk2,111,7,458.0,20.0
1791395384.1644754,verification,1,tum-desk2,111,7,460.0,39.0
1791395385.1885905,verification,1,tum-desk2,111,7,452.0,28.0
1791395386.212445,verification,1,tum-desk2,111,7,450.0,35.0
1791395387.235545,verification,1,tum-desk2,111,7,460.0,39.0
1791395388.2587159,verification,1,tum-desk2,111,7,464.0,47.0
1791395389.282327,verification,1,tum-desk2,111,7,464.0,6.0
1791395390.3061442,verification,1,tum-desk2,111,7,510.0,36.0
1791395391.3295383,verification,1,tum-desk2,111,7,510.0,37.0
1791395392.353828,verification,1,tum-desk2,111,7,492.0,35.0
1791395393.3768613,verification,1,tum-desk2,111,7,508.0,25.0
1791395394.400807,verification,1,tum-desk2,111,7,518.0,22.0
1791395395.4254909,verification,1,tum-desk2,111,7,494.0,20.0
1791395396.450553,verification,1,tum-desk2,111,7,496.0,23.0
1791395397.4746583,verification,1,tum-desk2,111,7,498.0,28.0
1791395398.498912,verification,1,tum-desk2,111,7,504.0,18.0
1791395399.5239143,verification,1,tum-desk2,111,7,506.0,31.0
1791395400.5474803,verification,1,tum-desk2,111,7,510.0,1.0
1791395401.5717113,verification,1,tum-desk2,111,7,628.0,1.0
1791395402.5957499,verification,1,tum-desk2,111,7,590.0,45.0
1791395403.6210546,verification,1,tum-desk2,111,7,580.0,44.0
1791395404.6442873,verification,1,tum-desk2,111,7,580.0,38.0
1791395405.6688795,verification,1,tum-desk2,111,7,568.0,28.0
1791395406.6937954,verification,1,tum-desk2,111,7,568.0,44.0
1791395407.7184277,verification,1,tum-desk2,111,7,548.0,36.0
1791395408.741957,verification,1,tum-desk2,111,7,520.0,40.0
1791395409.7661808,verification,1,tum-desk2,111,7,554.0,27.0
1791395410.789593,verification,1,tum-desk2,111,7,576.0,34.0
1791395411.813469,verification,1,tum-desk2,111,7,578.0,40.0
1791395412.837408,verification,1,tum-desk2,111,7,578.0,2.0
1791395413.8607445,verification,1,tum-desk2,111,7,584.0,7.0
1791395414.8845172,verification,1,tum-desk2,111,7,620.0,36.0
1791395415.9091227,verification,1,tum-desk2,111,7,620.0,48.0
1791395416.934151,verification,1,tum-desk2,111,7,626.0,37.0
1791395417.9596477,verification,1,tum-desk2,111,7,628.0,54.0
1791395418.9836078,verification,1,tum-desk2,111,7,582.0,46.0
1791395420.0080538,verification,1,tum-desk2,111,7,626.0,34.0
1791395421.033262,verification,1,tum-desk2,111,7,638.0,24.0
1791395422.0565493,verification,1,tum-desk2,111,7,612.0,44.0
1791395423.0814562,verification,1,tum-desk2,111,7,616.0,34.0
1791395424.1062245,verification,1,tum-desk2,111,7,616.0,45.0
1791395425.131022,verification,1,tum-desk2,111,7,616.0,32.0
1791395426.1548872,verification,1,tum-desk2,111,7,622.0,4.0
1791395427.178927,verification,1,tum-desk2,111,7,624.0,10.0
1791395428.2012691,verification,1,tum-desk2,111,7,624.0,4.0
1791395429.223816,verification,1,tum-desk2,111,7,624.0,0.0
1791395430.2476678,verification,2,tum-desk2,000,7,3.0,0.0
1791395431.2725885,verification,2,tum-desk2,000,7,3.0,0.0
1791395432.2979968,verification,2,tum-desk2,000,7,3.0,0.0
1791395433.3227983,verification,2,tum-desk2,000,7,3.0,0.0
1791395434.348122,verification,2,tum-desk2,000,7,3.0,0.0
1791395435.373432,verification,2,tum-desk2,000,7,3.0,0.0
1791395436.3994346,verification,2,tum-desk2,000,7,3.0,0.0
1791395437.4218893,verification,2,tum-desk2,000,7,216.0,0.0
1791395438.4457448,verification,2,tum-desk2,000,7,342.0,10.0
1791395439.4697278,verification,2,tum-desk2,000,7,344.0,13.0
1791395440.4940886,verification,2,tum-desk2,000,7,370.0,39.0
1791395441.517794,verification,2,tum-desk2,000,7,370.0,43.0
1791395442.540565,verification,2,tum-desk2,000,7,372.0,45.0
1791395443.5636797,verification,2,tum-desk2,000,7,370.0,40.0
1791395444.5868776,verification,2,tum-desk2,000,7,410.0,31.0
1791395445.6115568,verification,2,tum-desk2,000,7,430.0,55.0
1791395446.6356063,verification,2,tum-desk2,000,7,406.0,50.0
1791395447.6590917,verification,2,tum-desk2,000,7,406.0,43.0
1791395448.6828034,verification,2,tum-desk2,000,7,408.0,47.0
1791395449.7064745,verification,2,tum-desk2,000,7,408.0,1.0
1791395450.7303863,verification,2,tum-desk2,000,7,450.0,49.0
1791395451.7550447,verification,2,tum-desk2,000,7,448.0,39.0
1791395452.7791176,verification,2,tum-desk2,000,7,450.0,40.0
1791395453.803203,verification,2,tum-desk2,000,7,448.0,32.0
1791395454.8282335,verification,2,tum-desk2,000,7,448.0,32.0
1791395455.8529632,verification,2,tum-desk2,000,7,448.0,49.0
1791395456.8767433,verification,2,tum-desk2,000,7,448.0,38.0
1791395457.900898,verification,2,tum-desk2,000,7,448.0,1.0
1791395458.924861,verification,2,tum-desk2,000,7,516.0,26.0
1791395459.9479904,verification,2,tum-desk2,000,7,518.0,37.0
1791395460.9719725,verification,2,tum-desk2,000,7,504.0,56.0
1791395461.995156,verification,2,tum-desk2,000,7,506.0,56.0
1791395463.0190217,verification,2,tum-desk2,000,7,476.0,43.0
1791395464.0425906,verification,2,tum-desk2,000,7,506.0,34.0
1791395465.0665739,verification,2,tum-desk2,000,7,526.0,48.0
1791395466.0903585,verification,2,tum-desk2,000,7,508.0,32.0
1791395467.1142666,verification,2,tum-desk2,000,7,512.0,3.0
1791395468.1383803,verification,2,tum-desk2,000,7,512.0,8.0
1791395469.1625605,verification,2,tum-desk2,000,7,610.0,59.0
1791395470.187254,verification,2,tum-desk2,000,7,546.0,48.0
1791395471.211449,verification,2,tum-desk2,000,7,566.0,58.0
1791395472.2352958,verification,2,tum-desk2,000,7,572.0,61.0
1791395473.2611644,verification,2,tum-desk2,000,7,552.0,37.0
1791395474.2861292,verification,2,tum-desk2,000,7,556.0,41.0
1791395475.310264,verification,2,tum-desk2,000,7,556.0,53.0
1791395476.3340666,verification,2,tum-desk2,000,7,554.0,54.0
1791395477.3575015,verification,2,tum-desk2,000,7,556.0,6.0
1791395478.3808222,verification,2,tum-desk2,000,7,558.0,4.0
1791395479.4058068,verification,2,tum-desk2,000,7,648.0,44.0
1791395480.431585,verification,2,tum-desk2,000,7,648.0,55.0
1791395481.4553936,verification,2,tum-desk2,000,7,596.0,62.0
1791395482.4802566,verification,2,tum-desk2,000,7,598.0,61.0
1791395483.5065594,verification,2,tum-desk2,000,7,598.0,71.0
1791395484.5324326,verification,2,tum-desk2,000,7,596.0,48.0
1791395485.5632553,verification,2,tum-desk2,000,7,652.0,50.0
1791395486.5871115,verification,2,tum-desk2,000,7,652.0,48.0
1791395487.6113014,verification,2,tum-desk2,000,7,652.0,48.0
1791395488.6350217,verification,2,tum-desk2,000,7,660.0,14.0
1791395489.6590667,verification,2,tum-desk2,000,7,662.0,2.0
1791395490.681641,verification,2,tum-desk2,000,7,662.0,0.0
1791395491.7051113,verification,2,tum-desk2,000,7,662.0,0.0
1791395492.7284386,verification,3,tum-desk2,000,17,3.0,0.0
1791395493.7511168,verification,3,tum-desk2,000,17,3.0,0.0
1791395494.7758605,verification,3,tum-desk2,000,17,3.0,0.0
1791395495.8003604,verification,3,tum-desk2,000,17,3.0,0.0
1791395496.825607,verification,3,tum-desk2,000,17,3.0,0.0
1791395497.851626,verification,3,tum-desk2,000,17,3.0,0.0
1791395498.8777847,verification,3,tum-desk2,000,17,3.0,0.0
1791395499.9005594,verification,3,tum-desk2,000,17,216.0,0.0
1791395500.924078,verification,3,tum-desk2,000,17,342.0,15.0
1791395501.9477699,verification,3,tum-desk2,000,17,366.0,27.0
1791395502.9711769,verification,3,tum-desk2,000,17,368.0,39.0
1791395503.9943802,verification,3,tum-desk2,000,17,370.0,42.0
1791395505.0175009,verification,3,tum-desk2,000,17,372.0,37.0
1791395506.0409036,verification,3,tum-desk2,000,17,370.0,0.0
1791395507.065003,verification,3,tum-desk2,000,17,408.0,45.0
1791395508.0886188,verification,3,tum-desk2,000,17,406.0,54.0
1791395509.112509,verification,3,tum-desk2,000,17,382.0,44.0
1791395510.137046,verification,3,tum-desk2,000,17,406.0,46.0
1791395511.161276,verification,3,tum-desk2,000,17,406.0,50.0
1791395512.1850066,verification,3,tum-desk2,000,17,430.0,5.0
1791395513.2092254,verification,3,tum-desk2,000,17,466.0,48.0
1791395514.2336452,verification,3,tum-desk2,000,17,468.0,38.0
1791395515.257983,verification,3,tum-desk2,000,17,446.0,32.0
1791395516.2820873,verification,3,tum-desk2,000,17,444.0,36.0
1791395517.3065503,verification,3,tum-desk2,000,17,446.0,38.0
1791395518.3311834,verification,3,tum-desk2,000,17,450.0,37.0
1791395519.3566024,verification,3,tum-desk2,000,17,458.0,58.0
1791395520.3808975,verification,3,tum-desk2,000,17,462.0,6.0
1791395521.4038007,verification,3,tum-desk2,000,17,482.0,44.0
1791395522.4279,verification,3,tum-desk2,000,17,478.0,64.0
1791395523.4519813,verification,3,tum-desk2,000,17,500.0,36.0
1791395524.4770217,verification,3,tum-desk2,000,17,502.0,43.0
1791395525.5019662,verification,3,tum-desk2,000,17,502.0,52.0
1791395526.525854,verification,3,tum-desk2,000,17,504.0,42.0
1791395527.5497177,verification,3,tum-desk2,000,17,502.0,53.0
1791395528.5739033,verification,3,tum-desk2,000,17,504.0,52.0
1791395529.5970962,verification,3,tum-desk2,000,17,506.0,9.0
1791395530.6219378,verification,3,tum-desk2,000,17,550.0,51.0
1791395531.6450317,verification,3,tum-desk2,000,17,550.0,37.0
1791395532.6689312,verification,3,tum-desk2,000,17,550.0,58.0
1791395533.6932483,verification,3,tum-desk2,000,17,554.0,46.0
1791395534.7177668,verification,3,tum-desk2,000,17,554.0,57.0
1791395535.7416027,verification,3,tum-desk2,000,17,556.0,61.0
1791395536.7668152,verification,3,tum-desk2,000,17,556.0,57.0
1791395537.7907166,verification,3,tum-desk2,000,17,530.0,59.0
1791395538.8145247,verification,3,tum-desk2,000,17,556.0,36.0
1791395539.83795,verification,3,tum-desk2,000,17,562.0,10.0
1791395540.8637161,verification,3,tum-desk2,000,17,596.0,38.0
1791395541.885945,verification,3,tum-desk2,000,17,596.0,74.0
1791395542.9095218,verification,3,tum-desk2,000,17,628.0,73.0
1791395543.9350557,verification,3,tum-desk2,000,17,630.0,60.0
1791395544.961131,verification,3,tum-desk2,000,17,610.0,45.0
1791395545.9844344,verification,3,tum-desk2,000,17,624.0,62.0
1791395547.009938,verification,3,tum-desk2,000,17,624.0,49.0
1791395548.0331402,verification,3,tum-desk2,000,17,630.0,48.0
1791395549.058465,verification,3,tum-desk2,000,17,632.0,60.0
1791395550.082136,verification,3,tum-desk2,000,17,632.0,4.0
1791395551.1062562,verification,3,tum-desk2,000,17,634.0,15.0
1791395552.1297302,verification,3,tum-desk2,000,17,634.0,0.0
1791395553.1539602,verification,4,tum-desk2,111,17,3.0,0.0
1791395554.1763687,verification,4,tum-desk2,111,17,3.0,0.0
1791395555.201794,verification,4,tum-desk2,111,17,3.0,0.0
1791395556.2264102,verification,4,tum-desk2,111,17,3.0,0.0
1791395557.251807,verification,4,tum-desk2,111,17,3.0,0.0
1791395558.2766538,verification,4,tum-desk2,111,17,3.0,0.0
1791395559.3026087,verification,4,tum-desk2,111,17,3.0,0.0
1791395560.3252351,verification,4,tum-desk2,111,17,216.0,0.0
1791395561.3486652,verification,4,tum-desk2,111,17,342.0,13.0
1791395562.3716874,verification,4,tum-desk2,111,17,368.0,41.0
1791395563.394895,verification,4,tum-desk2,111,17,370.0,42.0
1791395564.418091,verification,4,tum-desk2,111,17,370.0,40.0
1791395565.4414608,verification,4,tum-desk2,111,17,370.0,39.0
1791395566.4647079,verification,4,tum-desk2,111,17,370.0,22.0
1791395567.487802,verification,4,tum-desk2,111,17,408.0,42.0
1791395568.511134,verification,4,tum-desk2,111,17,428.0,53.0
1791395569.5347142,verification,4,tum-desk2,111,17,408.0,54.0
1791395570.5578907,verification,4,tum-desk2,111,17,408.0,38.0
1791395571.5828645,verification,4,tum-desk2,111,17,406.0,44.0
1791395572.606228,verification,4,tum-desk2,111,17,408.0,4.0
1791395573.629805,verification,4,tum-desk2,111,17,452.0,33.0
1791395574.65313,verification,4,tum-desk2,111,17,452.0,32.0
1791395575.677586,verification,4,tum-desk2,111,17,454.0,39.0
1791395576.7021675,verification,4,tum-desk2,111,17,444.0,29.0
1791395577.7259858,verification,4,tum-desk2,111,17,444.0,55.0
1791395578.7499316,verification,4,tum-desk2,111,17,458.0,46.0
1791395579.7728937,verification,4,tum-desk2,111,17,462.0,35.0
1791395580.7986326,verification,4,tum-desk2,111,17,476.0,34.0
1791395581.8218281,verification,4,tum-desk2,111,17,476.0,2.0
1791395582.8462245,verification,4,tum-desk2,111,17,494.0,41.0
1791395583.8689194,verification,4,tum-desk2,111,17,496.0,51.0
1791395584.8915994,verification,4,tum-desk2,111,17,498.0,42.0
1791395585.9144268,verification,4,tum-desk2,111,17,500.0,41.0
1791395586.9380927,verification,4,tum-desk2,111,17,502.0,53.0
1791395587.961629,verification,4,tum-desk2,111,17,480.0,27.0
1791395588.9864125,verification,4,tum-desk2,111,17,500.0,34.0
1791395590.0113204,verification,4,tum-desk2,111,17,522.0,30.0
1791395591.0358133,verification,4,tum-desk2,111,17,522.0,46.0
1791395592.0596104,verification,4,tum-desk2,111,17,502.0,45.0
1791395593.083499,verification,4,tum-desk2,111,17,504.0,6.0
1791395594.1070635,verification,4,tum-desk2,111,17,504.0,3.0
1791395595.131177,verification,4,tum-desk2,111,17,544.0,32.0
1791395596.1558414,verification,4,tum-desk2,111,17,568.0,36.0
1791395597.1804364,verification,4,tum-desk2,111,17,570.0,36.0
1791395598.2044363,verification,4,tum-desk2,111,17,570.0,39.0
1791395599.2283032,verification,4,tum-desk2,111,17,552.0,48.0
1791395600.2518823,verification,4,tum-desk2,111,17,526.0,34.0
1791395601.2756886,verification,4,tum-desk2,111,17,550.0,48.0
1791395602.2984269,verification,4,tum-desk2,111,17,552.0,58.0
1791395603.3212433,verification,4,tum-desk2,111,17,552.0,49.0
1791395604.3446398,verification,4,tum-desk2,111,17,552.0,49.0
1791395605.3675084,verification,4,tum-desk2,111,17,552.0,9.0
1791395606.3908374,verification,4,tum-desk2,111,17,552.0,2.0
1791395607.4162443,verification,4,tum-desk2,111,17,614.0,35.0
1791395608.4397125,verification,4,tum-desk2,111,17,618.0,36.0
1791395609.464354,verification,4,tum-desk2,111,17,642.0,39.0
1791395610.488153,verification,4,tum-desk2,111,17,650.0,38.0
1791395611.513165,verification,4,tum-desk2,111,17,584.0,44.0
1791395612.5390055,verification,4,tum-desk2,111,17,612.0,59.0
1791395613.5629563,verification,4,tum-desk2,111,17,642.0,50.0
1791395614.5881722,verification,4,tum-desk2,111,17,642.0,35.0
1791395615.6121583,verification,4,tum-desk2,111,17,704.0,47.0
1791395616.6367772,verification,4,tum-desk2,111,17,704.0,50.0
1791395617.661388,verification,4,tum-desk2,111,17,706.0,40.0
1791395618.6855206,verification,4,tum-desk2,111,17,706.0,48.0
1791395619.7091691,verification,4,tum-desk2,111,17,706.0,15.0
1791395620.733093,verification,4,tum-desk2,111,17,708.0,10.0
1791395630.7630613,replay_control,1,tum-desk,time_pose_control,7,3.0,0.0
1791395631.7893112,replay_control,1,tum-desk,time_pose_control,7,3.0,0.0
1791395632.8162491,replay_control,1,tum-desk,time_pose_control,7,3.0,0.0
1791395633.8416743,replay_control,1,tum-desk,time_pose_control,7,3.0,0.0
1791395634.867538,replay_control,1,tum-desk,time_pose_control,7,3.0,0.0
1791395635.8930914,replay_control,1,tum-desk,time_pose_control,7,3.0,0.0
1791395636.9153974,replay_control,1,tum-desk,time_pose_control,7,216.0,0.0
1791395637.9383812,replay_control,1,tum-desk,time_pose_control,7,316.0,2.0
1791395638.9616704,replay_control,1,tum-desk,time_pose_control,7,342.0,40.0
1791395639.9844375,replay_control,1,tum-desk,time_pose_control,7,346.0,37.0
1791395641.008365,replay_control,1,tum-desk,time_pose_control,7,350.0,44.0
1791395642.0315845,replay_control,1,tum-desk,time_pose_control,7,370.0,44.0
1791395643.0551329,replay_control,1,tum-desk,time_pose_control,7,372.0,40.0
1791395644.0800984,replay_control,1,tum-desk,time_pose_control,7,408.0,37.0
1791395645.1040626,replay_control,1,tum-desk,time_pose_control,7,430.0,53.0
1791395646.1286323,replay_control,1,tum-desk,time_pose_control,7,410.0,55.0
1791395647.1530364,replay_control,1,tum-desk,time_pose_control,7,422.0,52.0
1791395648.1764667,replay_control,1,tum-desk,time_pose_control,7,424.0,42.0
1791395649.2001257,replay_control,1,tum-desk,time_pose_control,7,422.0,50.0
1791395650.2246594,replay_control,1,tum-desk,time_pose_control,7,434.0,25.0
1791395651.2497303,replay_control,1,tum-desk,time_pose_control,7,466.0,35.0
1791395652.2743807,replay_control,1,tum-desk,time_pose_control,7,460.0,38.0
1791395653.2983708,replay_control,1,tum-desk,time_pose_control,7,456.0,38.0
1791395654.3221827,replay_control,1,tum-desk,time_pose_control,7,454.0,32.0
1791395655.346411,replay_control,1,tum-desk,time_pose_control,7,456.0,51.0
1791395656.3706665,replay_control,1,tum-desk,time_pose_control,7,452.0,26.0
1791395657.395444,replay_control,1,tum-desk,time_pose_control,7,446.0,46.0
1791395658.420866,replay_control,1,tum-desk,time_pose_control,7,448.0,38.0
1791395659.4450219,replay_control,1,tum-desk,time_pose_control,7,448.0,1.0
1791395660.469565,replay_control,1,tum-desk,time_pose_control,7,522.0,33.0
1791395661.4933167,replay_control,1,tum-desk,time_pose_control,7,482.0,38.0
1791395662.519679,replay_control,1,tum-desk,time_pose_control,7,526.0,42.0
1791395663.543588,replay_control,1,tum-desk,time_pose_control,7,532.0,31.0
1791395664.568856,replay_control,1,tum-desk,time_pose_control,7,534.0,43.0
1791395665.5958774,replay_control,1,tum-desk,time_pose_control,7,514.0,36.0
1791395666.6200984,replay_control,1,tum-desk,time_pose_control,7,518.0,36.0
1791395667.644772,replay_control,1,tum-desk,time_pose_control,7,518.0,42.0
1791395668.671325,replay_control,1,tum-desk,time_pose_control,7,530.0,46.0
1791395669.6959958,replay_control,1,tum-desk,time_pose_control,7,532.0,31.0
1791395670.7204762,replay_control,1,tum-desk,time_pose_control,7,534.0,1.0
1791395671.7459505,replay_control,1,tum-desk,time_pose_control,7,652.0,34.0
1791395672.7715287,replay_control,1,tum-desk,time_pose_control,7,654.0,41.0
1791395673.7972877,replay_control,1,tum-desk,time_pose_control,7,574.0,41.0
1791395674.8224783,replay_control,1,tum-desk,time_pose_control,7,574.0,44.0
1791395675.8470297,replay_control,1,tum-desk,time_pose_control,7,582.0,48.0
1791395676.8720138,replay_control,1,tum-desk,time_pose_control,7,552.0,43.0
1791395677.8977816,replay_control,1,tum-desk,time_pose_control,7,584.0,35.0
1791395678.9215622,replay_control,1,tum-desk,time_pose_control,7,582.0,41.0
1791395679.9462216,replay_control,1,tum-desk,time_pose_control,7,584.0,46.0
1791395680.970298,replay_control,1,tum-desk,time_pose_control,7,612.0,44.0
1791395681.995362,replay_control,1,tum-desk,time_pose_control,7,612.0,38.0
1791395683.018425,replay_control,1,tum-desk,time_pose_control,7,620.0,4.0
1791395684.0413978,replay_control,1,tum-desk,time_pose_control,7,620.0,11.0
1791395685.0649118,replay_control,1,tum-desk,time_pose_control,7,654.0,42.0
1791395686.08985,replay_control,1,tum-desk,time_pose_control,7,654.0,48.0
1791395687.116279,replay_control,1,tum-desk,time_pose_control,7,630.0,37.0
1791395688.1399221,replay_control,1,tum-desk,time_pose_control,7,634.0,49.0
1791395689.1666534,replay_control,1,tum-desk,time_pose_control,7,634.0,45.0
1791395690.191423,replay_control,1,tum-desk,time_pose_control,7,612.0,53.0
1791395691.2161705,replay_control,1,tum-desk,time_pose_control,7,612.0,35.0
1791395692.2408943,replay_control,1,tum-desk,time_pose_control,7,612.0,50.0
1791395693.267801,replay_control,1,tum-desk,time_pose_control,7,614.0,54.0
1791395694.2934492,replay_control,1,tum-desk,time_pose_control,7,614.0,57.0
1791395695.31806,replay_control,1,tum-desk,time_pose_control,7,614.0,44.0
1791395696.341879,replay_control,1,tum-desk,time_pose_control,7,618.0,0.0
1791395697.3659546,replay_control,1,tum-desk,time_pose_control,7,618.0,13.0
1791395698.3895288,replay_control,1,tum-desk,time_pose_control,7,606.0,0.0
1791395699.4129977,replay_control,1,tum-desk,time_pose_control,7,3.0,0.0
1791395700.4387577,replay_control,2,tum-desk,time_pose_control,17,3.0,0.0
1791395701.4637704,replay_control,2,tum-desk,time_pose_control,17,3.0,0.0
1791395702.488614,replay_control,2,tum-desk,time_pose_control,17,3.0,0.0
1791395703.5134776,replay_control,2,tum-desk,time_pose_control,17,3.0,0.0
1791395704.539045,replay_control,2,tum-desk,time_pose_control,17,3.0,0.0
1791395705.5645304,replay_control,2,tum-desk,time_pose_control,17,3.0,0.0
1791395706.5874608,replay_control,2,tum-desk,time_pose_control,17,216.0,0.0
1791395707.610792,replay_control,2,tum-desk,time_pose_control,17,290.0,0.0
1791395708.6336665,replay_control,2,tum-desk,time_pose_control,17,342.0,32.0
1791395709.6565406,replay_control,2,tum-desk,time_pose_control,17,366.0,36.0
1791395710.6799662,replay_control,2,tum-desk,time_pose_control,17,370.0,42.0
1791395711.702937,replay_control,2,tum-desk,time_pose_control,17,374.0,44.0
1791395712.7261279,replay_control,2,tum-desk,time_pose_control,17,372.0,39.0
1791395713.7498085,replay_control,2,tum-desk,time_pose_control,17,410.0,49.0
1791395714.7732468,replay_control,2,tum-desk,time_pose_control,17,428.0,58.0
1791395715.7964845,replay_control,2,tum-desk,time_pose_control,17,410.0,56.0
1791395716.8197763,replay_control,2,tum-desk,time_pose_control,17,410.0,39.0
1791395717.842819,replay_control,2,tum-desk,time_pose_control,17,408.0,48.0
1791395718.8669856,replay_control,2,tum-desk,time_pose_control,17,430.0,42.0
1791395719.8907018,replay_control,2,tum-desk,time_pose_control,17,432.0,1.0
1791395720.9149477,replay_control,2,tum-desk,time_pose_control,17,460.0,54.0
1791395721.938182,replay_control,2,tum-desk,time_pose_control,17,460.0,46.0
1791395722.9615767,replay_control,2,tum-desk,time_pose_control,17,474.0,27.0
1791395723.9858327,replay_control,2,tum-desk,time_pose_control,17,474.0,41.0
1791395725.0093164,replay_control,2,tum-desk,time_pose_control,17,454.0,51.0
1791395726.033228,replay_control,2,tum-desk,time_pose_control,17,450.0,41.0
1791395727.0571284,replay_control,2,tum-desk,time_pose_control,17,464.0,41.0
1791395728.0797825,replay_control,2,tum-desk,time_pose_control,17,466.0,41.0
1791395729.1033287,replay_control,2,tum-desk,time_pose_control,17,470.0,7.0
1791395730.1282473,replay_control,2,tum-desk,time_pose_control,17,520.0,30.0
1791395731.1535442,replay_control,2,tum-desk,time_pose_control,17,520.0,45.0
1791395732.1771379,replay_control,2,tum-desk,time_pose_control,17,526.0,48.0
1791395733.2021272,replay_control,2,tum-desk,time_pose_control,17,512.0,37.0
1791395734.2251801,replay_control,2,tum-desk,time_pose_control,17,512.0,38.0
1791395735.249514,replay_control,2,tum-desk,time_pose_control,17,512.0,49.0
1791395736.272957,replay_control,2,tum-desk,time_pose_control,17,514.0,37.0
1791395737.2965,replay_control,2,tum-desk,time_pose_control,17,514.0,28.0
1791395738.32048,replay_control,2,tum-desk,time_pose_control,17,514.0,35.0
1791395739.3437462,replay_control,2,tum-desk,time_pose_control,17,534.0,35.0
1791395740.3671703,replay_control,2,tum-desk,time_pose_control,17,540.0,4.0
1791395741.3898094,replay_control,2,tum-desk,time_pose_control,17,540.0,0.0
1791395742.413054,replay_control,2,tum-desk,time_pose_control,17,578.0,47.0
1791395743.438362,replay_control,2,tum-desk,time_pose_control,17,578.0,39.0
1791395744.4625235,replay_control,2,tum-desk,time_pose_control,17,602.0,35.0
1791395745.486586,replay_control,2,tum-desk,time_pose_control,17,574.0,39.0
1791395746.5107105,replay_control,2,tum-desk,time_pose_control,17,586.0,26.0
1791395747.5342855,replay_control,2,tum-desk,time_pose_control,17,558.0,46.0
1791395748.5595875,replay_control,2,tum-desk,time_pose_control,17,588.0,52.0
1791395749.5825393,replay_control,2,tum-desk,time_pose_control,17,610.0,48.0
1791395750.6082814,replay_control,2,tum-desk,time_pose_control,17,610.0,46.0
1791395751.631077,replay_control,2,tum-desk,time_pose_control,17,588.0,62.0
1791395752.657152,replay_control,2,tum-desk,time_pose_control,17,588.0,30.0
1791395753.681026,replay_control,2,tum-desk,time_pose_control,17,592.0,2.0
1791395754.7035058,replay_control,2,tum-desk,time_pose_control,17,592.0,0.0
1791395755.7276936,replay_control,2,tum-desk,time_pose_control,17,604.0,50.0
1791395756.7516847,replay_control,2,tum-desk,time_pose_control,17,634.0,45.0
1791395757.7779825,replay_control,2,tum-desk,time_pose_control,17,636.0,49.0
1791395758.8018725,replay_control,2,tum-desk,time_pose_control,17,538.0,56.0
1791395759.824507,replay_control,2,tum-desk,time_pose_control,17,606.0,47.0
1791395760.8481615,replay_control,2,tum-desk,time_pose_control,17,610.0,42.0
1791395761.8729086,replay_control,2,tum-desk,time_pose_control,17,610.0,29.0
1791395762.8993359,replay_control,2,tum-desk,time_pose_control,17,610.0,40.0
1791395763.922681,replay_control,2,tum-desk,time_pose_control,17,610.0,46.0
1791395764.9495234,replay_control,2,tum-desk,time_pose_control,17,610.0,30.0
1791395765.9744349,replay_control,2,tum-desk,time_pose_control,17,610.0,37.0
1791395766.9979663,replay_control,2,tum-desk,time_pose_control,17,614.0,17.0
1791395768.0213017,replay_control,2,tum-desk,time_pose_control,17,614.0,2.0
1791395769.0449715,replay_control,2,tum-desk,time_pose_control,17,602.0,0.0
1791395770.0675457,replay_control,3,kitchen,time_pose_control,7,3.0,0.0
1791395771.092788,replay_control,3,kitchen,time_pose_control,7,3.0,0.0
1791395772.1173384,replay_control,3,kitchen,time_pose_control,7,3.0,0.0
1791395773.1422064,replay_control,3,kitchen,time_pose_control,7,3.0,0.0
1791395774.1646204,replay_control,3,kitchen,time_pose_control,7,216.0,0.0
1791395775.1875572,replay_control,3,kitchen,time_pose_control,7,320.0,4.0
1791395776.2108557,replay_control,3,kitchen,time_pose_control,7,322.0,31.0
1791395777.234388,replay_control,3,kitchen,time_pose_control,7,326.0,17.0
1791395778.257449,replay_control,3,kitchen,time_pose_control,7,352.0,32.0
1791395779.2802162,replay_control,3,kitchen,time_pose_control,7,352.0,22.0
1791395780.3038714,replay_control,3,kitchen,time_pose_control,7,352.0,48.0
1791395781.3271794,replay_control,3,kitchen,time_pose_control,7,354.0,37.0
1791395782.3510563,replay_control,3,kitchen,time_pose_control,7,412.0,34.0
1791395783.3742723,replay_control,3,kitchen,time_pose_control,7,412.0,22.0
1791395784.397851,replay_control,3,kitchen,time_pose_control,7,414.0,23.0
1791395785.4208088,replay_control,3,kitchen,time_pose_control,7,392.0,30.0
1791395786.4436727,replay_control,3,kitchen,time_pose_control,7,404.0,20.0
1791395787.4665415,replay_control,3,kitchen,time_pose_control,7,404.0,17.0
1791395788.4897277,replay_control,3,kitchen,time_pose_control,7,406.0,17.0
1791395789.5138884,replay_control,3,kitchen,time_pose_control,7,408.0,21.0
1791395790.5374675,replay_control,3,kitchen,time_pose_control,7,408.0,21.0
1791395791.5611274,replay_control,3,kitchen,time_pose_control,7,410.0,18.0
1791395792.58425,replay_control,3,kitchen,time_pose_control,7,416.0,7.0
1791395793.6063735,replay_control,3,kitchen,time_pose_control,7,416.0,0.0
1791395794.630527,replay_control,3,kitchen,time_pose_control,7,468.0,27.0
1791395795.6532285,replay_control,3,kitchen,time_pose_control,7,462.0,22.0
1791395796.6774042,replay_control,3,kitchen,time_pose_control,7,464.0,21.0
1791395797.7004194,replay_control,3,kitchen,time_pose_control,7,446.0,37.0
1791395798.7245378,replay_control,3,kitchen,time_pose_control,7,448.0,35.0
1791395799.747225,replay_control,3,kitchen,time_pose_control,7,452.0,32.0
1791395800.7702265,replay_control,3,kitchen,time_pose_control,7,452.0,30.0
1791395801.7934074,replay_control,3,kitchen,time_pose_control,7,458.0,24.0
1791395802.817594,replay_control,3,kitchen,time_pose_control,7,458.0,23.0
1791395803.841001,replay_control,3,kitchen,time_pose_control,7,482.0,26.0
1791395804.8682153,replay_control,3,kitchen,time_pose_control,7,482.0,5.0
1791395805.8962479,replay_control,3,kitchen,time_pose_control,7,484.0,0.0
1791395806.9191391,replay_control,3,kitchen,time_pose_control,7,484.0,1.0
1791395807.9432852,replay_control,3,kitchen,time_pose_control,7,510.0,29.0
1791395808.9664793,replay_control,3,kitchen,time_pose_control,7,510.0,32.0
1791395809.9907727,replay_control,3,kitchen,time_pose_control,7,504.0,34.0
1791395811.0142088,replay_control,3,kitchen,time_pose_control,7,524.0,39.0
1791395812.037668,replay_control,3,kitchen,time_pose_control,7,564.0,40.0
1791395813.0628445,replay_control,3,kitchen,time_pose_control,7,568.0,42.0
1791395814.086796,replay_control,3,kitchen,time_pose_control,7,508.0,26.0
1791395815.1122153,replay_control,3,kitchen,time_pose_control,7,508.0,36.0
1791395816.1371603,replay_control,3,kitchen,time_pose_control,7,510.0,28.0
1791395817.1623094,replay_control,3,kitchen,time_pose_control,7,512.0,33.0
1791395818.187264,replay_control,3,kitchen,time_pose_control,7,516.0,29.0
1791395819.2115939,replay_control,3,kitchen,time_pose_control,7,516.0,26.0
1791395820.2357914,replay_control,3,kitchen,time_pose_control,7,516.0,2.0
1791395821.2594624,replay_control,3,kitchen,time_pose_control,7,516.0,11.0
1791395822.2875655,replay_control,3,kitchen,time_pose_control,7,516.0,2.0
1791395823.311733,replay_control,3,kitchen,time_pose_control,7,590.0,24.0
1791395824.3374128,replay_control,3,kitchen,time_pose_control,7,596.0,41.0
1791395825.3618782,replay_control,3,kitchen,time_pose_control,7,528.0,34.0
1791395826.385591,replay_control,3,kitchen,time_pose_control,7,558.0,38.0
1791395827.4124458,replay_control,3,kitchen,time_pose_control,7,604.0,32.0
1791395828.4366214,replay_control,3,kitchen,time_pose_control,7,606.0,40.0
1791395829.4597132,replay_control,3,kitchen,time_pose_control,7,550.0,34.0
1791395830.4843585,replay_control,3,kitchen,time_pose_control,7,580.0,34.0
1791395831.5096831,replay_control,3,kitchen,time_pose_control,7,560.0,42.0
1791395832.532948,replay_control,3,kitchen,time_pose_control,7,562.0,50.0
1791395833.5568178,replay_control,3,kitchen,time_pose_control,7,586.0,38.0
1791395834.581527,replay_control,3,kitchen,time_pose_control,7,586.0,41.0
1791395835.6084583,replay_control,3,kitchen,time_pose_control,7,586.0,15.0
1791395836.6375434,replay_control,3,kitchen,time_pose_control,7,586.0,2.0
1791395837.6600902,replay_control,3,kitchen,time_pose_control,7,586.0,2.0
1791395838.6834092,replay_control,3,kitchen,time_pose_control,7,586.0,2.0
1791395839.705843,replay_control,3,kitchen,time_pose_control,7,586.0,0.0
1791395840.7294812,replay_control,3,kitchen,time_pose_control,7,636.0,38.0
1791395841.7550733,replay_control,3,kitchen,time_pose_control,7,636.0,42.0
1791395842.7799356,replay_control,3,kitchen,time_pose_control,7,608.0,44.0
1791395843.805558,replay_control,3,kitchen,time_pose_control,7,610.0,54.0
1791395844.829469,replay_control,3,kitchen,time_pose_control,7,612.0,33.0
1791395845.8526359,replay_control,3,kitchen,time_pose_control,7,612.0,35.0
1791395846.87991,replay_control,3,kitchen,time_pose_control,7,624.0,53.0
1791395847.90372,replay_control,3,kitchen,time_pose_control,7,628.0,38.0
1791395848.928422,replay_control,3,kitchen,time_pose_control,7,626.0,47.0
1791395849.9525623,replay_control,3,kitchen,time_pose_control,7,626.0,58.0
1791395850.9772205,replay_control,3,kitchen,time_pose_control,7,626.0,42.0
1791395852.0019205,replay_control,3,kitchen,time_pose_control,7,626.0,36.0
1791395853.0256221,replay_control,3,kitchen,time_pose_control,7,626.0,16.0
1791395854.0520217,replay_control,3,kitchen,time_pose_control,7,626.0,0.0
1791395855.074754,replay_control,3,kitchen,time_pose_control,7,626.0,12.0
1791395856.0978544,replay_control,3,kitchen,time_pose_control,7,626.0,20.0
1791395857.1265264,replay_control,3,kitchen,time_pose_control,7,626.0,2.0
1791395858.1498203,replay_control,3,kitchen,time_pose_control,7,626.0,0.0
1791395859.172993,replay_control,4,kitchen,time_pose_control,17,3.0,0.0
1791395860.2001064,replay_control,4,kitchen,time_pose_control,17,3.0,0.0
1791395861.2248828,replay_control,4,kitchen,time_pose_control,17,3.0,0.0
1791395862.2500844,replay_control,4,kitchen,time_pose_control,17,3.0,0.0
1791395863.272969,replay_control,4,kitchen,time_pose_control,17,216.0,3.0
1791395864.2958355,replay_control,4,kitchen,time_pose_control,17,246.0,0.0
1791395865.3194048,replay_control,4,kitchen,time_pose_control,17,320.0,17.0
1791395866.342687,replay_control,4,kitchen,time_pose_control,17,326.0,18.0
1791395867.366281,replay_control,4,kitchen,time_pose_control,17,350.0,41.0
1791395868.3891943,replay_control,4,kitchen,time_pose_control,17,350.0,34.0
1791395869.412261,replay_control,4,kitchen,time_pose_control,17,354.0,43.0
1791395870.4358702,replay_control,4,kitchen,time_pose_control,17,354.0,32.0
1791395871.459156,replay_control,4,kitchen,time_pose_control,17,356.0,3.0
1791395872.4829214,replay_control,4,kitchen,time_pose_control,17,392.0,25.0
1791395873.5058393,replay_control,4,kitchen,time_pose_control,17,392.0,21.0
1791395874.5296712,replay_control,4,kitchen,time_pose_control,17,412.0,34.0
1791395875.553325,replay_control,4,kitchen,time_pose_control,17,412.0,24.0
1791395876.5775177,replay_control,4,kitchen,time_pose_control,17,414.0,22.0
1791395877.6013596,replay_control,4,kitchen,time_pose_control,17,416.0,25.0
1791395878.626306,replay_control,4,kitchen,time_pose_control,17,412.0,30.0
1791395879.6494353,replay_control,4,kitchen,time_pose_control,17,416.0,16.0
1791395880.6724577,replay_control,4,kitchen,time_pose_control,17,416.0,26.0
1791395881.6960158,replay_control,4,kitchen,time_pose_control,17,416.0,19.0
1791395882.7234604,replay_control,4,kitchen,time_pose_control,17,422.0,1.0
1791395883.7470725,replay_control,4,kitchen,time_pose_control,17,474.0,0.0
1791395884.771021,replay_control,4,kitchen,time_pose_control,17,476.0,24.0
1791395885.794619,replay_control,4,kitchen,time_pose_control,17,442.0,22.0
1791395886.81791,replay_control,4,kitchen,time_pose_control,17,458.0,43.0
1791395887.8416188,replay_control,4,kitchen,time_pose_control,17,462.0,35.0
1791395888.864988,replay_control,4,kitchen,time_pose_control,17,462.0,29.0
1791395889.8883104,replay_control,4,kitchen,time_pose_control,17,462.0,22.0
1791395890.9125016,replay_control,4,kitchen,time_pose_control,17,462.0,22.0
1791395891.9362748,replay_control,4,kitchen,time_pose_control,17,464.0,31.0
1791395892.9609642,replay_control,4,kitchen,time_pose_control,17,458.0,36.0
1791395893.984028,replay_control,4,kitchen,time_pose_control,17,460.0,21.0
1791395895.007356,replay_control,4,kitchen,time_pose_control,17,464.0,3.0
1791395896.030869,replay_control,4,kitchen,time_pose_control,17,466.0,5.0
1791395897.0535219,replay_control,4,kitchen,time_pose_control,17,466.0,3.0
1791395898.0766132,replay_control,4,kitchen,time_pose_control,17,518.0,26.0
1791395899.099401,replay_control,4,kitchen,time_pose_control,17,518.0,34.0
1791395900.122541,replay_control,4,kitchen,time_pose_control,17,510.0,26.0
1791395901.1457386,replay_control,4,kitchen,time_pose_control,17,510.0,26.0
1791395902.1690588,replay_control,4,kitchen,time_pose_control,17,512.0,46.0
1791395903.192183,replay_control,4,kitchen,time_pose_control,17,512.0,26.0
1791395904.216104,replay_control,4,kitchen,time_pose_control,17,496.0,28.0
1791395905.2393038,replay_control,4,kitchen,time_pose_control,17,518.0,29.0
1791395906.262939,replay_control,4,kitchen,time_pose_control,17,520.0,35.0
1791395907.2882874,replay_control,4,kitchen,time_pose_control,17,522.0,40.0
1791395908.311414,replay_control,4,kitchen,time_pose_control,17,520.0,39.0
1791395909.3349319,replay_control,4,kitchen,time_pose_control,17,520.0,36.0
1791395910.358474,replay_control,4,kitchen,time_pose_control,17,520.0,0.0
1791395911.3816814,replay_control,4,kitchen,time_pose_control,17,520.0,4.0
1791395912.4081159,replay_control,4,kitchen,time_pose_control,17,520.0,2.0
1791395913.4309268,replay_control,4,kitchen,time_pose_control,17,482.0,0.0
1791395914.4539342,replay_control,4,kitchen,time_pose_control,17,564.0,40.0
1791395915.4783423,replay_control,4,kitchen,time_pose_control,17,558.0,47.0
1791395916.5021596,replay_control,4,kitchen,time_pose_control,17,588.0,33.0
1791395917.5262492,replay_control,4,kitchen,time_pose_control,17,556.0,53.0
1791395918.550858,replay_control,4,kitchen,time_pose_control,17,562.0,38.0
1791395919.575162,replay_control,4,kitchen,time_pose_control,17,560.0,31.0
1791395920.5991147,replay_control,4,kitchen,time_pose_control,17,562.0,27.0
1791395921.6230242,replay_control,4,kitchen,time_pose_control,17,556.0,38.0
1791395922.646451,replay_control,4,kitchen,time_pose_control,17,560.0,35.0
1791395923.6699457,replay_control,4,kitchen,time_pose_control,17,544.0,40.0
1791395924.693129,replay_control,4,kitchen,time_pose_control,17,568.0,31.0
1791395925.7190986,replay_control,4,kitchen,time_pose_control,17,568.0,0.0
1791395926.7422628,replay_control,4,kitchen,time_pose_control,17,568.0,4.0
1791395927.7682045,replay_control,4,kitchen,time_pose_control,17,568.0,0.0
1791395928.7913728,replay_control,4,kitchen,time_pose_control,17,568.0,10.0
1791395929.813989,replay_control,4,kitchen,time_pose_control,17,568.0,3.0
1791395930.8370972,replay_control,4,kitchen,time_pose_control,17,610.0,31.0
1791395931.8615205,replay_control,4,kitchen,time_pose_control,17,640.0,44.0
1791395932.8873036,replay_control,4,kitchen,time_pose_control,17,614.0,43.0
1791395933.9124296,replay_control,4,kitchen,time_pose_control,17,618.0,27.0
1791395934.9396799,replay_control,4,kitchen,time_pose_control,17,618.0,40.0
1791395935.9642334,replay_control,4,kitchen,time_pose_control,17,598.0,38.0
1791395936.9886374,replay_control,4,kitchen,time_pose_control,17,626.0,41.0
1791395938.0132396,replay_control,4,kitchen,time_pose_control,17,626.0,39.0
1791395939.0378282,replay_control,4,kitchen,time_pose_control,17,628.0,33.0
1791395940.0640254,replay_control,4,kitchen,time_pose_control,17,644.0,49.0
1791395941.0869908,replay_control,4,kitchen,time_pose_control,17,644.0,40.0
1791395942.1098607,replay_control,4,kitchen,time_pose_control,17,644.0,33.0
1791395943.1336057,replay_control,4,kitchen,time_pose_control,17,646.0,35.0
1791395944.1607742,replay_control,4,kitchen,time_pose_control,17,646.0,2.0
1791395945.1840718,replay_control,4,kitchen,time_pose_control,17,646.0,27.0
1791395946.2075405,replay_control,4,kitchen,time_pose_control,17,646.0,2.0
1791395947.2320995,replay_control,4,kitchen,time_pose_control,17,646.0,2.0
1791395948.2552786,replay_control,4,kitchen,time_pose_control,17,646.0,30.0
1791395949.279037,replay_control,4,kitchen,time_pose_control,17,646.0,0.0
1791396198.399473,replay_control,1,tum-desk,time_pose_control,7,3.0,0.0
1791396199.4250982,replay_control,1,tum-desk,time_pose_control,7,3.0,0.0
